#id_node              x              y              z
0            -50.000000     -50.000000     -50.000000
1            -50.000000     -40.000000     -50.000000
2            -50.000000     -45.000000     -50.000000
3            -46.339746     -46.339746     -50.000000
4            -40.000000     -50.000000     -50.000000
5            -45.000000     -50.000000     -50.000000
6            -50.000000     -35.000000     -50.000000
7            -35.000000     -50.000000     -50.000000
8            -50.000000     -46.339746     -46.339746
9            -46.339746     -50.000000     -46.339746
10           -50.000000     -50.000000     -45.000000
11           -50.000000     -50.000000     -40.000000
12           -30.000000     -50.000000     -50.000000
13           -50.000000     -25.000000     -50.000000
14           -50.000000     -42.306624     -45.781518
15           -50.000000     -37.462399     -45.691582
16           -45.781518     -42.306624     -50.000000
17           -45.694165     -37.480327     -50.000000
18           -37.467771     -50.000000     -45.688481
19           -37.354785     -46.670982     -50.000000
20           -45.284895     -44.430556     -45.284895
21           -41.864915     -45.389808     -50.000000
22           -42.306624     -50.000000     -45.781518
23           -50.000000     -32.500000     -45.669873
24           -50.000000     -34.988362     -41.346465
25           -50.000000     -30.000000     -50.000000
26           -45.669873     -32.500000     -50.000000
27           -41.360567     -39.983138     -50.000000
28           -32.500000     -50.000000     -45.669873
29           -27.737665     -46.743199     -50.000000
30           -37.072572     -42.448510     -50.000000
31           -37.009619     -37.500000     -50.000000
32           -32.546010     -45.557285     -50.000000
33           -32.698015     -40.259731     -50.000000
34           -25.000000     -50.000000     -50.000000
35           -20.000000     -50.000000     -50.000000
36           -50.000000     -15.000000     -50.000000
37           -50.000000     -20.000000     -50.000000
38           -27.961000     -42.802981     -50.000000
39           -50.000000     -50.000000     -35.000000
40           -50.000000     -50.000000     -30.000000
41           -50.000000     -45.394968     -41.855605
42           -45.394201     -50.000000     -41.856048
43           -50.000000     -46.650635     -37.500000
44           -46.660959     -50.000000     -37.443340
45           -50.000000     -39.967771     -41.358354
46           -50.000000     -42.500000     -37.009619
47           -50.000000     -37.500000     -37.009619
48           -27.499983     -50.000000     -45.669863
49           -23.181313     -45.355731     -50.000000
50           -45.675676     -22.498735     -50.000000
51           -50.000000     -27.500000     -45.669873
52           -45.666608     -27.507234     -50.000000
53           -50.000000     -22.500000     -45.669873
54           -44.148902     -36.726827     -44.152926
55           -41.353029     -35.092203     -50.000000
56           -50.000000     -30.000000     -41.339746
57           -50.000000     -27.500000     -37.009619
58           -34.987317     -50.000000     -41.340899
59           -29.997584     -50.000000     -41.339389
60           -32.500164     -50.000000     -37.002907
61           -39.962399     -50.000000     -41.361455
62           -37.493733     -50.000000     -36.976223
63           -42.500000     -50.000000     -37.009619
64           -36.533221     -44.412354     -43.340290
65           -42.028991     -42.029890     -42.025166
66           -50.000000     -32.500000     -37.009619
67           -45.362730     -34.289159     -38.865349
68           -45.311291     -30.000000     -45.306852
69           -41.285996     -30.058230     -50.000000
70           -37.990431     -36.597259     -43.660862
71           -37.143069     -32.994987     -50.000000
72           -33.084322     -35.701187     -50.000000
73           -27.448035     -44.527824     -44.750827
74           -33.056718     -37.944614     -45.164340
75           -31.238970     -41.701041     -41.847356
76           -33.737261     -31.458548     -50.000000
77           -31.861382     -28.261959     -50.000000
78           -29.944569     -32.470403     -50.000000
79           -28.143614     -37.593976     -50.000000
80           -15.000000     -50.000000     -50.000000
81           -10.000000     -50.000000     -50.000000
82           -50.000000     -10.000000     -50.000000
83           -50.000000      -5.000000     -50.000000
84           -41.373904     -24.985177     -50.000000
85           -36.652961     -27.864204     -50.000000
86           -50.000000     -25.000000     -41.339746
87           -17.500000     -45.669873     -50.000000
88           -22.500000     -50.000000     -45.669873
89           -17.500000     -50.000000     -45.669873
90            -5.000000     -50.000000     -50.000000
91            15.000000     -50.000000     -50.000000
92           -45.669873     -17.500000     -50.000000
93           -45.669873     -12.500000     -50.000000
94           -50.000000     -12.500000     -45.669873
95           -50.000000     -17.500000     -45.669873
96           -50.000000     -20.000000     -41.339746
97           -50.000000     -15.000000     -41.339746
98           -45.093578     -19.799874     -45.093578
99           -41.343672     -20.000000     -50.000000
100          -41.363305     -15.000000     -50.000000
101          -24.308192     -40.940331     -50.000000
102          -15.000525     -41.340257     -50.000000
103          -20.000000     -41.339746     -50.000000
104          -22.500000     -37.009619     -50.000000
105          -50.000000     -45.556738     -32.554947
106          -45.557285     -50.000000     -32.546010
107          -46.704150     -50.000000     -27.696982
108          -50.000000     -46.687329     -27.720877
109          -50.000000     -50.000000     -25.000000
110          -50.000000     -35.000000     -32.679492
111          -50.000000     -50.000000     -20.000000
112          -50.000000     -50.000000     -15.000000
113          -44.408891     -44.408891     -35.063253
114          -43.587420     -38.296833     -35.876050
115          -50.000000     -40.126239     -32.658734
116          -40.150404     -50.000000     -32.577471
117          -42.664190     -50.000000     -27.874186
118          -50.000000     -42.598628     -27.922080
119          -50.000000     -37.536629     -28.267831
120          -37.653481     -50.000000     -28.213781
121          -50.000000     -50.000000       5.000000
122          -50.000000     -50.000000      -0.000000
123          -32.436945     -50.000000     -28.295325
124          -24.999896     -50.000000     -41.339686
125          -19.999888     -50.000000     -41.339681
126          -22.499891     -42.967071     -42.783099
127          -22.499487     -50.000000     -37.009323
128          -27.498310     -50.000000     -37.006395
129          -24.997363     -50.000000     -32.677970
130          -22.500000     -50.000000     -28.349365
131          -50.000000     -25.000000     -32.679492
132          -50.000000     -30.000000     -32.679492
133          -50.000000     -22.500000     -37.009619
134          -43.117724     -24.474861     -43.109893
135          -41.739488     -31.679744     -41.731037
136          -43.969134     -27.793570     -37.635271
137          -32.690986     -44.693976     -37.657718
138          -26.788624     -44.345091     -38.839692
139          -29.993114     -50.000000     -32.662027
140          -35.032636     -50.000000     -32.622281
141          -37.353601     -43.589293     -35.278899
142          -36.189202     -45.373515     -30.524667
143          -37.258683     -37.259274     -37.258683
144          -42.384828     -32.200126     -33.772473
145          -40.024303     -36.605876     -32.583418
146          -36.788504     -31.952916     -39.070963
147          -29.769698     -24.178781     -50.000000
148          -36.404917     -28.314585     -43.476007
149          -33.848144     -24.843733     -50.000000
150          -37.210638     -22.411061     -50.000000
151          -27.467149     -28.368332     -50.000000
152          -32.483527     -33.437162     -42.376571
153          -29.730489     -37.097853     -39.764164
154          -26.110564     -35.347386     -43.779328
155          -29.686521     -29.234503     -44.889020
156          -25.113488     -32.789964     -50.000000
157          -12.500000     -37.009619     -50.000000
158          -10.000000     -41.339746     -50.000000
159          -12.499999     -50.000000     -45.669873
160          -12.500000     -45.669873     -50.000000
161           -7.500000     -45.669873     -50.000000
162           -7.500000     -50.000000     -45.669873
163           10.000000     -50.000000     -50.000000
164            5.000000     -50.000000     -50.000000
165           -0.000000     -50.000000     -50.000000
166          -50.000000      50.000000     -50.000000
167          -50.000000      25.000000     -50.000000
168          -50.000000       5.000000     -50.000000
169          -50.000000      -7.500000     -45.669873
170          -45.718969      -7.500000     -50.000000
171          -50.000000       0.000000     -50.000000
172          -50.000000      -2.500000     -45.669873
173          -45.669873      -2.500000     -50.000000
174          -50.000000      10.000000     -50.000000
175          -50.000000      15.000000     -50.000000
176          -32.751023     -19.826299     -50.000000
177          -38.417408     -21.504151     -44.476654
178          -37.222646     -17.433522     -50.000000
179          -41.634322     -10.000000     -50.000000
180          -37.118318     -11.868580     -50.000000
181          -50.000000     -20.000000     -32.679492
182          -50.000000     -22.500000     -28.349365
183          -50.000000     -10.000000     -41.339746
184          -44.574716     -20.533563     -37.496240
185          -50.000000     -17.500000     -37.009619
186          -50.000000     -12.500000     -37.009619
187          -50.000000     -15.000000     -32.679492
188          -50.000000      40.000000     -50.000000
189          -50.000000      45.000000     -50.000000
190          -41.778704      -4.993705     -50.000000
191          -38.612159      -7.500000     -50.000000
192          -33.968305     -14.912021     -50.000000
193          -29.808134     -15.299206     -50.000000
194          -32.381950     -11.116318     -50.000000
195          -37.272413      -2.500000     -50.000000
196          -50.000000     -50.000000      10.000000
197          -18.119409     -40.275968     -44.883810
198          -19.999561     -50.000000     -32.679238
199          -17.499841     -50.000000     -37.009527
200          -13.801296     -43.534539     -43.627125
201          -17.670691     -45.514311     -41.028757
202          -12.499974     -50.000000     -37.009604
203          -14.999950     -50.000000     -41.339717
204           -9.999996     -50.000000     -41.339743
205           50.000000     -50.000000     -50.000000
206            2.500000     -45.669873     -50.000000
207            2.500000     -50.000000     -45.669873
208            7.500000     -45.669873     -50.000000
209           12.500000     -50.000000     -45.669873
210           12.500000     -45.669873     -50.000000
211           -2.500000     -45.669873     -50.000000
212           -2.500000     -50.000000     -45.669873
213           -5.000000     -41.339746     -50.000000
214            0.000000     -41.339746     -50.000000
215           40.000000     -50.000000     -50.000000
216           25.000000     -50.000000     -50.000000
217           35.000000     -50.000000     -50.000000
218           17.500000     -50.000000     -45.669873
219           20.000000     -50.000000     -50.000000
220           17.500000     -45.669873     -50.000000
221           45.000000     -50.000000     -50.000000
222           30.000000     -50.000000     -50.000000
223           -7.500000     -37.009619     -50.000000
224           -2.500000     -37.009619     -50.000000
225          -50.000000      35.000000     -50.000000
226          -43.906132     -12.318819     -43.906132
227          -41.535707     -17.707750     -41.535619
228          -45.580273     -13.642584     -39.345671
229          -39.163614     -14.508707     -45.130982
230          -50.000000      -5.000000     -41.339746
231          -50.000000      -7.500000     -37.009619
232          -50.000000      -2.500000     -37.009619
233          -50.000000      -5.000000     -32.679492
234          -50.000000     -10.000000     -32.679492
235          -50.000000     -50.000000      15.000000
236          -50.000000     -50.000000      20.000000
237          -50.000000     -50.000000      25.000000
238          -50.000000     -50.000000      35.000000
239          -50.000000     -50.000000      40.000000
240          -50.000000     -50.000000      45.000000
241          -50.000000     -50.000000      50.000000
242          -12.149772     -38.260433     -44.549551
243          -20.878503     -34.921557     -45.131633
244          -17.503152     -37.012688     -50.000000
245          -20.018914     -32.697904     -50.000000
246          -15.003678     -32.683072     -50.000000
247          -22.499997     -28.349367     -50.000000
248          -17.503865     -28.353131     -50.000000
249          -27.429593     -19.705765     -50.000000
250          -50.000000     -27.500000     -28.349365
251          -44.601749     -44.599380     -25.906509
252          -45.299275     -50.000000     -23.064713
253          -40.107840     -50.000000     -23.749310
254          -50.000000     -45.281278     -23.127360
255          -50.000000     -41.961524     -20.000000
256          -50.000000     -40.009865     -23.969437
257          -50.000000     -37.410249     -19.740929
258          -44.863807     -30.003309     -29.062462
259          -44.696086     -36.419219     -30.453589
260          -50.000000     -34.985040     -24.027875
261          -50.000000     -29.997504     -24.020679
262          -50.000000     -32.503195     -28.337456
263          -50.000000     -50.000000      -5.000000
264          -50.000000     -50.000000     -10.000000
265          -45.669873     -50.000000     -17.500000
266          -50.000000     -45.669873     -17.500000
267          -41.915838     -50.000000     -19.829498
268          -50.000000     -45.595094     -12.554490
269          -45.595844     -50.000000     -12.550709
270          -41.417247     -41.396822     -30.516803
271          -38.987986     -44.934698     -26.152455
272          -43.597233     -38.662954     -25.170046
273          -35.022956     -50.000000     -23.939761
274          -27.484181     -50.000000     -28.340232
275          -29.978526     -50.000000     -24.006840
276          -40.704075     -50.000000     -15.208258
277          -37.500000     -50.000000     -19.689111
278          -36.500973     -44.064924     -21.177969
279          -14.999884     -50.000000     -32.679425
280          -17.499927     -50.000000     -28.349323
281          -20.000000     -50.000000     -24.019238
282          -25.000000     -50.000000     -24.019238
283          -50.000000     -32.499991     -19.689117
284          -50.000000     -45.669873       7.500000
285          -46.597490     -50.000000       7.271682
286          -50.000000     -46.665516      -2.500000
287          -46.665516     -50.000000      -2.500000
288          -45.450821     -50.000000       2.304916
289          -50.000000     -45.233268       2.197964
290          -50.000000     -41.797485       5.792827
291          -40.831427     -33.420648     -28.316290
292          -44.224513     -22.636363     -27.507626
293          -50.000000     -27.499993     -19.689116
294          -50.000000     -20.000000     -24.019238
295          -50.000000     -24.999583     -24.019479
296          -50.000000     -22.499920     -19.689158
297           -7.500000     -28.349365     -50.000000
298           -6.557984     -38.611653     -44.605660
299          -10.000000     -32.679492     -50.000000
300          -33.740898     -42.949775     -26.616563
301          -29.756935     -45.210702     -29.543481
302          -19.988059     -40.016350     -39.427446
303          -21.272321     -44.590896     -37.590908
304          -24.999253     -37.986068     -37.612183
305          -24.647047     -43.258052     -33.355659
306          -19.999951     -45.879237     -29.792543
307          -24.739913     -44.573616     -27.549938
308          -42.992097     -23.914854     -33.069099
309          -38.087770     -25.000000     -38.090062
310          -39.710979     -27.879004     -32.952566
311          -19.999992     -24.019243     -50.000000
312          -24.999991     -24.019243     -50.000000
313          -35.009218     -29.418787     -34.372538
314          -31.257324     -41.730685     -33.440777
315          -35.970609     -40.031565     -30.879647
316          -30.856747     -34.372484     -35.392843
317          -35.974317     -34.436329     -30.284017
318          -32.773760     -25.228689     -37.896567
319          -39.827629     -27.503360     -27.820403
320          -28.387862     -22.720619     -45.212967
321          -32.970397     -22.161406     -42.838296
322          -37.694704     -18.636030     -36.179232
323          -28.223962     -27.189503     -39.841557
324          -24.954139     -26.614224     -45.240894
325          -17.259122     -36.135955     -41.283277
326          -25.327723     -32.111938     -38.279493
327          -21.819170     -30.196264     -42.647427
328          -11.813605     -32.770621     -43.480180
329           -7.815572     -44.158875     -44.158875
330           -7.500000     -50.000000     -37.009619
331           -4.999999     -50.000000     -41.339746
332           -2.500000     -50.000000     -37.009619
333           -5.000000     -50.000000     -32.679492
334           -9.449662     -39.844152     -39.844152
335          -12.954072     -34.835973     -39.045880
336            7.500000     -50.000000     -45.669873
337            1.232772     -45.048773     -45.048773
338            5.000000     -50.000000     -41.339746
339           -0.000000     -50.000000     -41.339746
340            2.500000     -50.000000     -37.009619
341            0.000000     -32.679492     -50.000000
342          -50.000000      50.000000     -45.000000
343          -50.000000      50.000000     -40.000000
344          -46.737187      27.500000     -50.000000
345          -50.000000      27.499983     -45.669863
346          -50.000000      30.000000     -50.000000
347          -50.000000      46.339746     -46.339746
348          -46.339746      50.000000     -46.339746
349          -46.339746      46.339746     -50.000000
350          -45.000000      50.000000     -50.000000
351          -40.000000      50.000000     -50.000000
352          -42.697734      27.900548     -50.000000
353          -50.000000      22.500000     -45.669873
354          -45.030875      23.001726     -50.000000
355          -50.000000      20.000000     -50.000000
356          -40.393609      24.011110     -50.000000
357          -45.734856       2.517272     -50.000000
358          -45.534180       7.603630     -50.000000
359          -50.000000       7.500000     -45.669873
360          -50.000000       2.500000     -45.669873
361          -43.442888      -4.272902     -43.346886
362          -45.594114       0.000000     -45.594114
363          -50.000000       0.000000     -41.339746
364          -41.795838       4.971253     -50.000000
365          -41.764488       0.037773     -50.000000
366          -38.704704       2.709364     -50.000000
367          -50.000000       4.999999     -41.339746
368          -50.000000      12.499999     -45.669873
369          -45.612929      17.448490     -50.000000
370          -40.008697      19.325190     -50.000000
371          -45.669873      12.500000     -50.000000
372          -50.000000      17.500000     -45.669873
373          -50.000000      14.999950     -41.339717
374          -40.673575      10.268333     -50.000000
375          -41.890199      14.884269     -50.000000
376          -30.544595     -17.411800     -44.782816
377          -24.999779     -15.359112     -50.000000
378          -27.498771     -11.029567     -50.000000
379          -34.608952     -14.321953     -42.301227
380          -36.170540      -9.062248     -44.592047
381          -34.645540      -7.118200     -50.000000
382          -45.591347     -17.760096     -31.085950
383          -50.000000     -17.500000     -28.349365
384          -50.000000     -12.500000     -28.349365
385          -50.000000     -15.000000     -24.019238
386          -50.000000     -17.499998     -19.689112
387          -44.569627      -9.715657     -36.360584
388          -43.402912     -15.371355     -35.147653
389          -45.718074     -12.500000     -31.236116
390          -50.000000      -7.500000     -28.349365
391          -50.000000     -10.000000     -24.019238
392          -50.000000       0.000000     -32.679492
393          -45.557285      32.546010     -50.000000
394          -46.660999      37.443317     -50.000000
395          -50.000000      37.467771     -45.688481
396          -50.000000      42.306624     -45.781518
397          -45.394968      41.855605     -50.000000
398          -37.388395      -1.592401     -43.395332
399          -30.659578     -10.751262     -44.510900
400          -29.993678      -6.702380     -50.000000
401          -32.462069      -2.390502     -50.000000
402          -27.500000      -2.368603     -50.000000
403          -34.686254       2.045509     -50.000000
404          -37.178340       6.201016     -50.000000
405          -32.500000       6.291651     -50.000000
406          -45.113021     -50.000000      11.753174
407          -50.000000     -41.339746      10.000000
408          -50.000000     -45.669873      12.500000
409          -50.000000     -45.683258      17.476817
410          -10.000000     -50.000000     -32.679492
411          -12.500000     -50.000000     -28.349365
412          -16.108588     -42.509693     -37.263742
413          -10.600800     -44.480297     -36.441551
414           46.339746     -46.339746     -50.000000
415           50.000000     -45.000000     -50.000000
416           50.000000     -40.000000     -50.000000
417           50.000000     -46.339746     -46.339746
418           46.339746     -50.000000     -46.339746
419           50.000000     -50.000000     -45.000000
420           50.000000     -50.000000     -40.000000
421           50.000000     -50.000000     -35.000000
422            2.500000     -37.009619     -50.000000
423            5.000000     -41.339746     -50.000000
424           10.000000     -41.339746     -50.000000
425           15.000000     -41.339746     -50.000000
426            6.070011     -43.608726     -44.032078
427           10.000000     -50.000000     -41.339746
428           15.000000     -50.000000     -41.339746
429           12.405667     -43.906758     -43.906758
430           12.500000     -50.000000     -37.009619
431           -2.306569     -42.404974     -42.404974
432           -1.211291     -45.324310     -38.428355
433           -1.146100     -36.849961     -44.204711
434            2.643053     -39.991567     -42.379106
435           -7.500000     -50.000000     -28.349365
436           32.500000     -50.000000     -45.669873
437           42.306624     -50.000000     -45.781518
438           37.462399     -50.000000     -45.691582
439           42.306624     -45.781518     -50.000000
440           37.462399     -45.691582     -50.000000
441           20.000000     -50.000000     -41.339746
442           22.500000     -45.669873     -50.000000
443           27.500000     -50.000000     -45.669873
444           27.500000     -45.669873     -50.000000
445           22.500000     -50.000000     -45.669873
446           32.500000     -45.669873     -50.000000
447           19.956667     -45.115260     -45.115260
448           20.000000     -41.339746     -50.000000
449           25.000000     -41.339746     -50.000000
450           30.000000     -41.339746     -50.000000
451           44.426594     -45.313516     -45.313516
452           30.000000     -45.294833     -45.294833
453           25.000000     -50.000000     -41.339746
454           34.988362     -50.000000     -41.346465
455           30.000000     -50.000000     -41.339746
456           -5.000000     -32.679492     -50.000000
457           -2.500000     -28.349365     -50.000000
458           50.000000     -35.000000     -50.000000
459           12.500000     -37.009619     -50.000000
460            7.500000     -37.009619     -50.000000
461           15.000000     -32.679492     -50.000000
462           17.500000     -37.009619     -50.000000
463           20.000000     -32.679492     -50.000000
464           22.500000     -37.009619     -50.000000
465           27.500000     -50.000000     -37.009619
466           22.500000     -50.000000     -37.009619
467           15.000000     -50.000000     -32.679492
468           17.500000     -50.000000     -37.009619
469          -50.000000      24.999896     -41.339686
470          -50.000000      32.500000     -45.669873
471          -50.000000      29.997584     -41.339389
472          -50.000000      34.987317     -41.340899
473          -50.000000      27.498310     -37.006395
474          -45.344496      -0.045840     -38.479460
475          -50.000000       2.500000     -37.009619
476          -50.000000       9.999996     -41.339743
477          -50.000000       5.000000     -32.679492
478          -50.000000       7.500000     -37.009619
479          -50.000000      -2.500000     -28.349365
480          -50.000000      19.999888     -41.339681
481          -50.000000       2.500000     -28.349365
482          -50.000000       0.000000     -24.019238
483          -38.682626     -12.380632     -35.577942
484          -39.967107      -9.212115     -40.018807
485          -39.427257      -4.137294     -39.424869
486          -42.948030      -4.082623     -35.683321
487          -45.042303      -4.177498     -30.709123
488          -50.000000     -45.000000      50.000000
489          -50.000000     -40.000000      50.000000
490          -45.669873     -50.000000      17.500000
491          -45.678680     -50.000000      22.500146
492          -50.000000     -45.750180      22.360903
493          -50.000000     -45.002195      27.704714
494          -50.000000     -50.000000      30.000000
495          -45.679354     -50.000000      27.500404
496          -50.000000     -46.016985      32.792377
497          -50.000000     -46.124553      37.639284
498          -45.669873     -50.000000      32.500000
499          -45.688481     -50.000000      37.467771
500          -50.000000     -45.759180      42.508143
501          -50.000000     -46.339746      46.339746
502          -46.339746     -46.339746      50.000000
503          -46.339746     -50.000000      46.339746
504          -45.781518     -50.000000      42.306624
505          -45.000000     -50.000000      50.000000
506          -40.000000     -50.000000      50.000000
507          -41.383108     -50.000000      25.000471
508          -50.000000       7.500000     -28.349365
509          -41.361455     -50.000000      39.962399
510          -50.000000     -37.274947      12.403238
511          -22.499954     -19.689137     -50.000000
512          -16.853463     -30.991105     -45.031271
513          -12.500612     -28.349962     -50.000000
514          -14.999998     -24.019239     -50.000000
515          -18.705789     -25.311532     -45.124478
516          -17.499996     -19.689113     -50.000000
517          -19.999947     -15.359015     -50.000000
518          -22.499848     -16.122658     -44.535427
519          -14.999986     -15.358992     -50.000000
520          -24.998946      -6.699338     -50.000000
521          -22.499901     -11.028914     -50.000000
522          -17.499975     -11.028871     -50.000000
523          -19.999774      -6.698860     -50.000000
524           -5.000000     -24.019238     -50.000000
525           -9.999999     -24.019238     -50.000000
526          -12.499999     -19.689111     -50.000000
527           -7.500000     -19.689111     -50.000000
528          -10.000000     -15.358984     -50.000000
529          -50.000000     -34.999979     -15.358998
530          -50.000000     -37.381830     -10.960654
531          -45.257525     -27.740002     -24.329078
532          -45.024847     -31.453900     -18.923029
533          -42.373122     -42.379951     -20.120327
534          -50.000000     -40.697774     -15.240021
535          -43.749822     -36.432369     -18.773024
536          -43.124466     -32.491904     -23.586123
537          -45.232354     -50.000000      -7.098129
538          -50.000000     -45.232354      -7.098129
539          -50.000000     -41.781410     -10.510405
540          -41.762418     -50.000000     -10.501234
541          -42.483859     -50.000000      -2.384153
542          -37.498674     -50.000000      -2.369369
543          -42.831823     -44.256883     -13.110812
544          -37.381848     -50.000000     -10.960642
545          -39.897971     -50.000000      -6.688432
546          -34.990335     -50.000000      -6.695389
547          -50.000000     -39.921623       1.917680
548          -50.000000     -42.425446      -2.424979
549          -50.000000     -40.000000      -6.698730
550          -50.000000     -37.499916      -2.368659
551          -44.304717     -37.509267      -9.721493
552          -50.000000     -32.499910     -11.028917
553          -35.000000     -50.000000     -15.358984
554          -32.492807     -50.000000     -19.684958
555          -27.496421     -50.000000     -19.687045
556          -30.000000     -50.000000     -15.358984
557          -37.551733     -37.491293     -23.469068
558          -28.235625     -44.234080     -22.778497
559          -31.373952     -39.822735     -23.326392
560          -32.500000     -50.000000     -11.028857
561          -27.500000     -50.000000     -11.028857
562          -35.800776     -43.480735     -13.505052
563          -31.593318     -41.418058     -18.467085
564          -36.749042     -39.944947     -17.661647
565          -22.500000     -50.000000     -19.689111
566          -17.500000     -50.000000     -19.689111
567          -14.889936     -44.760729     -30.740242
568          -15.000000     -50.000000     -24.019238
569          -17.262872     -44.504260     -25.687927
570          -22.213063     -43.057026     -22.410199
571          -50.000000      -5.000000     -24.019238
572          -50.000000      -7.500000     -19.689111
573           -0.000000     -50.000000     -24.019238
574          -24.309981     -45.333545     -18.206632
575          -25.000000     -50.000000     -15.358984
576          -20.000000     -50.000000     -15.358984
577          -50.000000     -34.999068       1.960899
578          -50.000000     -34.980038      -6.687542
579          -50.000000     -32.498988      -2.369282
580          -50.000000     -29.999583      -6.699011
581          -40.737071     -18.319724     -29.320844
582          -50.000000     -12.500000     -19.689111
583          -50.000000     -14.999998     -15.358985
584          -50.000000     -22.498957      -2.369312
585          -50.000000     -29.999965     -15.359008
586          -50.000000     -27.499878     -11.028939
587          -50.000000     -24.999958     -15.359012
588          -50.000000     -17.500000     -11.028857
589          -50.000000     -24.999682      -6.698944
590          -50.000000     -22.499927     -11.028906
591          -50.000000     -19.999988     -15.358992
592          -44.968260     -26.499005     -17.552202
593          -45.651093     -42.784609      12.497423
594          -29.998146     -50.000000      -6.698313
595          -39.758996     -50.000000      10.599595
596          -42.489202     -50.000000       6.843683
597          -37.451140     -50.000000       6.323273
598          -43.590122     -43.291413       7.649607
599          -44.610756     -44.610756      -1.140150
600          -40.055792     -50.000000       2.056392
601          -45.434209     -39.373573       4.574579
602          -50.000000     -37.355798       6.923294
603          -50.000000     -32.500000       6.291651
604          -50.000000     -33.929069      10.058758
605          -36.808648     -30.907149     -23.140728
606          -34.964212     -29.604611     -27.934746
607          -39.192824     -21.978700     -25.662882
608          -44.593405     -18.297949     -23.875693
609          -42.972296     -23.670636     -21.899987
610          -44.369473     -19.566890     -17.628299
611          -32.498730     -50.000000      -2.369336
612          -27.499813     -50.000000      -2.368711
613          -29.999067     -50.000000       1.960985
614           -4.017169     -38.165085     -40.268225
615           -8.366643     -27.447066     -43.775547
616           -5.247440     -33.202931     -41.897746
617          -12.712951     -38.404320     -35.519107
618          -27.314434     -39.360570     -26.410669
619          -19.175097     -37.086378     -35.340512
620          -18.992121     -40.984396     -30.374357
621          -25.573633     -35.438981     -31.494010
622          -21.737977     -38.755034     -26.001586
623          -35.519351     -22.851971     -31.092947
624          -28.909103     -26.066567     -34.334148
625          -23.790499     -21.830792     -42.971571
626          -30.103231     -29.564217     -30.044340
627          -30.878296     -34.743618     -27.320649
628          -30.559676     -20.857481     -35.818392
629          -34.729378     -24.998211     -25.325707
630          -36.736811     -25.784035     -20.336085
631          -34.455007     -17.526938     -29.170846
632          -33.672211     -13.979367     -33.641333
633          -25.667155     -20.316280     -38.107856
634          -27.164600     -15.618550     -40.589449
635          -31.867018     -16.227975     -38.135032
636          -22.667241     -26.180598     -38.562574
637          -18.025650     -31.449919     -37.695200
638          -22.225943     -29.596700     -33.907863
639          -14.975392     -27.408721     -40.823369
640          -14.360356     -33.458007     -33.457984
641           -2.500000     -50.000000     -28.349365
642           -0.000000     -50.000000     -32.679492
643           -9.678333     -31.363822     -37.482847
644           -7.077200     -45.435430     -31.314477
645           -4.903957     -43.392092     -35.570661
646           -5.864648     -37.433760     -35.629206
647            8.381929     -45.201448     -39.387188
648           10.000000     -50.000000     -32.679492
649            7.500000     -50.000000     -37.009619
650            2.500000     -50.000000     -28.349365
651            5.000000     -50.000000     -32.679492
652            3.316061     -43.091636     -38.196184
653            2.579138     -44.988995     -33.006335
654            5.000000     -32.679492     -50.000000
655            2.500000     -28.349365     -50.000000
656           10.000000     -32.679492     -50.000000
657            7.500000     -28.349365     -50.000000
658            1.670721     -31.101314     -45.192890
659          -12.500000     -50.000000     -19.689111
660            7.500000     -50.000000     -28.349365
661           12.500000     -50.000000     -28.349365
662          -30.000000       1.961524     -50.000000
663          -27.500000       6.291651     -50.000000
664          -35.000000      10.621778     -50.000000
665          -30.000000      10.621778     -50.000000
666          -32.453744      14.912668     -50.000000
667          -27.500000      14.951905     -50.000000
668          -50.000000      45.394201     -41.856048
669          -45.394968      50.000000     -41.855605
670          -46.650635      50.000000     -37.500000
671          -50.000000      46.660959     -37.443340
672          -50.000000      50.000000     -35.000000
673          -50.000000      39.962399     -41.361455
674          -50.000000      42.500000     -37.009619
675          -50.000000      37.493733     -36.976223
676          -50.000000      50.000000     -30.000000
677          -29.982305      19.271816     -50.000000
678          -44.858319      28.964367     -45.189890
679          -42.906836      24.412950     -43.119145
680          -36.447638      23.122513     -50.000000
681          -38.285221      28.028149     -50.000000
682          -44.428026      45.303174     -45.303174
683          -42.306624      50.000000     -45.781518
684          -42.306624      45.781518     -50.000000
685          -37.462399      50.000000     -45.691582
686          -35.000000      50.000000     -50.000000
687          -30.000000      50.000000     -50.000000
688          -37.500000      45.669873     -50.000000
689          -39.967771      41.358354     -50.000000
690          -40.351666      32.735647     -50.000000
691          -42.500000      37.009619     -50.000000
692          -37.500000      37.009619     -50.000000
693          -32.393832      23.550863     -50.000000
694          -33.935107      27.486306     -50.000000
695          -29.809168      27.832109     -50.000000
696          -35.734431      -6.160363     -36.480682
697          -45.141487      19.426080     -43.895121
698          -38.147627      21.500800     -44.698556
699          -37.485923      14.879331     -50.000000
700          -34.754238      19.129400     -50.000000
701          -44.259738       8.332015     -43.525441
702          -39.511698       6.191884     -45.088521
703          -42.507186       2.500000     -42.449523
704          -45.083737       5.412067     -38.496980
705          -50.000000      17.499841     -37.009527
706          -50.000000      12.499974     -37.009604
707          -50.000000      10.000000     -32.679492
708          -43.092625      14.381303     -42.991207
709          -45.322852      14.579006     -38.229551
710          -37.584944      11.417081     -44.226545
711          -34.815232       5.010737     -42.615593
712          -36.977976       0.000000     -36.981274
713          -24.999474      -9.973627     -43.743729
714          -30.501461     -10.618028     -38.179535
715          -32.326315      -5.529746     -41.747004
716          -32.498563      -1.013504     -39.294242
717          -43.813775     -13.326869     -26.489001
718          -45.178113     -10.796973     -22.091070
719          -42.050683     -14.647574     -20.360275
720          -41.319430      -9.797296     -31.360798
721          -36.004805     -10.757008     -29.575940
722          -43.839721      -6.703487     -26.092761
723          -45.382088       1.046244     -30.369248
724          -34.988362      50.000000     -41.346465
725          -44.491515      36.633169     -43.283266
726          -42.052461      42.051557     -42.051557
727          -39.967771      50.000000     -41.358354
728          -40.126239      50.000000     -32.658734
729          -37.500000      50.000000     -37.009619
730          -42.500000      50.000000     -37.009619
731          -29.789859       0.534342     -43.381937
732          -26.298194      -4.189455     -44.443623
733          -25.000000       1.961524     -50.000000
734          -22.499824      -2.368704     -50.000000
735          -20.000000       1.961524     -50.000000
736          -30.642501       6.712418     -45.178386
737          -17.500000      -2.368603     -50.000000
738          -14.999996      -6.698732     -50.000000
739          -15.000000       1.961524     -50.000000
740          -50.000000      14.999884     -32.679425
741          -50.000000      -2.500000     -19.689111
742          -41.138794     -50.000000      15.096249
743          -41.339746     -50.000000      20.000000
744          -37.249843     -50.000000      22.411316
745          -37.189209     -50.000000      17.630439
746          -37.346043     -50.000000      13.704041
747          -44.187864     -43.918910      17.376980
748          -50.000000     -41.341977      14.996136
749          -50.000000     -41.339746      20.000000
750          -50.000000     -37.311853      17.553369
751          -10.000000     -50.000000     -24.019238
752           -5.000000     -50.000000     -24.019238
753           -2.500000     -50.000000     -19.689111
754          -11.022629     -45.019573     -27.042748
755          -10.428838     -41.464304     -31.414536
756          -15.000000     -50.000000     -15.358984
757          -22.500000     -50.000000     -11.028857
758          -24.999660     -50.000000      -6.698678
759           45.394968     -41.855605     -50.000000
760           50.000000     -42.306624     -45.781518
761           46.650635     -37.500000     -50.000000
762           50.000000     -37.467771     -45.688481
763           50.000000     -39.962399     -41.361455
764           50.000000     -45.394201     -41.856048
765           45.394968     -50.000000     -41.855605
766           39.967771     -50.000000     -41.358354
767           46.650635     -50.000000     -37.500000
768           50.000000     -46.660959     -37.443340
769           42.500000     -50.000000     -37.009619
770           37.500000     -50.000000     -37.009619
771           50.000000     -42.500000     -37.009619
772           50.000000     -50.000000     -30.000000
773           50.000000     -45.557285     -32.546010
774           20.000000     -50.000000     -32.679492
775           25.000000     -50.000000     -32.679492
776           45.556738     -50.000000     -32.554947
777           46.687329     -50.000000     -27.720877
778           40.126239     -50.000000     -32.658734
779            4.365846     -35.054769     -42.848374
780            7.486613     -38.660484     -45.024866
781           15.073780     -38.495591     -45.262669
782            9.372147     -39.888763     -39.888763
783           16.230713     -45.661151     -39.163547
784           17.796449     -41.541959     -41.541959
785           13.270381     -43.461206     -35.776396
786           17.500000     -50.000000     -28.349365
787            0.000000     -36.981915     -36.981915
788            0.109366     -32.359445     -40.256339
789            5.020630     -38.240993     -37.441753
790           13.347753     -45.015890     -30.505259
791           -5.789408     -44.023304     -26.481174
792           -0.398165     -44.520900     -25.074335
793            5.000000     -50.000000     -24.019238
794           10.000000     -50.000000     -24.019238
795           15.000000     -50.000000     -24.019238
796           36.612238     -43.298753     -44.497958
797           39.967771     -41.358354     -50.000000
798           34.988362     -41.346465     -50.000000
799           42.500000     -37.009619     -50.000000
800           21.550038     -44.576616     -38.501692
801           24.623464     -43.062884     -43.062884
802           33.538368     -39.296132     -45.627398
803           37.500000     -37.009619     -50.000000
804           32.500000     -37.009619     -50.000000
805           27.500000     -37.009619     -50.000000
806           30.000000     -32.679492     -50.000000
807           21.600282     -38.373041     -44.479736
808           25.000000     -32.679492     -50.000000
809           27.545784     -38.016201     -44.153390
810           42.066027     -42.065120     -42.065120
811           36.788266     -43.694258     -38.453666
812           31.505349     -41.671080     -41.671080
813           30.000000     -45.306113     -37.967064
814           30.000000     -50.000000     -32.679492
815           32.500000     -50.000000     -37.009619
816           -1.834124     -26.713143     -43.450710
817           -2.638461     -22.199235     -45.602911
818            0.000000     -24.019238     -50.000000
819           -2.500000     -19.689111     -50.000000
820           17.500000     -28.349365     -50.000000
821           12.500000     -28.349365     -50.000000
822            3.392877     -26.060601     -45.067795
823            2.500000     -19.689111     -50.000000
824            5.000000     -24.019238     -50.000000
825           10.000000     -24.019238     -50.000000
826           35.000000     -32.679492     -50.000000
827           32.500000     -28.349365     -50.000000
828           50.000000     -32.500000     -45.669873
829           45.554350     -32.565508     -50.000000
830           50.000000     -30.000000     -50.000000
831           37.502441     -28.327649     -50.000000
832           40.125841     -32.660495     -50.000000
833           50.000000     -29.997584     -41.339389
834           11.038411     -34.966716     -43.921100
835           14.830338     -31.282937     -45.150189
836           18.641403     -44.621781     -28.926731
837           22.500000     -50.000000     -28.349365
838           20.000000     -24.019238     -50.000000
839           27.500000     -28.349365     -50.000000
840           22.500000     -28.349365     -50.000000
841           18.289002     -34.017650     -42.688726
842           21.473681     -30.561820     -45.240817
843           25.911401     -43.737229     -34.801430
844           19.518960     -42.113276     -33.774275
845           42.473434     -28.188615     -50.000000
846           46.642480     -27.829436     -50.000000
847           50.000000     -27.499983     -45.669863
848           50.000000     -25.000000     -50.000000
849           50.000000     -20.000000     -50.000000
850          -45.106451      23.547121     -38.259629
851          -50.000000      22.499487     -37.009323
852          -50.000000      19.999561     -32.679238
853          -50.000000      24.997363     -32.677970
854          -50.000000      22.500000     -28.349365
855          -50.000000      27.484181     -28.340232
856          -44.381309      28.604813     -37.551438
857          -45.296742      33.967517     -38.827902
858          -41.658279      31.503299     -41.707758
859          -50.000000      29.993114     -32.662027
860          -50.000000      32.500164     -37.002907
861          -42.599750       3.907098     -33.774033
862          -44.952681      10.085663     -35.516766
863          -45.824347       7.500000     -31.236116
864          -50.000000      12.500000     -28.349365
865          -44.650993      -1.386501     -24.668791
866          -50.000000       5.000000     -24.019238
867          -50.000000       2.500000     -19.689111
868          -42.634707      19.062999     -37.634528
869          -50.000000      17.499927     -28.349323
870          -50.000000      15.000000     -24.019238
871          -43.864585       5.000000     -27.273534
872          -45.251550      10.038904     -26.378484
873          -38.659680      -5.124615     -32.038045
874          -40.839499      -1.434439     -28.721741
875          -45.781518     -42.306624      50.000000
876          -50.000000     -42.045308      45.458775
877          -50.000000     -42.312508      39.675367
878          -50.000000     -37.428619      46.553302
879          -50.000000     -30.000000      50.000000
880          -50.000000     -35.000000      50.000000
881          -41.360567     -39.983138      50.000000
882          -45.694165     -37.480327      50.000000
883          -50.000000     -37.386519      41.283867
884          -50.000000     -37.341248      23.000093
885          -42.919454     -45.485959      22.273583
886          -50.000000     -41.821590      24.165421
887          -50.000000     -43.124759      35.308513
888          -50.000000     -39.824071      27.860031
889          -50.000000     -41.602540      31.754265
890          -44.072709     -44.697008      29.666693
891          -41.396630     -50.000000      30.002424
892          -37.255013     -50.000000      27.167961
893          -44.411473     -44.278662      38.353728
894          -41.420207     -50.000000      35.014546
895          -33.570826     -50.000000      28.767420
896          -36.597458     -50.000000      32.417719
897          -44.731141     -44.836396      44.507201
898          -41.864915     -45.389808      50.000000
899          -41.856048     -50.000000      45.394201
900          -37.439765     -50.000000      46.652421
901          -37.354785     -46.670982      50.000000
902          -35.000000     -50.000000      50.000000
903          -37.072572     -42.448510      50.000000
904          -30.000000     -50.000000      50.000000
905          -38.496943     -45.675236      24.754388
906          -37.009619     -50.000000      42.500000
907          -37.191230     -50.000000      37.657105
908          -32.984291     -50.000000      39.803554
909          -50.000000      10.000000     -24.019238
910          -50.000000     -10.000000     -15.358984
911          -50.000000     -12.500000     -11.028857
912          -50.000000      -2.500000     -11.028857
913          -50.000000      -5.000000     -15.358984
914          -50.000000      -7.500000     -11.028857
915          -50.000000       0.000000     -15.358984
916          -50.000000       7.500000     -19.689111
917          -50.000000       5.000000     -15.358984
918          -50.000000       2.500000     -11.028857
919          -37.009619     -37.500000      50.000000
920          -45.669873     -32.500000      50.000000
921          -32.494400     -50.000000       6.288418
922          -34.993312     -50.000000       1.957663
923          -34.946505     -50.000000      10.364946
924          -27.500000     -50.000000       6.291651
925          -25.000000     -50.000000      19.282032
926          -34.016247     -50.000000      19.802606
927          -32.705627     -50.000000      24.237453
928          -29.933699     -50.000000      19.534017
929          -50.000000     -22.500000      14.951905
930          -30.000000     -50.000000      10.621778
931          -27.500000     -50.000000      14.951905
932          -33.002860     -50.000000      15.199805
933          -40.811488     -40.820586      13.388961
934          -40.355669     -42.084512      42.080060
935          -50.000000     -39.399865      36.162133
936          -50.000000     -37.350423      32.186055
937          -50.000000     -32.500000      32.272413
938          -50.000000     -29.856240      10.527723
939          -50.000000     -27.529915      14.959921
940          -44.482699     -36.332908      14.057171
941          -50.000000     -32.743908      14.982714
942          -50.000000     -33.914043      19.843667
943          -50.000000     -29.850519      19.397837
944            5.000000     -15.358984     -50.000000
945            0.000000     -15.358984     -50.000000
946          -21.915527     -16.453266     -38.796122
947          -16.703611     -20.798403     -42.969704
948          -11.982845     -23.258384     -44.790288
949          -11.470176     -23.163298     -37.838969
950          -16.515138     -23.256935     -38.350693
951          -16.920405     -18.201442     -38.355699
952          -14.622553     -15.264062     -44.185225
953          -18.872753     -12.480329     -41.330455
954          -12.499993     -11.028861     -50.000000
955          -10.000000      -6.698730     -50.000000
956          -20.411529      -5.379031     -43.655248
957          -16.839140      -8.918640     -44.718091
958           -6.975788     -21.283743     -43.152653
959           -8.725559     -16.030887     -44.489493
960           -2.260637     -16.940556     -45.254178
961           -5.000000     -15.358984     -50.000000
962           -7.499999     -11.028858     -50.000000
963           -2.500000     -11.028857     -50.000000
964          -43.912552     -32.800582     -13.686974
965          -40.112025     -29.191998     -17.779260
966          -40.353696     -38.412761     -13.912094
967          -36.640871     -34.529329     -17.905874
968          -42.244569     -42.268366      -7.057891
969          -38.611246     -44.412696      -2.098989
970          -37.610854     -40.579715      -9.301927
971          -34.623800     -43.801534      -6.130817
972          -43.566426     -36.118322      -1.876184
973          -42.015610     -32.718158      -7.314572
974          -40.833062     -37.491357      -5.958405
975          -45.040726     -28.216037      -8.342966
976          -40.378494     -29.434384     -11.313460
977          -28.198249     -44.472821     -14.831707
978          -31.282900     -35.064548     -21.440282
979          -26.040802     -38.341537     -20.348523
980          -28.173770     -38.830269     -15.793136
981          -30.171971     -41.820757     -10.020780
982          -24.292309     -44.078785      -9.832434
983          -34.309170     -29.694698     -16.933989
984          -33.438249     -37.938218     -13.278061
985          -29.090904     -33.993121     -14.652602
986          -17.217714     -43.627842     -18.219032
987          -23.478408     -41.071522     -15.309525
988          -20.827587     -40.150367     -11.031751
989          -14.188811     -39.645852     -27.328081
990          -12.430800     -42.489752     -22.535909
991          -18.096560     -36.931518     -21.303812
992          -30.416397      -6.011191     -35.248248
993          -33.472374      -5.769848     -30.608913
994          -43.176199      -6.677217     -19.517445
995            2.500000     -50.000000     -19.689111
996          -20.399475     -45.024548     -13.397843
997          -20.000000     -50.000000      -6.698730
998          -17.500000     -50.000000     -11.028857
999           -7.500000     -50.000000     -19.689111
1000          -0.000000     -50.000000     -15.358984
1001          -5.000000     -50.000000     -15.358984
1002         -10.000000     -50.000000     -15.358984
1003         -22.500000     -50.000000      -2.368603
1004         -15.000000     -50.000000      -6.698730
1005         -17.500000     -50.000000      -2.368603
1006         -45.098379     -32.085093       2.712766
1007         -50.000000     -27.498510      -2.369609
1008         -50.000000     -29.995419       1.958454
1009         -50.000000     -24.995641       1.958557
1010         -44.773215     -30.787145      -2.499836
1011         -50.000000     -20.000000       1.961524
1012         -37.302008     -14.992365     -24.851841
1013         -39.255214     -10.363139     -18.643052
1014         -45.347087     -22.917675      -0.409180
1015         -50.000000     -19.999935      -6.698774
1016         -50.000000     -17.499972      -2.368623
1017         -50.000000     -12.499983      -2.368616
1018         -50.000000      -9.999996      -6.698732
1019         -50.000000     -14.999987      -6.698739
1020         -44.327633     -13.240391     -13.488143
1021         -45.564358     -15.303273      -9.063753
1022         -42.962978     -25.770658      -3.850627
1023         -43.284837     -24.999893     -12.472287
1024         -44.606589     -20.246115      -9.169488
1025         -40.246662     -23.376595     -16.955431
1026         -50.000000     -25.004986      10.623114
1027         -50.000000     -22.496976       6.289298
1028         -50.000000     -27.476871       6.276198
1029         -35.522277     -44.104142      12.482910
1030         -39.691790     -39.464503       8.252162
1031         -27.592237     -43.184607      -3.715481
1032         -37.885381     -44.023774       5.922072
1033         -33.347009     -43.526819       0.518338
1034         -40.969517     -40.959318       1.779365
1035         -37.150750     -36.272815       0.774875
1036         -42.410455     -35.284213       6.104273
1037         -44.560825     -29.814160       7.650115
1038         -31.284186     -28.048347     -21.164124
1039         -34.939728     -24.507788     -15.367651
1040         -36.262238     -20.451153     -21.393016
1041         -38.764859     -17.700583     -17.831960
1042         -40.599333     -18.208087     -13.047922
1043         -25.000000     -50.000000      10.621778
1044         -27.499378     -45.286072       1.240688
1045         -24.999813     -50.000000       1.961416
1046         -20.000000     -50.000000       1.961524
1047         -22.500000     -50.000000       6.291651
1048          -4.216194     -31.140004     -36.930260
1049          -5.926178     -26.065542     -38.079536
1050         -10.182128     -35.786418     -30.615806
1051         -32.043082     -17.250632     -23.635996
1052         -12.851812     -34.107244     -26.032115
1053         -10.989519     -30.770875     -29.842991
1054         -24.809062     -32.643432     -22.677599
1055         -19.982999     -33.900443     -28.234053
1056         -24.528262     -30.549144     -28.807682
1057         -29.570538     -20.363306     -28.039362
1058         -24.686015     -23.792573     -31.324758
1059         -20.669249     -21.277049     -36.218632
1060         -15.994413     -29.770072     -29.247817
1061         -19.420923     -24.599877     -30.498638
1062         -26.506267     -28.652022     -16.985787
1063         -26.653643     -26.485055     -25.463193
1064         -26.292321     -16.568615     -32.665364
1065         -30.599925     -22.162537     -21.015682
1066         -31.573968     -12.177809     -26.304698
1067         -27.933074      -9.958141     -32.270602
1068         -24.908721     -12.286833     -36.527384
1069         -14.840438     -25.601533     -33.157821
1070          -9.068135     -27.290927     -33.099223
1071         -20.114468     -13.945786     -33.890585
1072          -0.773600     -41.768352     -29.929945
1073          -5.744760     -32.686720     -31.903710
1074          -5.585254     -38.895802     -30.218899
1075          -1.893530     -36.035731     -32.319314
1076           7.500000     -42.411045     -32.540656
1077           4.808013     -44.231771     -27.100272
1078           3.198180     -38.687356     -32.595838
1079          -0.363619     -24.792816     -37.898268
1080           7.513070     -30.108268     -44.251291
1081           0.399221     -30.120680     -34.163679
1082           3.818420     -28.086635     -39.961287
1083         -11.554991     -44.660547     -17.174518
1084         -12.500000     -50.000000     -11.028857
1085          10.558235     -44.409658     -25.808559
1086          12.500000     -50.000000     -19.689111
1087          -5.000000      -6.698730     -50.000000
1088         -12.500000       6.291651     -50.000000
1089         -17.500000       6.291651     -50.000000
1090         -25.760425       5.173616     -44.358188
1091         -22.500000       6.291651     -50.000000
1092         -25.000000      10.621778     -50.000000
1093         -20.000000      10.621778     -50.000000
1094         -22.500000      14.951905     -50.000000
1095         -31.306293      11.330875     -42.919063
1096         -31.630684      17.967045     -44.611951
1097         -27.500000      23.612159     -50.000000
1098         -32.978092      23.279910     -42.765710
1099         -22.500000      23.612159     -50.000000
1100         -25.000000      19.282032     -50.000000
1101         -25.042239      16.419668     -45.368716
1102         -50.000000      32.436945     -28.295325
1103         -44.382852      44.378174     -34.804506
1104         -45.556738      50.000000     -32.554947
1105         -50.000000      45.557285     -32.546010
1106         -43.597567      37.270884     -35.112403
1107         -50.000000      35.032636     -32.622281
1108         -50.000000      40.150404     -32.577471
1109         -46.687329      50.000000     -27.720877
1110         -50.000000      46.704150     -27.696982
1111         -50.000000      50.000000     -25.000000
1112         -50.000000      42.664190     -27.874186
1113         -50.000000      37.653481     -28.213781
1114         -27.339346      21.828673     -44.261368
1115         -37.943472      24.984261     -37.746754
1116         -27.451387      45.079135     -50.000000
1117         -25.000000      50.000000     -50.000000
1118         -20.000000      50.000000     -50.000000
1119         -15.000000      50.000000     -50.000000
1120         -27.500000      50.000000     -45.669873
1121         -27.500000      40.932667     -50.000000
1122         -35.955224      29.046666     -43.918720
1123         -31.839164      32.507697     -50.000000
1124         -36.011381      32.805473     -50.000000
1125         -33.608294      37.409716     -50.000000
1126         -29.450631      37.004983     -50.000000
1127         -36.617011      44.105365     -44.104969
1128         -32.700218      45.808986     -50.000000
1129         -31.083468      41.645764     -50.000000
1130         -32.500000      50.000000     -45.669873
1131         -30.000000      50.000000     -41.339746
1132         -35.111525      41.406770     -50.000000
1133         -36.142334      37.640972     -43.676702
1134         -36.578307      32.757632     -40.084430
1135         -27.468195      32.254051     -50.000000
1136         -25.000000      27.942286     -50.000000
1137         -20.004380      27.938506     -50.000000
1138         -22.494699      32.269353     -50.000000
1139         -24.993816      36.598970     -50.000000
1140         -27.619301      44.635249     -44.228483
1141         -23.258186      40.967996     -50.000000
1142         -28.797791      29.234717     -44.538988
1143         -29.256631      -0.675198     -35.317111
1144         -33.985209       0.218333     -31.896748
1145         -36.427679      17.029274     -41.431685
1146         -40.301028       9.278075     -38.869796
1147         -38.588977       3.694961     -29.739237
1148         -37.897381       5.478657     -35.893227
1149         -44.441825      15.820685     -33.139793
1150         -39.450909      14.273239     -35.255242
1151         -28.023421       6.285953     -38.904041
1152         -34.106863       9.474687     -37.545959
1153         -32.919186       3.941359     -37.281517
1154         -24.732005      -6.707375     -37.763556
1155         -26.902177      -2.373438     -39.619327
1156         -18.518070      -7.912007     -36.873991
1157         -45.366719       2.333378     -17.442010
1158         -37.726045      -8.291435     -23.385368
1159         -31.046576      -6.674181     -25.684436
1160         -38.757238      -2.900048     -23.837950
1161         -41.675767       0.000000     -20.176373
1162         -40.512048       1.932851     -24.820937
1163         -34.336959      45.332385     -38.837922
1164         -32.500000      50.000000     -37.009619
1165         -42.598628      50.000000     -27.922080
1166         -35.000000      50.000000     -32.679492
1167         -37.536629      50.000000     -28.267831
1168         -37.291220      37.290528     -37.290528
1169         -37.820116      45.319002     -30.760826
1170         -41.350319      41.371975     -30.353667
1171         -38.339197      43.599012     -35.758758
1172         -17.500000      23.612159     -50.000000
1173         -20.000000      19.282032     -50.000000
1174         -17.500000      14.951905     -50.000000
1175         -18.738779      -0.431468     -45.094742
1176         -23.155602       0.280224     -42.039617
1177         -19.753319      -2.191920     -37.854074
1178         -18.245718       4.576856     -45.322229
1179         -25.419287      11.401833     -40.884965
1180         -23.807417       1.818467     -36.214904
1181         -22.883772       6.873251     -37.625841
1182         -12.780414      -5.065735     -45.597289
1183         -12.500000      -2.368603     -50.000000
1184         -10.000000       1.961524     -50.000000
1185          -7.500000      -2.368603     -50.000000
1186          -2.500000      -2.368603     -50.000000
1187         -14.535538       2.160411     -42.866838
1188         -10.332021       4.656583     -45.274967
1189         -15.000000      10.621778     -50.000000
1190          -7.500000       6.291651     -50.000000
1191         -10.000000      10.621778     -50.000000
1192         -12.500000      14.951905     -50.000000
1193         -50.000000      35.022956     -23.939761
1194         -50.000000      29.978526     -24.006840
1195         -44.501264      15.157367     -27.541986
1196         -50.000000      25.000000     -24.019238
1197         -50.000000      20.000000     -24.019238
1198         -50.000000      12.500000     -19.689111
1199         -50.000000      17.500000     -19.689111
1200         -50.000000      -5.000000      -6.698730
1201         -50.000000      -7.499998      -2.368604
1202         -50.000000      -2.500000      -2.368603
1203         -44.215039      -3.768872     -13.183025
1204         -39.857342      -1.935144     -15.585757
1205         -45.583700      -0.245094      -9.666021
1206         -50.000000       0.000000      -6.698730
1207         -50.000000      50.000000     -20.000000
1208         -41.267707     -31.762712      12.371737
1209         -38.494821     -43.398544      19.431803
1210         -33.398505     -44.873432      17.615571
1211         -43.224296     -38.277555      19.414251
1212         -25.000000     -50.000000      50.000000
1213          -6.253280     -43.399858     -20.036541
1214          -2.451520     -45.407439     -16.776576
1215          -6.315797     -37.784455     -24.767453
1216         -16.171104     -42.060203     -11.950672
1217         -19.271861     -43.919879      -6.308169
1218          50.000000     -50.000000     -25.000000
1219          35.000000     -50.000000     -32.679492
1220          32.503195     -50.000000     -28.337456
1221          43.516502     -35.530410     -43.412169
1222          50.000000     -34.987317     -41.340899
1223          50.000000     -32.500164     -37.002907
1224          45.200897     -38.724920     -39.170610
1225          50.000000     -37.493733     -36.976223
1226          43.711966     -43.711966     -36.017737
1227          38.222801     -44.882134     -33.282947
1228          50.000000     -40.150404     -32.577471
1229          45.238200     -45.214841     -29.904878
1230          50.000000     -46.704150     -27.696982
1231          50.000000     -42.664190     -27.874186
1232          50.000000     -50.000000     -20.000000
1233          45.281278     -50.000000     -23.127360
1234          50.000000     -50.000000     -15.000000
1235          24.624459     -44.684622     -29.234070
1236          27.500000     -50.000000     -28.349365
1237          29.997504     -50.000000     -24.020679
1238          42.598628     -50.000000     -27.922080
1239          37.536629     -50.000000     -28.267831
1240          40.009865     -50.000000     -23.969437
1241           8.224305     -34.271852     -38.434642
1242          14.720479     -37.028469     -38.612538
1243          10.649274     -37.660354     -35.459963
1244          19.669316     -38.542050     -37.640791
1245          15.064697     -38.946502     -33.210299
1246          24.999583     -50.000000     -24.019479
1247          20.000000     -50.000000     -24.019238
1248          27.499993     -50.000000     -19.689116
1249          22.499920     -50.000000     -19.689158
1250           6.209999     -33.868854     -32.888304
1251          10.614226     -37.475765     -30.343731
1252          14.960031     -40.806663     -27.360282
1253           0.822709     -39.364164     -25.129144
1254           7.500000     -50.000000     -19.689111
1255           5.000000     -50.000000     -15.358984
1256           0.214322     -41.581623     -20.354397
1257           7.021957     -43.149842     -21.261821
1258          10.739570     -39.348156     -24.743838
1259          17.499998     -50.000000     -19.689112
1260          15.807887     -43.490221     -21.092205
1261          38.415531     -37.882367     -44.432823
1262          24.891157     -37.929475     -37.929475
1263          29.960276     -39.266818     -37.218934
1264          33.714526     -34.907655     -43.150254
1265          30.108934     -31.035787     -45.114511
1266          25.777564     -32.529587     -42.750315
1267          29.445039     -35.144154     -40.447555
1268          30.181423     -44.829515     -28.103360
1269          37.309716     -37.308966     -37.308966
1270          32.393690     -42.494564     -33.805801
1271          30.421540     -38.256688     -31.965523
1272          -0.163006     -20.416756     -41.559498
1273           3.290700     -18.911429     -45.011780
1274           5.978562     -23.532815     -37.959932
1275          17.526724     -27.163443     -44.028099
1276          15.000000     -24.019238     -50.000000
1277          17.499988     -19.689118     -50.000000
1278          12.392873     -23.983781     -44.440365
1279           6.770395     -22.154625     -43.144766
1280           7.500000     -19.689111     -50.000000
1281          12.500000     -19.689111     -50.000000
1282          10.000000     -15.358984     -50.000000
1283          15.000000     -15.358984     -50.000000
1284          20.000000     -15.358984     -50.000000
1285          22.499931     -19.689151     -50.000000
1286          24.999585     -24.019478     -50.000000
1287          29.997507     -24.020677     -50.000000
1288          32.500000     -19.689111     -50.000000
1289          27.499504     -19.689397     -50.000000
1290          12.500000     -11.028857     -50.000000
1291          10.000000      -6.698730     -50.000000
1292          -0.000000      -6.698730     -50.000000
1293           2.500000     -11.028857     -50.000000
1294           5.000000      -6.698730     -50.000000
1295           7.500000     -11.028857     -50.000000
1296           7.500000     -14.506040     -45.214228
1297          50.000000     -15.000000     -50.000000
1298          50.000000     -10.000000     -50.000000
1299          34.985042     -24.027874     -50.000000
1300          30.765487     -25.927196     -44.884574
1301          35.006043     -29.449466     -44.825473
1302          44.784351     -29.895561     -44.922752
1303          39.332392     -26.550426     -45.420817
1304          39.930326     -24.060051     -50.000000
1305          37.410254     -19.740926     -50.000000
1306          40.125199     -29.924974     -41.488891
1307          50.000000     -24.999896     -41.339686
1308          44.799244     -29.864909     -38.043140
1309          50.000000     -27.498310     -37.006395
1310          50.000000     -29.993114     -32.662027
1311          12.575351     -29.209867     -41.135562
1312          20.429473     -33.477390     -35.887950
1313          16.842608     -30.467515     -38.308446
1314          20.319791     -38.854957     -28.908545
1315          21.629898     -42.756370     -24.666388
1316          27.475321     -39.753586     -28.182049
1317          21.350944     -23.021463     -45.032844
1318          25.330168     -26.287286     -44.036142
1319          25.692515     -31.086318     -37.014035
1320          21.323027     -27.882749     -39.322634
1321          25.884231     -36.161731     -32.474999
1322          45.184615     -23.393055     -50.000000
1323          50.000000     -22.500000     -45.669873
1324          45.669873     -17.500000     -50.000000
1325          41.830842     -19.990578     -50.000000
1326          50.000000     -17.500000     -45.669873
1327         -45.426767      29.972738     -29.660570
1328         -43.276150      24.615669     -33.556883
1329         -45.562074      20.038286     -28.445154
1330         -44.652638      24.991105     -27.807268
1331         -41.601226      31.189527     -33.229228
1332         -32.380400      25.797190     -37.130863
1333         -41.822926      10.766903     -30.692511
1334         -43.453020       6.398900     -19.962686
1335         -35.968357      25.908242     -31.366830
1336         -40.911758      19.157346     -30.278974
1337         -36.245498      19.886599     -34.452318
1338         -45.412254      17.053768     -22.822817
1339         -42.490485      12.445310     -22.544287
1340         -39.495219      16.396836     -25.810400
1341         -37.786037       6.317601     -24.750456
1342         -34.462174      -0.238617     -26.029856
1343         -45.666608     -27.507234      50.000000
1344         -50.000000     -27.527521      46.152914
1345         -50.000000     -25.000000      50.000000
1346         -50.000000     -20.000000      10.621778
1347         -50.000000     -14.999916       1.961459
1348         -50.000000     -17.499496       6.291259
1349         -50.000000     -17.500000      14.951905
1350         -50.000000     -25.000000      19.282032
1351         -43.036060     -37.172510      44.515272
1352         -43.881543     -38.832606      39.286533
1353         -50.000000     -32.500000      45.669873
1354         -41.353029     -35.092203      50.000000
1355         -50.000000     -32.493211      40.649583
1356         -50.000000     -34.975071      36.564630
1357         -50.000000     -29.997582      36.602265
1358         -50.000000     -35.000000      27.942286
1359         -50.000000     -32.500000      23.612159
1360         -50.000000     -30.000000      27.942286
1361         -50.000000     -27.475087      23.631460
1362         -44.316742     -35.818690      25.411274
1363         -22.500000     -50.000000      14.951905
1364         -27.500000     -50.000000      23.612159
1365         -29.761804     -50.000000      28.079809
1366         -20.000000     -50.000000      19.282032
1367         -22.500000     -50.000000      23.612159
1368         -17.499821     -50.000000      23.611858
1369         -41.525028     -41.438440      25.390376
1370         -41.711961     -41.336494      33.971301
1371         -44.564877     -37.715986      30.718498
1372         -37.500985     -44.112850      29.478353
1373         -33.143274     -45.188813      26.614027
1374         -35.888001     -43.846028      35.592601
1375         -31.861695     -50.000000      32.334340
1376         -29.674433     -50.000000      36.414574
1377         -33.661821     -50.000000      35.725458
1378         -35.299349     -44.818694      44.775655
1379         -32.477340     -50.000000      45.393282
1380         -32.546010     -45.557285      50.000000
1381         -32.698015     -40.259731      50.000000
1382         -19.996338     -50.000000      27.940850
1383         -25.000000     -50.000000      27.942286
1384         -27.406040     -50.000000      32.264006
1385         -27.306672     -50.000000      45.730594
1386         -27.737665     -46.743199      50.000000
1387         -28.066516     -50.000000      40.876129
1388         -24.927469     -50.000000      36.569578
1389         -35.870846     -41.372541      24.171929
1390         -29.303944     -44.817565      30.231918
1391         -39.165006     -37.099978      40.522861
1392         -32.192103     -44.923600      39.072657
1393         -27.961000     -42.802981      50.000000
1394         -28.143614     -37.593976      50.000000
1395         -24.308192     -40.940331      50.000000
1396         -44.872405      11.333675     -17.475738
1397         -50.000000      10.000000     -15.358984
1398         -50.000000      15.000000     -15.358984
1399         -50.000000      17.500000     -11.028857
1400         -50.000000       7.500000     -11.028857
1401         -50.000000       5.000000      -6.698730
1402         -50.000000      12.500000     -11.028857
1403         -50.000000      10.000000      -6.698730
1404         -44.794966      -8.573113     -10.985580
1405         -40.185355      -8.593541     -13.630743
1406         -50.000000      -7.499974       6.291631
1407         -50.000000      -9.999985       1.961512
1408         -50.000000      -5.000000       1.961524
1409         -50.000000      -2.499999       6.291650
1410         -42.691702       2.344628     -13.038752
1411         -45.134162       7.285274     -13.688891
1412         -38.260637       9.638833     -20.358388
1413         -50.000000     -27.510424      41.110032
1414         -44.384137     -28.268902      44.195247
1415         -35.642458     -35.301144      43.859339
1416         -33.084322     -35.701187      50.000000
1417         -37.143069     -32.994987      50.000000
1418         -41.285996     -30.058230      50.000000
1419         -33.737261     -31.458548      50.000000
1420         -41.373904     -24.985177      50.000000
1421         -24.736154     -44.630507      13.721025
1422         -26.095185     -44.097123       7.170999
1423         -32.095295     -42.848312       6.998171
1424         -27.016943     -45.217991      18.424610
1425         -30.232391     -42.542437      21.614147
1426         -44.961147     -23.312572      13.995075
1427         -50.000000     -20.000000      19.282032
1428         -50.000000     -15.000000      19.282032
1429         -39.663543     -35.091815      16.649242
1430         -30.329946     -40.911579      14.040364
1431         -35.533400     -37.166678      13.630958
1432         -34.872906     -37.733630      37.702828
1433         -50.000000     -25.000000      27.942286
1434         -50.000000     -22.500000      23.612159
1435         -43.294326     -34.884207      35.429618
1436         -45.021840     -31.073710      32.376263
1437         -50.000000     -27.500000      32.272413
1438         -50.000000     -25.000000      36.602540
1439         -43.883876     -27.766893      16.496428
1440         -42.264584     -31.615613      21.228155
1441         -44.502931     -25.874619      22.083229
1442         -50.000000     -14.999900      10.621700
1443         -50.000000     -12.499902       6.291575
1444         -50.000000     -12.499978      14.951888
1445           2.240766     -14.146619     -43.493044
1446          -4.984983     -19.402437     -37.090523
1447         -14.752735     -18.522004     -33.530899
1448          -9.151666     -20.473629     -33.523987
1449         -15.114701     -13.430128     -36.922437
1450         -11.500731     -17.167805     -39.647265
1451         -11.229555     -10.707135     -42.887126
1452          -7.235761     -14.918159     -37.992658
1453          -7.984536      -6.893961     -44.969459
1454         -14.629365      -4.679874     -40.783816
1455          -4.503185     -13.188447     -41.933436
1456          -2.661317      -7.535179     -44.157842
1457         -14.345992      -0.212727     -38.376493
1458         -35.958315     -32.647392     -11.860671
1459         -35.828818     -37.786924      -5.014361
1460         -32.995225     -35.279614      -8.539223
1461         -29.158622     -37.094876      -5.585277
1462         -32.088869     -38.333873      -1.652256
1463         -40.256305     -30.991619       0.634243
1464         -37.379233     -30.573846      -4.449889
1465         -37.226333     -26.018247      -8.511976
1466         -26.148076     -37.766864     -11.286953
1467         -23.625157     -33.849424     -16.980428
1468         -22.920059     -38.885955      -6.537583
1469         -31.301101     -28.621725     -12.511852
1470         -28.276440     -33.200560      -9.391038
1471         -23.077765     -26.673533     -20.878757
1472         -24.434648     -26.644314     -12.301867
1473         -17.256040     -38.271321     -15.930622
1474         -20.238905     -35.227901     -12.295675
1475         -17.043544     -37.769485      -8.497938
1476         -17.116789     -30.578372     -21.443919
1477         -20.205696     -28.932792     -16.050149
1478         -10.617096     -36.970976     -20.384101
1479          -9.055431     -39.796439     -15.096884
1480         -14.128832     -33.659591     -16.500915
1481         -26.899609      -4.301252     -31.436301
1482         -27.616909      -0.005130     -27.590092
1483         -36.473982      -5.374766     -17.787362
1484         -32.498210      -9.839132     -20.263040
1485         -24.246000     -39.298005      -1.587106
1486           2.597299     -44.256404     -15.261427
1487           7.500000     -50.000000     -11.028857
1488           2.500000     -50.000000     -11.028857
1489         -14.457454     -44.982413      -7.992373
1490          -6.864153     -44.871989     -13.718292
1491          -2.500000     -50.000000     -11.028857
1492          -7.500000     -50.000000     -11.028857
1493         -10.000000     -50.000000      -6.698730
1494         -12.500000     -50.000000      -2.368603
1495          -5.000000     -50.000000      -6.698730
1496          -0.000000     -50.000000      -6.698730
1497         -20.972682     -42.807263       0.219402
1498         -16.194636     -45.095747      -1.514780
1499         -15.000000     -50.000000       1.961524
1500         -17.500000     -50.000000       6.291651
1501         -10.000000     -50.000000       1.961524
1502         -43.393344     -25.637458       3.392493
1503         -45.160212     -19.855484       6.874285
1504         -39.559055     -25.540150      -0.017044
1505         -44.413051      -6.791989      -4.244222
1506         -43.610805     -18.709675       1.814581
1507         -35.659801     -13.799125     -16.548561
1508         -35.509270     -10.279454     -12.982370
1509         -33.583086     -20.582653     -10.074806
1510         -41.559951     -18.527825      -4.371635
1511         -44.192827     -13.856083      -1.671425
1512         -42.663321     -11.633428      -7.199238
1513         -38.337748     -14.647185      -9.268813
1514         -37.302504     -22.494312      -3.853255
1515         -39.298394     -21.041331      -8.647713
1516         -42.106587     -23.354608       9.657384
1517         -35.736723     -32.014225      10.899375
1518         -39.094208     -27.174854      11.402102
1519         -35.312106     -36.414352       7.254998
1520         -27.080080     -40.100461       2.627059
1521         -32.482719     -38.870617       3.362413
1522         -31.449885     -34.054576       1.142077
1523         -35.752856     -32.363490       3.966080
1524         -36.857891     -28.128721       6.841207
1525         -37.509571     -23.226688       7.662383
1526         -27.780548     -22.899961     -14.548281
1527         -32.266318     -18.986796     -16.296486
1528         -20.000000     -50.000000      10.621778
1529         -15.000000     -50.000000      10.621778
1530         -17.500000     -50.000000      14.951905
1531         -12.500000     -50.000000      14.951905
1532         -19.360860     -44.168431       5.445841
1533          -3.491076     -28.031953     -31.429964
1534           0.043253     -19.338578     -36.630632
1535          -4.361763     -22.912350     -31.474105
1536          -0.000000     -27.608514     -27.608514
1537          -7.943515     -27.587970     -27.198039
1538          -6.287927     -31.915352     -23.312622
1539         -10.920215     -29.025579     -20.713622
1540         -28.851934     -14.894170     -19.471956
1541         -27.007333     -16.665934     -25.217691
1542         -13.835792     -25.876984     -25.482086
1543         -20.150111     -26.718017     -25.595866
1544         -24.617901     -21.157151     -26.910901
1545         -20.049783     -19.572606     -28.658395
1546         -15.719408     -22.088354     -28.200390
1547         -24.764172     -21.461367     -21.780766
1548         -27.037117      -9.898894     -20.866606
1549         -23.825422     -12.925887     -27.240042
1550         -21.894209     -17.020930     -23.827602
1551         -23.949748     -17.376716     -17.844233
1552         -24.967358     -12.171349     -16.512528
1553         -25.564571      -6.348525     -24.793168
1554         -20.048136      -8.322714     -30.336428
1555         -10.814701     -20.977233     -28.212717
1556         -15.820039     -14.108515     -30.722822
1557         -12.711157      -5.595587     -35.976865
1558         -13.947467      -9.518330     -32.704487
1559          -0.363959     -34.820864     -27.585913
1560           3.297695     -31.743731     -29.305568
1561           5.886757     -38.081138     -26.020621
1562           3.774643     -27.110685     -31.340530
1563           2.760032     -22.454334     -33.730648
1564           8.773003     -28.907977     -36.003701
1565          -9.622472     -43.313236      -8.982747
1566         -11.058274     -35.596075     -12.780398
1567          17.500000     -50.000000     -11.028857
1568          13.226303     -45.385550     -16.988743
1569          10.000000     -50.000000     -15.358984
1570          14.999998     -50.000000     -15.358985
1571          -5.000000       1.961524     -50.000000
1572          -5.000000      10.621778     -50.000000
1573          -7.500000      14.951905     -50.000000
1574          -0.000000      -3.007709     -45.575539
1575          -0.000000       1.961524     -50.000000
1576           2.500000      -2.368603     -50.000000
1577           7.500000      -2.368603     -50.000000
1578           5.000000       1.961524     -50.000000
1579           2.500000       6.291651     -50.000000
1580         -10.000000      50.000000     -50.000000
1581         -14.861468       8.170439     -44.316657
1582         -20.741725       7.841156     -42.408047
1583         -20.255300      14.603156     -43.516906
1584         -15.000000      19.282032     -50.000000
1585         -31.897987      19.981946     -38.196021
1586         -29.948990      13.110960     -37.565554
1587         -27.570488      17.073149     -40.591204
1588         -23.687920      26.655414     -44.317024
1589         -27.376637      26.667327     -39.619468
1590         -17.150742      23.962928     -44.571889
1591         -21.545619      21.306186     -42.745366
1592         -22.840140      16.511294     -38.168636
1593          -5.000000      50.000000     -50.000000
1594          -2.719973      45.535500     -50.000000
1595           0.000000      50.000000     -50.000000
1596         -40.323545      35.987362     -30.853087
1597         -43.011527      33.879460     -26.536928
1598         -44.547524      44.577813     -25.881714
1599         -44.878129      38.859897     -27.196460
1600         -45.281278      50.000000     -23.127360
1601         -50.000000      45.299275     -23.064713
1602         -50.000000      40.107840     -23.749310
1603         -44.646265      37.309088     -22.071504
1604         -50.000000      37.500000     -19.689111
1605         -50.000000      32.492807     -19.684958
1606         -25.806024      21.503068     -36.812839
1607         -34.299387      30.890119     -35.592192
1608         -27.500000      50.000000     -37.009619
1609         -30.000000      50.000000     -32.679492
1610         -15.005993      27.938386     -50.000000
1611         -20.194780      36.487874     -50.000000
1612         -17.531580      32.252792     -50.000000
1613         -15.000000      36.602540     -50.000000
1614         -12.506262      32.241056     -50.000000
1615          -7.523070      45.670770     -50.000000
1616         -12.473813      45.670674     -50.000000
1617         -14.918472      41.584740     -50.000000
1618         -17.280027      45.535500     -50.000000
1619         -22.103543      45.450033     -50.000000
1620         -22.500000      50.000000     -45.669873
1621         -12.500000      50.000000     -45.669873
1622         -17.500000      50.000000     -45.669873
1623         -18.680164      40.251299     -50.000000
1624         -25.000000      50.000000     -41.339746
1625         -20.000000      50.000000     -41.339746
1626         -22.500000      50.000000     -37.009619
1627         -27.046123      37.641541     -43.926667
1628         -31.536765      33.457002     -41.803447
1629         -26.831085      44.245462     -38.742212
1630         -31.531123      41.710841     -41.579354
1631         -31.403680      37.469735     -37.488951
1632         -23.239723      32.318924     -42.473770
1633         -19.039954      30.251535     -45.198388
1634         -20.074236      37.445157     -43.887259
1635         -22.500000      43.030232     -42.783122
1636         -14.447128      39.320635     -45.300236
1637         -27.354647      32.327956     -37.237004
1638         -28.757983       4.335866     -32.825641
1639         -34.046976       6.115512     -32.172762
1640         -31.329467       4.367091     -27.410203
1641         -33.482211      14.304267     -33.490858
1642         -36.515711      10.688322     -31.038289
1643         -37.214108      15.671203     -30.323489
1644         -28.438970       9.923916     -33.314276
1645         -32.976056       8.089381     -23.872615
1646         -21.567967      -2.116321     -32.187418
1647         -15.515759      -3.541498     -31.983443
1648         -37.101098       4.159306     -18.845199
1649         -31.111209      -3.750087     -20.951754
1650         -35.462140      -0.733212     -20.232961
1651         -32.253778      42.346064     -33.604845
1652         -39.852667      42.032072     -25.103621
1653         -40.009865      50.000000     -23.969437
1654         -32.503195      50.000000     -28.337456
1655         -34.985040      50.000000     -24.027875
1656         -37.410249      50.000000     -19.740929
1657         -29.843841      44.895900     -29.147018
1658         -29.997504      50.000000     -24.020679
1659         -27.500000      50.000000     -28.349365
1660         -34.891033      43.250301     -26.843163
1661         -34.871735      36.014834     -30.094965
1662          -0.000000      10.621778     -50.000000
1663          -2.500000       6.291651     -50.000000
1664         -10.000000      19.282032     -50.000000
1665         -12.500000      23.612159     -50.000000
1666         -14.734372      15.499511     -44.753870
1667         -17.631614       3.181779     -36.502216
1668         -23.444835       5.418541     -31.354211
1669         -22.287605      11.804936     -35.697686
1670         -18.952165       7.809873     -33.662145
1671          -9.034358      -1.812966     -43.392150
1672         -13.216436       7.245170     -37.325911
1673          -2.634409       0.440548     -42.854559
1674          -8.460701       4.786666     -40.158253
1675          -4.867825       6.833775     -44.510176
1676          -9.301429      10.694520     -43.295080
1677          -9.395682      15.748286     -45.057543
1678         -10.000326      36.291069     -50.000000
1679          -7.500000      32.248896     -50.000000
1680         -50.000000     -20.000000      50.000000
1681         -50.000000     -15.000000      50.000000
1682         -30.370708     -12.659300     -14.512769
1683         -50.000000      30.000000     -15.358984
1684         -50.000000      27.496421     -19.687045
1685         -50.000000      20.000000     -15.358984
1686         -50.000000      22.500000     -19.689111
1687         -50.000000      25.000000     -15.358984
1688         -44.078404      29.514966     -22.086345
1689         -45.653170      24.967754     -20.506515
1690         -42.986867      21.601111     -23.191554
1691         -43.490457      17.324168     -18.034249
1692         -43.978549     -10.174612       4.396770
1693         -50.000000       2.500000      -2.368603
1694         -50.000000       0.000000       1.961524
1695         -50.000000       2.500000       6.291651
1696         -50.000000       7.500000      -2.368603
1697         -50.000000       5.000000       1.961524
1698         -44.787246      -1.762499      -2.698368
1699         -37.305573      -4.154092     -11.087458
1700         -35.027947      -0.000698     -14.556160
1701         -41.619210      -2.621131      -7.411493
1702         -44.370007       2.634760      -5.582026
1703         -50.000000      41.915838     -19.829498
1704         -41.961524      50.000000     -20.000000
1705         -50.000000      45.669873     -17.500000
1706         -45.669873      50.000000     -17.500000
1707         -50.000000      50.000000     -15.000000
1708         -50.000000      50.000000     -10.000000
1709         -50.000000      50.000000      -5.000000
1710         -50.000000      35.000000     -15.358984
1711         -50.000000      15.000000      -6.698730
1712         -50.000000      20.000000      -6.698730
1713         -50.000000      22.500000     -11.028857
1714         -50.000000      24.999660      -6.698678
1715         -38.078770     -29.831058      17.184134
1716         -21.757514     -40.938499      10.137215
1717         -36.138489     -36.927315      20.480444
1718         -36.705502     -36.294598      25.815341
1719         -20.000000     -50.000000      50.000000
1720         -23.181313     -45.355731      50.000000
1721         -22.500000     -50.000000      40.932667
1722         -22.461334     -50.000000      46.466627
1723         -22.484340     -50.000000      32.271012
1724         -19.985301     -50.000000      36.573296
1725         -15.000000     -50.000000      50.000000
1726          -2.203203     -42.140938     -11.907122
1727          -3.628310     -38.882282     -16.942280
1728          -1.588093     -35.223548     -20.960488
1729         -17.499063     -50.000000      40.621008
1730         -10.000000     -50.000000      50.000000
1731         -12.500000     -50.000000       6.291651
1732         -10.000000     -50.000000      10.621778
1733          -7.500000     -50.000000       6.291651
1734         -11.481612     -37.828676      -8.105270
1735         -14.274893     -41.101653      -4.131359
1736         -23.116569     -36.603898       5.083210
1737         -18.913110     -43.974324      14.725259
1738         -17.237228     -45.072499      19.776539
1739         -15.000000     -50.000000      19.282032
1740         -10.000000     -50.000000      19.282032
1741          50.000000     -50.000000     -10.000000
1742          50.000000     -50.000000      -5.000000
1743          34.985040     -50.000000     -24.027875
1744          32.499991     -50.000000     -19.689117
1745          37.410249     -50.000000     -19.740929
1746          50.000000     -45.299275     -23.064713
1747          35.751697     -43.827952     -28.488407
1748          43.648619     -34.989337     -35.565281
1749          39.565349     -36.677698     -32.411948
1750          50.000000     -35.032636     -32.622281
1751          45.280491     -37.999589     -31.531864
1752          41.376283     -41.397341     -30.433907
1753          50.000000     -37.653481     -28.213781
1754          50.000000     -40.107840     -23.749310
1755          43.658845     -42.792326     -24.080160
1756          50.000000     -45.669873     -17.500000
1757          45.669873     -50.000000     -17.500000
1758          41.961524     -50.000000     -20.000000
1759          50.000000     -45.595844     -12.550709
1760          45.595094     -50.000000     -12.554490
1761          40.697774     -50.000000     -15.240021
1762          37.381830     -50.000000     -10.960654
1763          34.999979     -50.000000     -15.358998
1764          29.999965     -50.000000     -15.359008
1765          26.718551     -44.631007     -22.509379
1766          19.999988     -50.000000     -15.358992
1767          24.999958     -50.000000     -15.359012
1768          30.460430     -45.230039     -18.873953
1769          32.229613     -42.839400     -23.201962
1770          37.980645     -43.300306     -23.193102
1771          10.311485     -31.611824     -30.982382
1772          14.240578     -33.523426     -33.523426
1773          17.216478     -34.978681     -29.733571
1774           8.914611     -26.865909     -29.946070
1775          22.098332     -44.399634     -19.304123
1776           5.000000     -50.000000      -6.698730
1777           7.499998     -50.000000      -2.368604
1778          27.499878     -50.000000     -11.028939
1779           5.186494     -27.305089     -26.017990
1780           7.653647     -32.096261     -26.710365
1781          14.907794     -33.100260     -25.674229
1782          11.304392     -28.746543     -25.963862
1783          12.500000     -50.000000     -11.028857
1784           9.999996     -50.000000      -6.698732
1785          14.999987     -50.000000      -6.698739
1786          15.216115     -37.787168     -22.203298
1787          20.753872     -36.144895     -21.339749
1788           3.698709     -37.212973     -21.448170
1789           8.416241     -45.159624     -10.117093
1790           8.533103     -44.252840     -15.042957
1791           5.059557     -38.727882     -16.725702
1792           5.531135     -41.086194     -10.545321
1793          10.010778     -35.174122     -21.772036
1794          11.617618     -39.665503     -17.216343
1795          19.377616     -41.735410     -15.160062
1796          17.524985     -37.604474     -17.607414
1797          21.911141     -33.187352     -29.436900
1798          35.843407     -31.945995     -38.382971
1799          30.434925     -34.263788     -35.565536
1800          31.390298     -28.815029     -39.942419
1801          29.405296     -28.570513     -34.762266
1802          27.644789     -39.412689     -22.750545
1803          28.975130     -34.825319     -28.593699
1804          31.877094     -37.283602     -25.138327
1805          34.641526     -36.086262     -30.204387
1806          40.697780     -15.240017     -50.000000
1807          35.000000     -15.358984     -50.000000
1808          30.000000     -15.358984     -50.000000
1809          32.500000     -11.028857     -50.000000
1810          14.131674     -24.561396     -39.616385
1811          27.500000     -11.028857     -50.000000
1812          25.000000     -15.358984     -50.000000
1813           5.084770     -17.999799     -38.164533
1814          10.907656     -21.422135     -37.148780
1815           7.264182     -20.095601     -33.857507
1816          22.500000     -11.028857     -50.000000
1817          17.331546     -21.397087     -42.083424
1818          17.500000     -16.733713     -45.180510
1819          17.500000     -11.028857     -50.000000
1820          11.820092     -17.363090     -43.466319
1821          12.956774     -11.325543     -43.884781
1822          20.398384     -12.228072     -45.220032
1823          23.136633     -18.347375     -43.465218
1824          28.974069     -21.378011     -42.181193
1825          32.601637     -19.213861     -44.964683
1826          28.606204     -16.146730     -44.495826
1827          12.500000      -2.368603     -50.000000
1828          15.000000      -6.698730     -50.000000
1829          25.000000      -6.698730     -50.000000
1830          20.000000      -6.698730     -50.000000
1831          17.500000      -2.368603     -50.000000
1832          10.000000       1.961524     -50.000000
1833           5.016804      -2.956556     -45.679152
1834           9.170349      -4.901210     -43.591542
1835           5.541932      -9.413425     -44.682794
1836           8.159245     -12.407761     -40.209856
1837           3.426897     -10.464884     -40.144600
1838           2.714551      -5.131483     -41.786724
1839          37.381848     -10.960642     -50.000000
1840          50.000000      -5.000000     -50.000000
1841          46.665516      -2.500000     -50.000000
1842          50.000000      -0.000000     -50.000000
1843          45.595094     -12.554490     -50.000000
1844          41.781416     -10.510401     -50.000000
1845          45.232354      -7.098129     -50.000000
1846          40.000000      -6.698730     -50.000000
1847          50.000000     -12.499999     -45.669873
1848          50.000000      -7.500000     -45.669873
1849          50.000000     -32.436945     -28.295325
1850          35.525093     -23.928866     -42.949368
1851          33.428639     -24.363149     -38.221637
1852          38.618036     -26.566412     -37.391843
1853          42.372291     -22.271984     -42.330103
1854          50.000000     -19.999888     -41.339681
1855          33.648624     -19.424401     -40.019979
1856          37.290166     -17.453051     -43.652039
1857          40.424352     -29.587736     -32.560350
1858          43.559783     -24.572908     -35.998156
1859          50.000000     -22.499487     -37.009323
1860          50.000000     -24.997363     -32.677970
1861          45.384214     -27.493027     -31.977025
1862          50.000000     -27.484181     -28.340232
1863          15.163016     -26.675580     -35.055148
1864          19.171263     -29.361818     -32.613182
1865          25.295521     -35.237960     -25.030786
1866          25.393090     -23.745526     -38.083879
1867          24.129718     -27.217300     -32.857923
1868          20.701004     -24.140795     -35.561884
1869          36.035001     -31.109077     -30.292953
1870          29.977612     -29.979967     -29.979967
1871          22.500000      -2.368603     -50.000000
1872          27.500000      -2.368603     -50.000000
1873          44.712603     -16.915241     -43.120698
1874          50.000000     -17.499841     -37.009527
1875          50.000000     -14.999950     -41.339717
1876          50.000000     -12.499974     -37.009604
1877          41.231957     -12.576729     -41.156209
1878         -14.118227       2.378272     -32.877479
1879         -39.596014      27.404903     -25.884279
1880         -38.951764      22.228009     -26.495085
1881         -27.988561      27.374206     -34.175803
1882         -35.115486      30.996344     -27.071847
1883         -30.005041      30.058357     -29.789830
1884         -31.797571      24.453650     -28.430584
1885         -30.567154      22.265216     -33.102808
1886         -35.257571      13.043711     -26.438126
1887         -39.802568       9.048757     -15.083888
1888         -40.089513      13.522434     -17.562927
1889         -34.412054      19.892306     -27.729545
1890         -36.921988      18.108655     -21.333424
1891         -37.939985      23.795679     -21.430626
1892         -30.771922       3.900792     -21.717798
1893          -5.000000     -50.000000      50.000000
1894          -0.000000     -50.000000      50.000000
1895         -45.675676     -22.498735      50.000000
1896         -50.000000     -22.682227      44.668542
1897         -50.000000     -22.780305      40.009741
1898         -45.669873     -17.500000      50.000000
1899         -50.000000     -17.500000      23.612159
1900         -50.000000     -12.500000      23.612159
1901         -50.000000      -9.999967      10.621753
1902         -50.000000      -4.999993      10.621773
1903         -44.220891     -18.333190      12.720865
1904         -41.837293     -15.598566       7.262883
1905         -45.447860     -14.745351      16.388041
1906         -50.000000      -7.499991      14.951898
1907         -50.000000     -10.000000      19.282032
1908         -42.333158     -21.905642      18.247140
1909         -44.743963     -20.000000      23.664730
1910         -50.000000       2.500000      14.951905
1911         -41.060009     -32.353771      41.334472
1912         -44.733843     -28.996235      38.549430
1913         -43.584459     -29.056890      27.827248
1914         -39.930642     -34.124943      29.566878
1915         -50.000000     -20.000000      27.942286
1916         -50.000000     -15.000000      27.942286
1917         -50.000000     -22.500000      32.272413
1918         -50.000000     -17.533370      32.225710
1919         -50.000000     -20.200218      36.463427
1920         -12.500000     -50.000000      23.612159
1921          -7.500000     -50.000000      23.612159
1922          -5.000000     -50.000000      27.942286
1923         -10.000000     -50.000000      27.942286
1924         -14.998925     -50.000000      27.940481
1925         -12.498608     -50.000000      32.266688
1926         -14.996707     -50.000000      36.573298
1927         -17.494940     -50.000000      32.267306
1928         -23.138543     -41.669820      18.622951
1929         -25.889835     -44.194084      25.798638
1930         -19.845655     -43.601657      24.311153
1931         -15.176883     -45.596297      25.250757
1932         -18.528408     -40.187281      20.167339
1933         -36.854333     -38.466166      32.169306
1934         -32.438256     -40.390607      28.722957
1935         -18.307921     -44.769197      29.774277
1936         -29.484973     -42.506868      35.362878
1937         -30.765344     -41.589397      42.784674
1938         -23.563464     -43.028836      31.484224
1939         -24.997029     -43.467631      44.317623
1940         -22.381484     -44.663266      38.086021
1941         -28.885177     -37.997553      24.878779
1942         -27.290293     -40.114284      29.344153
1943         -20.000000     -41.339746      50.000000
1944         -36.102162     -32.390790      39.448198
1945         -29.315303     -37.394045      37.565466
1946         -29.944569     -32.470403      50.000000
1947         -26.149753     -38.072464      44.850608
1948         -29.071122     -34.222266      42.137262
1949         -25.113488     -32.789964      50.000000
1950         -22.500000     -37.009619      50.000000
1951         -44.386791      14.402816     -12.690749
1952         -45.210814      19.445008     -10.036773
1953         -43.324817       9.605147      -8.983285
1954         -45.348298      11.455628      -4.526206
1955         -50.000000      10.000000       1.961524
1956         -50.000000      12.500000      -2.368603
1957         -50.000000      17.500000      -2.368603
1958         -50.000000      22.500000      -2.368603
1959         -50.000000      20.000000       1.961524
1960         -31.622526      -7.206366     -13.742505
1961         -36.848454      -9.277429      -8.256802
1962         -50.000000       7.500000       6.291651
1963         -50.000000       7.500000      14.951905
1964         -50.000000      -4.999998      19.282031
1965         -50.000000      -2.499997      14.951903
1966         -45.407049      -5.265126       7.888100
1967         -50.000000       0.000000      10.621778
1968         -50.000000       5.000000      10.621778
1969         -38.632905      -6.073472      -3.698943
1970         -42.612855      -4.780182       1.042094
1971         -44.313729      -0.757513       5.218917
1972         -32.955783      10.949010     -19.528903
1973         -38.090113       5.220294     -11.163117
1974         -33.482452       6.630259     -14.284582
1975         -33.260528      -4.622234      -5.820045
1976         -41.554421     -23.744505      41.467143
1977         -41.343672     -20.000000      50.000000
1978         -37.914940     -27.895018      44.041346
1979         -32.105176     -30.267604      44.748303
1980         -36.652961     -27.864204      50.000000
1981         -31.861382     -28.261959      50.000000
1982         -37.210638     -22.411061      50.000000
1983         -33.848144     -24.843733      50.000000
1984         -24.967526     -38.879558      14.141327
1985         -27.443516     -36.418858       8.983381
1986         -27.825244     -37.502590      18.670536
1987         -39.075871     -20.277631      13.795333
1988         -43.381619     -14.810830      21.241141
1989         -32.544185     -31.852491      15.653788
1990         -35.842913     -24.779009      14.627275
1991         -29.162112     -35.552238      13.924329
1992         -33.028617     -34.296798      29.231813
1993         -35.325914     -31.613985      34.258433
1994         -43.979536     -22.823026      29.572161
1995         -41.840860     -27.296137      33.937828
1996         -44.542489     -22.602961      36.434573
1997         -38.659953     -21.688320      29.264878
1998         -39.411325     -24.982231      24.991058
1999         -35.606312     -31.090664      24.669120
2000         -37.840896     -24.685421      19.739388
2001         -44.207297     -12.126663      11.980128
2002           0.000000     -14.554990     -35.013797
2003          -5.947330     -21.699288     -26.742413
2004          -2.665760     -17.226840     -30.283751
2005          -7.739104     -15.113363     -32.816099
2006          -9.120121     -10.322293     -36.845571
2007          -4.167681     -11.140640     -34.883980
2008          -5.426112      -5.472525     -38.828558
2009          -0.007702      -8.412302     -36.956405
2010          -0.094911      -1.754920     -38.562981
2011         -10.710191      -0.859769     -34.884618
2012          -7.904596      -5.789986     -33.859315
2013         -24.332828     -34.195503      -0.960951
2014         -31.711449     -31.057429      -5.843750
2015         -34.660786     -26.788757      -0.902549
2016         -33.313453     -25.120740      -5.464124
2017         -28.976263     -25.039164      -8.030773
2018         -17.694282     -34.817018      -3.812613
2019         -19.675458     -32.557741      -7.960890
2020         -20.168991     -32.560038       1.355961
2021         -24.141935     -30.050311      -7.991982
2022         -28.162572     -19.282304     -10.317623
2023         -24.352217     -22.606718      -8.975971
2024         -21.020923     -22.574604     -13.732091
2025         -18.065131     -24.443997     -20.026158
2026         -18.346498     -28.027745      -9.948501
2027         -13.936207     -32.705513      -9.531781
2028         -14.750679     -28.141157     -16.781229
2029          -7.245093     -32.652772     -15.444194
2030          -6.281657     -36.487298     -10.933726
2031         -10.624415     -28.337928     -10.196044
2032         -25.369719       4.830091     -24.516165
2033         -21.558557      -6.538168     -21.479650
2034         -22.045119       0.127441     -26.315395
2035         -24.719700      -0.471231     -20.335631
2036         -24.360433      -6.910364     -17.112216
2037         -28.468455      -3.371211     -16.131407
2038         -30.491856      -1.275579     -11.391529
2039         -17.614968     -36.509210       3.161890
2040          -5.000000     -50.000000      19.282032
2041          -2.500000     -50.000000      14.951905
2042          -7.500000     -50.000000      14.951905
2043          12.499983     -50.000000      -2.368616
2044           2.517014     -45.176461      -8.151929
2045          -9.794883     -44.393042      -1.604620
2046          -2.656120     -44.312716      -6.142909
2047          -7.500000     -50.000000      -2.368603
2048           2.500000     -50.000000      -2.368603
2049          -2.500000     -50.000000      -2.368603
2050          -5.000000     -50.000000       1.961524
2051          -0.000000     -50.000000       1.961524
2052          -2.500000     -50.000000       6.291651
2053          -5.000000     -50.000000      10.621778
2054         -13.965850     -43.049453       2.648137
2055          -8.182525     -45.094858       3.798956
2056         -37.905167     -21.666585       2.914907
2057         -38.979969     -11.056355      -0.653600
2058         -38.577094     -16.649409       0.565552
2059         -31.809127     -20.531032      -3.543518
2060         -32.705046     -13.934752      -9.530909
2061         -35.937139     -15.447587      -4.201971
2062         -37.488151     -12.933912       4.584545
2063         -35.519299     -19.070630       9.635945
2064         -29.584771     -29.385627       8.788956
2065         -32.001204     -23.977723      10.022375
2066         -27.688301     -32.760708       4.910864
2067         -27.597951     -27.597851      -0.009610
2068         -31.835405     -28.911109       3.571918
2069         -30.402178     -22.000985       4.396395
2070         -24.563910     -15.581950     -12.436315
2071         -26.284162      -9.696486     -11.979644
2072         -14.408888     -42.546342       9.676764
2073         -12.371240     -44.176769      14.884531
2074         -22.578208     -34.597841       9.939992
2075         -17.302764     -37.813501       8.643135
2076           9.999985     -50.000000       1.961512
2077           5.000000     -50.000000       1.961524
2078          -0.333333     -31.069904     -23.777971
2079          -8.288811     -26.738961     -15.810199
2080          -2.563041     -28.835270     -19.679166
2081           5.014249     -11.361609     -35.268229
2082           2.777447     -16.792358     -30.985847
2083          -1.024527     -23.681831     -23.976193
2084           2.593785     -20.713273     -27.306568
2085          -6.130475     -23.866450     -22.090067
2086         -12.232485     -21.703592     -20.943022
2087         -21.504947     -12.400661     -20.564890
2088         -16.860160     -19.628783     -23.793411
2089         -15.453465     -14.216529     -25.397667
2090         -18.315998     -18.315998     -18.315998
2091         -19.554519      -9.776111     -25.024093
2092         -19.939410     -12.646961     -14.809741
2093         -15.507414     -14.487988     -16.492970
2094          -8.941988     -17.068757     -23.647582
2095         -18.635498      -4.326513     -25.209030
2096         -14.292449      -2.146902     -27.107443
2097         -14.213995      -8.361683     -25.258856
2098         -10.407131     -11.922815     -28.201796
2099         -10.307068      -4.992308     -28.906650
2100           4.185791     -32.093354     -21.476785
2101           8.542712     -20.772427     -28.981613
2102          13.012511     -22.710122     -31.739775
2103           0.124325     -10.260129     -32.116746
2104           0.841962     -39.724954      -8.020430
2105          -5.417594     -38.828026      -5.479324
2106          -8.587285     -33.217630      -5.944739
2107          32.499910     -50.000000     -11.028917
2108          22.499927     -50.000000     -11.028906
2109          19.999935     -50.000000      -6.698774
2110          24.999682     -50.000000      -6.698944
2111          18.570807     -44.912452     -11.123456
2112          13.668823     -43.515040     -12.151325
2113          14.999916     -50.000000       1.961459
2114          17.499972     -50.000000      -2.368623
2115           5.000000      50.000000     -50.000000
2116          10.000000      50.000000     -50.000000
2117          15.000000      50.000000     -50.000000
2118          -5.000000      19.282032     -50.000000
2119          -2.500000      14.951905     -50.000000
2120           0.241285       4.436387     -45.164014
2121          -3.049753      12.382554     -45.199962
2122           1.926887      12.377911     -45.728114
2123           2.500000      14.951905     -50.000000
2124           5.000000      10.621778     -50.000000
2125           7.500000       6.291651     -50.000000
2126          12.500000       6.291651     -50.000000
2127           4.365679       1.691694     -42.922148
2128           8.918173       0.153751     -45.143437
2129           4.588848       7.972406     -45.336597
2130          10.000000      10.621778     -50.000000
2131           5.000000      19.282032     -50.000000
2132           7.500000      14.951905     -50.000000
2133          50.000000       5.000000     -50.000000
2134          50.000000      10.000000     -50.000000
2135          25.000000      50.000000     -50.000000
2136         -10.000000      41.339746     -50.000000
2137          -7.500000      50.000000     -45.669873
2138          -5.000000      36.602540     -50.000000
2139          -5.081366      41.584745     -50.000000
2140          -2.500000      50.000000     -45.669873
2141          -1.319836      40.251299     -50.000000
2142         -14.823899      12.498830     -39.875133
2143         -17.680246      17.206175     -39.374182
2144         -16.366124      13.071812     -33.121266
2145         -10.446072      31.053212     -45.521870
2146         -10.000000      27.942286     -50.000000
2147          -5.000000      27.942286     -50.000000
2148          -7.500000      23.612159     -50.000000
2149          -0.000000      27.942286     -50.000000
2150          -2.500000      32.272413     -50.000000
2151          -2.500000      23.612159     -50.000000
2152           2.500000      23.612159     -50.000000
2153          -0.000000      19.282032     -50.000000
2154         -17.505191      27.735760     -40.654044
2155         -13.970023      20.418841     -41.920119
2156         -11.552729      26.497721     -43.590077
2157         -26.695995      16.280913     -32.217203
2158         -20.858367      15.720839     -32.503620
2159         -21.540709      25.606305     -36.883827
2160         -16.576317      23.113349     -38.058070
2161         -20.081882      20.089051     -35.313400
2162          -5.000000      45.172057     -45.037280
2163           2.109445      45.516037     -50.000000
2164           2.500000      50.000000     -45.669873
2165         -35.661750       9.669415     -10.848798
2166         -37.654986      37.536804     -23.081082
2167         -40.127678      32.796375     -22.414557
2168         -42.565422      42.550238     -20.466772
2169         -50.000000      50.000000      -0.000000
2170         -50.000000      40.704075     -15.208258
2171         -50.000000      27.500000     -11.028857
2172         -50.000000      32.500000     -11.028857
2173         -50.000000      29.998146      -6.698313
2174         -44.628912      38.909839     -16.611730
2175         -42.394106      33.842192     -17.914205
2176         -45.279805      33.064960     -13.645684
2177         -40.697774      50.000000     -15.240021
2178         -37.381830      50.000000     -10.960654
2179         -34.999979      50.000000     -15.358998
2180         -24.089807      24.451412     -31.574916
2181         -24.787816      29.912113     -29.539039
2182         -28.625715      36.020839     -32.497135
2183         -25.000000      50.000000     -32.679492
2184         -25.345984      43.047004     -33.004424
2185         -20.000000      50.000000     -32.679492
2186           0.000000      50.000000     -41.339746
2187         -22.331171      30.755063     -34.073138
2188         -17.716626      29.180279     -35.719240
2189         -15.015632      33.655276     -43.564675
2190          -9.995895      36.857633     -44.052729
2191         -12.532883      44.027330     -44.027912
2192         -10.000000      50.000000     -41.339746
2193         -15.000000      50.000000     -41.339746
2194         -17.500000      45.219272     -42.123526
2195         -17.500000      50.000000     -37.009619
2196         -12.500000      50.000000     -37.009619
2197         -20.435746      44.016900     -36.880526
2198         -25.000000      37.975021     -37.771468
2199         -18.970728      34.892872     -38.061297
2200         -15.879179      40.321275     -40.362213
2201         -21.729470      36.494903     -33.241258
2202          12.500000      14.951905     -50.000000
2203         -28.805385       9.465588     -26.657804
2204         -29.887031      15.175477     -27.425766
2205         -24.444320      10.705285     -29.686484
2206         -27.995055      10.692023     -21.514282
2207         -17.225050       1.867024     -28.850756
2208         -20.095904       5.898812     -27.495862
2209         -23.011416      15.582920     -27.715674
2210         -28.847169       2.104446     -15.644384
2211         -28.423575      39.838705     -27.004753
2212         -35.810150      43.075938     -19.512405
2213         -30.295719      43.925702     -22.701533
2214         -32.499991      50.000000     -19.689117
2215         -27.499993      50.000000     -19.689116
2216         -24.547083      44.453958     -27.164413
2217         -22.500000      50.000000     -28.349365
2218         -24.999583      50.000000     -24.019479
2219         -31.413389      36.783886     -22.334546
2220         -35.467836      30.968955     -21.218729
2221         -28.455008      33.824513     -26.000261
2222           0.258461       9.087383     -42.346592
2223          -7.305659      20.464324     -43.626985
2224         -10.344987      16.451221     -39.235230
2225         -10.497746      11.760877     -36.772121
2226         -13.915354       7.239251     -31.309692
2227         -19.388594      10.978630     -27.663234
2228         -17.269575      15.431564     -28.749332
2229         -12.728788      11.951650     -29.693048
2230          -5.315702       0.404152     -37.444036
2231           0.892771       3.610622     -36.814994
2232          -7.870353       5.651808     -33.588707
2233          -5.733425       9.620383     -37.671618
2234          -3.208462       5.400044     -39.674105
2235          -4.720634      14.848171     -40.609424
2236           0.196694      36.485059     -50.000000
2237           2.500000      32.272413     -50.000000
2238           7.500003      23.612158     -50.000000
2239          15.000091      27.942234     -50.000000
2240          10.000000      27.942286     -50.000000
2241           5.000000      27.942286     -50.000000
2242           7.500000      32.272413     -50.000000
2243           3.259150      40.931690     -50.000000
2244           5.000000      36.579023     -50.000000
2245          -5.478976      31.966018     -45.070490
2246          -8.731420      31.981271     -40.841306
2247         -50.000000     -17.283551      45.509948
2248         -50.000000     -12.463925      45.643219
2249         -50.000000     -10.000000      50.000000
2250         -50.000000     -18.750917      40.530435
2251         -50.000000     -14.925717      36.739460
2252         -45.669873     -12.500000      50.000000
2253         -50.000000      -7.527357      45.688616
2254         -45.718969      -7.500000      50.000000
2255         -50.000000      -5.000000      50.000000
2256         -50.000000       0.000000      50.000000
2257         -50.000000     -14.919241      41.469625
2258         -50.000000      -2.700218      45.808986
2259         -50.000000     -10.000000      41.339746
2260         -50.000000      -9.719034      36.560328
2261         -50.000000     -12.500000      32.272413
2262         -50.000000      -7.500000      32.272413
2263         -50.000000      -7.500000      23.612159
2264         -50.000000     -10.000000      27.942286
2265         -33.747369      -9.423900      -2.583376
2266         -27.573808     -14.231375      -8.310312
2267         -45.157694      27.856068     -13.710032
2268         -41.650518      25.959822     -17.565857
2269         -44.737710      22.117396     -14.677071
2270         -39.279380      30.263662     -15.389029
2271         -39.963457      21.071806     -17.528532
2272         -40.474167      19.139722     -12.311540
2273         -38.810947      13.601882     -10.209506
2274         -50.000000      15.000000       1.961524
2275         -50.000000      10.000000      10.621778
2276         -50.000000      12.500000       6.291651
2277         -50.000000      17.500000       6.291651
2278         -50.000000      15.000000      10.621778
2279         -39.395913      -5.092763       5.046526
2280         -40.778909      -7.499975       9.379487
2281         -42.854454       2.638736       0.438049
2282         -44.717520       5.092979       5.432297
2283         -43.414065       9.507275      -0.071213
2284         -37.534340      -0.390873      -2.847527
2285         -34.252399       1.484672      -8.158007
2286         -38.829518       5.432876      -5.473638
2287         -50.000000       5.000000      19.282032
2288         -50.000000      12.500000      23.612159
2289         -50.000000      10.000000      19.282032
2290         -50.000000      12.500000      14.951905
2291         -50.000000      17.500000      14.951905
2292         -44.239549      44.237514     -14.653130
2293         -50.000000      45.595844     -12.550709
2294         -45.595094      50.000000     -12.554490
2295         -41.781410      50.000000     -10.510405
2296         -45.232354      50.000000      -7.098129
2297         -46.665516      50.000000      -2.500000
2298         -50.000000      46.665516      -2.500000
2299         -50.000000      45.232354      -7.098129
2300         -50.000000      41.762418     -10.501234
2301         -50.000000      37.381848     -10.960642
2302         -50.000000      34.990335      -6.695389
2303         -50.000000      39.897971      -6.688432
2304         -50.000000      37.498674      -2.369369
2305         -50.000000      42.483859      -2.384153
2306         -43.870928      20.054208      -4.983342
2307         -43.671890      24.457216      -9.575175
2308         -39.926893      21.317498      -7.821242
2309         -50.000000      24.999813       1.961416
2310         -50.000000      27.499813      -2.368711
2311         -50.000000      34.993312       1.957663
2312         -44.339889      27.782081      -4.541590
2313         -50.000000      32.498730      -2.369336
2314         -50.000000      29.999067       1.960985
2315         -50.000000      45.450821       2.304916
2316         -50.000000      50.000000       5.000000
2317         -50.000000      50.000000      20.000000
2318         -50.000000      50.000000      15.000000
2319         -50.000000      27.500000       6.291651
2320         -50.000000      22.500000       6.291651
2321         -50.000000      20.000000      10.621778
2322         -50.000000      25.000000      10.621778
2323         -50.000000       5.000000      50.000000
2324         -50.000000      10.000000      50.000000
2325         -50.000000      15.000000      50.000000
2326         -32.570043     -27.474956      20.334980
2327         -19.838257     -36.832547      13.864427
2328         -28.907117     -32.720328      22.581130
2329         -17.503152     -37.012688      50.000000
2330         -17.500000     -45.669873      50.000000
2331         -12.500000     -50.000000      40.932667
2332         -17.500000     -50.000000      45.669873
2333         -12.500000     -50.000000      46.454483
2334         -18.954859     -42.975662      42.768007
2335         -17.491004     -42.680599      35.142725
2336         -15.000525     -41.340257      50.000000
2337         -12.500000     -45.669873      50.000000
2338          -0.000045     -35.021942     -14.569880
2339           2.197372     -30.413225     -16.626739
2340          -1.658397     -27.529619     -13.958884
2341          -1.262952     -34.650553      -8.210661
2342          22.498957     -50.000000      -2.369312
2343           5.000000     -50.000000      50.000000
2344          10.000000     -50.000000      50.000000
2345         -13.049448     -44.855465      37.885382
2346          -9.999219     -50.000000      36.573195
2347          -7.499638     -50.000000      32.266568
2348          -7.500000     -50.000000      45.669873
2349          -7.500000     -45.669873      50.000000
2350          -7.556335     -50.000000      40.154017
2351          -2.782648     -50.000000      41.021192
2352          -7.500000     -44.183109      10.425651
2353           2.499999     -50.000000       6.291650
2354          -0.000000     -50.000000      10.621778
2355          20.000000     -50.000000       1.961524
2356          -9.837897     -37.394024      -0.414277
2357         -13.256922     -31.403127      -4.540597
2358         -14.315664     -33.134046       0.250284
2359         -22.592543     -30.808525       5.410460
2360         -16.593256     -30.763404       4.716515
2361         -15.196945     -39.328218      16.445969
2362         -12.420976     -43.283979      21.547104
2363          -7.731701     -45.489173      20.714655
2364          -0.000000     -50.000000      27.942286
2365          -4.999809     -50.000000      36.573158
2366          -2.500000     -50.000000      32.272413
2367          -3.284538     -45.330947      29.838615
2368          -5.040592     -43.703458      24.851598
2369          32.679492      15.000000     -50.000000
2370          37.315467      12.402330     -50.000000
2371          32.500000      -2.368603     -50.000000
2372          37.500000      -2.368603     -50.000000
2373          37.355956       6.923399     -50.000000
2374          35.000000       1.961524     -50.000000
2375          32.500000       6.291651     -50.000000
2376          30.000000       1.961524     -50.000000
2377          17.499496     -50.000000       6.291259
2378           7.499974     -50.000000       6.291631
2379          12.499902     -50.000000       6.291575
2380           2.499997     -50.000000      14.951903
2381           4.999993     -50.000000      10.621773
2382          -2.500000     -50.000000      23.612159
2383          -0.000000     -50.000000      19.282032
2384           2.500000     -50.000000      23.612159
2385           4.999998     -50.000000      19.282031
2386           9.999967     -50.000000      10.621753
2387          14.999900     -50.000000      10.621700
2388           5.000000     -50.000000      27.942286
2389          27.498510     -50.000000      -2.369609
2390          29.999583     -50.000000      -6.699011
2391          29.995419     -50.000000       1.958454
2392          50.000000     -50.000000      -0.000000
2393          50.000000     -50.000000      10.000000
2394          45.232354     -50.000000      -7.098129
2395          46.665516     -50.000000      -2.500000
2396          50.000000     -46.665516      -2.500000
2397          50.000000     -45.232354      -7.098129
2398          35.710500     -44.014604     -17.828538
2399          50.000000     -41.915838     -19.829498
2400          50.000000     -37.500000     -19.689111
2401          37.603399     -37.543591     -23.262284
2402          43.055457     -34.697703     -28.047637
2403          44.781687     -37.250406     -23.231181
2404          50.000000     -35.022956     -23.939761
2405          41.892225     -41.944036     -17.470650
2406          50.000000     -40.704075     -15.208258
2407          50.000000     -32.492807     -19.684958
2408          34.980038     -50.000000      -6.687542
2409          42.909528     -45.118293     -12.985325
2410          40.000000     -50.000000      -6.698730
2411          50.000000     -41.762418     -10.501234
2412          41.781410     -50.000000     -10.510405
2413          36.375146     -43.893320     -10.359733
2414           7.880499     -15.408978     -31.980596
2415           4.086476     -24.098981     -21.771535
2416          31.183672     -44.223946     -13.155705
2417          27.225057     -41.239040     -17.787161
2418          24.999895     -43.864937     -12.037439
2419          32.428720     -38.284671     -19.107512
2420          15.014333     -28.343377     -29.307455
2421          19.925971     -30.006747     -24.805553
2422           8.574101     -22.804864     -24.150392
2423          13.344281     -23.501715     -26.207638
2424          23.766961     -36.633417     -16.206348
2425           6.693284     -44.569638      -2.729746
2426           6.264414     -40.267722      -5.519074
2427          27.314802     -45.140642      -7.308910
2428          34.899268     -39.160115     -13.568585
2429          25.284245     -32.512664     -18.779722
2430          10.832189     -28.221078     -21.003345
2431          15.790115     -30.024842     -21.455000
2432          15.306640     -45.148430      -4.261399
2433          10.684220     -43.030336      -6.189950
2434          15.276514     -33.002315     -17.106500
2435          20.544433     -30.659728     -18.856057
2436           7.798654     -33.026124     -14.733607
2437           9.505253     -36.944929      -7.738705
2438           9.016882     -37.876517     -12.944831
2439           4.366243     -35.547432     -10.980503
2440          12.085386     -30.457330     -14.168074
2441          20.266751     -33.804311     -12.280300
2442          15.415340     -37.669197     -12.826360
2443          20.542519     -38.902120     -10.824252
2444          25.000645     -28.831304     -27.470637
2445          34.395197     -28.293016     -34.305785
2446          37.421871     -26.070643     -29.571296
2447          30.025387     -23.605458     -34.377299
2448          27.939299     -25.330368     -30.081176
2449          29.124407     -28.901833     -24.172288
2450          29.571744     -33.365887     -21.386322
2451          35.032685     -31.132229     -25.221779
2452          34.957150     -12.155973     -45.099961
2453          34.980308      -6.687361     -50.000000
2454          30.000000      -6.698730     -50.000000
2455          29.728774     -10.962989     -45.144095
2456          19.666527     -18.068409     -38.320949
2457          17.651551     -20.206400     -33.624427
2458          24.702812     -18.225053     -36.018830
2459          26.478299      -6.837844     -45.097077
2460          25.104864     -11.990885     -42.671348
2461          13.082050     -15.168498     -36.182472
2462          21.484711      -7.127834     -43.991022
2463          17.738938     -13.432636     -40.662417
2464          15.634391      -6.056268     -42.224156
2465          12.905227     -10.691312     -38.756636
2466          22.143830     -10.187179     -38.831259
2467          27.383187     -14.962333     -39.058769
2468          32.164185     -17.079956     -34.398184
2469          32.282775     -14.119226     -40.593109
2470          15.000000       1.961524     -50.000000
2471          15.000000      10.621778     -50.000000
2472          17.500000       6.291651     -50.000000
2473          15.527175      -1.181854     -44.924362
2474          20.396492      -2.410699     -45.413789
2475          25.000000       1.961524     -50.000000
2476          20.000000       1.961524     -50.000000
2477          27.500000       6.291651     -50.000000
2478          25.000000      10.621778     -50.000000
2479          22.500000       6.291651     -50.000000
2480          29.850423      10.526164     -50.000000
2481          33.927531      10.059535     -50.000000
2482          12.781404       3.567369     -43.940417
2483           5.188928      -1.077397     -37.418962
2484          11.189529      -0.513743     -38.937428
2485          15.157603       2.501308     -39.432950
2486           9.735413      -6.298897     -37.423491
2487           4.616810      -5.742446     -33.351941
2488           8.826503      -9.054024     -31.580879
2489          39.921792       1.917793     -50.000000
2490          45.233268       2.197964     -50.000000
2491          38.063054      -6.676814     -44.328641
2492          42.425488      -2.424951     -50.000000
2493          50.000000       2.500000     -45.669873
2494          50.000000      -2.500000     -45.669873
2495          45.037410      -1.402786     -45.297301
2496          44.547366      -7.772674     -42.940551
2497          50.000000      -9.999996     -41.339743
2498          50.000000      -4.999999     -41.339746
2499          43.640236     -28.234179     -27.033910
2500          50.000000     -29.978526     -24.006840
2501          37.191333     -21.364950     -36.275331
2502          43.088668     -17.830394     -37.053847
2503          37.400634     -15.249045     -37.114849
2504          36.178421     -10.608622     -39.496985
2505          50.000000     -25.000000     -24.019238
2506          50.000000     -22.500000     -28.349365
2507          50.000000     -19.999561     -32.679238
2508          42.317698     -21.177660     -30.139007
2509          45.378087     -17.983950     -32.562366
2510          45.241000     -23.048221     -26.197786
2511          50.000000     -14.999884     -32.679425
2512          19.688538     -24.894956     -27.858377
2513          24.457243     -27.334072     -22.007179
2514          23.544583     -21.469584     -31.035848
2515          38.591417     -25.135893     -24.272459
2516          32.714764     -25.981236     -26.715701
2517          30.337902      -2.049320     -45.060424
2518          25.120075      -2.110433     -43.665231
2519          44.350650     -12.326040     -36.411285
2520          50.000000      -7.500000     -37.009619
2521          50.000000     -10.000000     -32.679492
2522          40.723519      -7.585436     -39.102014
2523         -10.641007       1.743658     -27.270746
2524         -32.460085      24.715018     -23.016035
2525         -27.279574      25.959929     -26.095704
2526         -30.931664      29.244762     -24.762585
2527         -26.643077      19.840030     -25.979260
2528         -30.540258      16.624692     -21.783459
2529         -35.846103      15.314160     -15.321289
2530         -28.265961      21.851144     -21.272426
2531         -21.017858       9.073167     -21.202328
2532         -35.201249      22.192447     -15.853477
2533         -34.523644      26.309809     -18.694087
2534         -25.370825       7.797590     -17.860207
2535         -31.009486      15.994797     -13.885118
2536         -27.807510      13.539346     -16.989443
2537          -2.500000     -45.669873      50.000000
2538          -2.342996     -50.000000      45.796552
2539           1.224062     -50.000000      41.826599
2540           2.700218     -50.000000      45.808986
2541           2.500000     -45.669873      50.000000
2542         -43.267525     -18.335987      44.226653
2543         -41.363305     -15.000000      50.000000
2544         -37.222646     -17.433522      50.000000
2545         -37.118318     -11.868580      50.000000
2546         -50.000000       7.500000      23.612159
2547         -50.000000      10.000000      27.942286
2548         -50.000000      -5.000000      27.942286
2549         -50.000000       0.000000      19.282032
2550         -50.000000       2.500000      23.612159
2551         -50.000000       0.000000      27.942286
2552         -50.000000      -2.500000      23.612159
2553         -44.166611     -11.471614      26.414350
2554         -41.594456     -17.007771      27.538470
2555         -44.421126      -6.056186      13.768063
2556         -39.702811     -14.944686      15.399454
2557         -37.771757     -12.535055      10.324701
2558         -42.390954      -8.450140      18.743730
2559         -44.461239      -4.343506      22.505464
2560         -39.165671     -18.930468      22.392938
2561         -39.303454     -12.955186      24.386048
2562         -44.791094       3.699440      14.994960
2563         -45.465996       8.266598      16.942588
2564         -36.791440     -25.544703      35.860756
2565         -36.692159     -26.880470      30.341002
2566         -33.471026     -27.804618      39.876905
2567         -43.605269     -17.145214      33.826948
2568         -41.199917     -18.873609      38.828698
2569         -33.783392     -21.220077      21.028745
2570         -10.367128     -44.444320      26.733354
2571         -12.212664     -43.918830      32.371569
2572         -14.621658     -40.790025      27.736840
2573         -19.746538     -35.286855      20.600024
2574         -24.628561     -35.514142      22.152293
2575         -23.333511     -38.086062      26.395337
2576         -18.486293     -38.805141      25.151287
2577         -14.551883     -37.754075      22.155301
2578         -27.485722     -35.764784      32.563538
2579         -18.974992     -37.455501      31.045313
2580         -23.398758     -38.721441      38.499093
2581         -25.848697     -32.868472      27.657113
2582         -12.500000     -37.009619      50.000000
2583         -17.288851     -37.783077      44.694753
2584         -13.373869     -39.215369      34.531732
2585         -17.193742     -37.043370      37.502966
2586         -27.467149     -28.368332      50.000000
2587         -29.769698     -24.178781      50.000000
2588         -28.215258     -30.301923      36.458454
2589         -24.809663     -33.480025      39.034823
2590         -26.918561     -28.145103      43.447747
2591         -22.762189     -33.781255      43.939229
2592         -22.499997     -28.349367      50.000000
2593         -20.018914     -32.697904      50.000000
2594         -24.999991     -24.019243      50.000000
2595         -41.025757      14.398533      -4.328079
2596         -38.150142      10.508162      -6.129920
2597         -45.079891      10.333810       6.619658
2598         -44.472925      16.289039       0.148540
2599         -44.400387      20.856333       6.426547
2600         -42.575897      21.875942       0.976121
2601         -26.719744       0.752895      -7.910933
2602         -26.301425      -4.296301      -9.039539
2603         -28.980903      -9.750705      -5.891402
2604         -43.771864       7.011296      10.924827
2605         -43.404623      -1.129978      16.819141
2606         -41.592319       0.857798      10.367255
2607         -37.768665       3.440648       7.116788
2608         -34.371598      -4.283711      -0.329093
2609         -36.812787      -0.879374       3.612405
2610         -35.045371      -7.671276       4.094714
2611         -28.530754       9.192089     -13.394189
2612         -33.407918       8.493688      -6.452398
2613         -28.941116      -5.297887      -2.946913
2614         -28.928833       5.200610      -9.421191
2615         -30.857021      -0.455416      -2.448418
2616         -28.055082       4.122899      -4.195684
2617         -35.214339     -20.088547      42.954551
2618         -32.206133     -24.605207      44.582689
2619         -32.751023     -19.826299      50.000000
2620         -27.429593     -19.705765      50.000000
2621         -24.458213     -33.482288      15.230550
2622         -22.506741     -29.478571      11.240143
2623         -26.404161     -29.967233      18.749525
2624         -30.563695     -22.607240      16.242745
2625         -33.039147     -17.250311      15.632896
2626         -35.834273     -14.176054      19.173203
2627         -26.806187     -26.831539      14.444723
2628         -22.995091     -24.331132       9.840812
2629         -26.907295     -20.902415      11.118034
2630         -30.273082     -28.889907      30.188125
2631         -28.110660     -25.559840      38.421983
2632         -32.131549     -27.429035      34.758842
2633         -37.746336     -20.077404      34.653013
2634         -36.110059     -16.885756      29.601588
2635         -33.258577     -21.904880      28.587981
2636         -31.312595     -26.085829      25.537231
2637         -34.432133      -7.879489      10.618533
2638         -38.189129      -8.396100      14.603471
2639           0.822208     -13.017874     -27.688164
2640          -4.893021     -13.057345     -26.997965
2641          -2.843190     -18.550456     -24.130208
2642          -4.340248      -8.227297     -30.353323
2643          -1.697115      -2.205875     -33.374883
2644          -5.549667      -1.494710     -28.956668
2645         -23.112418     -29.166688      -2.691182
2646         -27.649424     -21.642887      -0.255777
2647         -24.487096     -24.037463      -3.945530
2648         -25.261805     -18.185997      -5.679142
2649         -18.115004     -28.412838      -0.634575
2650         -16.473283     -19.677548     -13.425328
2651         -19.475943     -22.362445      -7.096386
2652         -20.991947     -17.586688      -8.986544
2653          -9.429468     -30.538333      -0.126476
2654         -13.084532     -24.330838     -13.090187
2655         -13.521596     -26.392723      -5.917314
2656         -10.094885     -21.228457     -16.139999
2657          -5.193943     -28.945123      -9.404655
2658          -7.566954     -23.717218     -10.787897
2659          -8.620647     -28.050356      -4.742097
2660         -19.532628       3.881721     -22.811107
2661         -15.622708      -9.574946     -17.802151
2662         -20.340242       4.851329     -17.064046
2663         -22.714261       0.792775     -13.526636
2664         -18.622163      -3.495100     -18.449659
2665         -14.466595       0.944489     -22.908666
2666         -16.524224     -15.094053     -10.569274
2667         -11.680810     -18.743775     -11.117010
2668         -19.299130      -7.351246     -12.130419
2669         -23.166750      -4.215291     -13.004993
2670         -12.347969     -34.708124       6.630412
2671         -10.107869     -38.588914      19.656922
2672          -2.234795     -44.287436      19.280519
2673          -2.467693     -44.342049      13.424935
2674          -7.362173     -41.950997      16.855910
2675          12.307840     -44.326887       3.191573
2676           2.000812     -41.712776      -3.028234
2677          -4.295607     -42.842270       0.549726
2678           0.677934     -44.389582       2.957745
2679           5.968577     -45.147729       7.242356
2680          -1.638888     -42.596912       7.892064
2681          -4.227495     -37.076658       0.933689
2682          -8.478530     -39.941886       5.823564
2683         -33.139407     -15.204032       1.563967
2684         -28.858417     -14.652214      -2.526437
2685         -32.140758     -12.380627       8.438854
2686         -28.960408     -16.224144      12.443835
2687         -29.026957     -17.132790       7.244876
2688         -25.260126     -17.115430       1.516786
2689         -24.025767     -24.190818       4.586218
2690         -23.304091     -18.751885       6.895658
2691         -22.349499     -10.339333      -6.438666
2692         -11.698204     -36.902104      12.194876
2693         -16.822133     -32.702726      10.986566
2694           6.234612     -43.022372       2.530066
2695           1.012288     -25.643456     -18.064583
2696          -4.867098     -21.792246     -15.674694
2697          -0.287979     -20.924700     -19.337445
2698           5.947694     -13.536795     -27.586343
2699           1.293329     -16.472070     -21.640355
2700           6.213875     -16.639987     -23.481516
2701         -10.648048     -15.987907     -16.447838
2702          -5.012729     -15.767336     -19.040299
2703         -12.646265     -13.169101     -20.757327
2704         -14.789715     -10.335802     -12.500582
2705          -7.932633     -10.946467     -22.588120
2706         -11.491972      -4.040987     -22.135245
2707          -6.896852      -5.740418     -24.648606
2708          -2.159538      -8.503492     -24.155181
2709           9.005226     -26.954261     -16.048428
2710          13.797193      -9.284694     -32.591894
2711          15.940808     -14.384714     -31.730946
2712          20.145094     -16.835100     -29.512279
2713          14.732416     -17.027062     -27.240881
2714           1.674643      -7.009277     -28.390801
2715           6.752692      -8.729534     -25.915270
2716          -3.903934     -14.636390     -13.052698
2717           0.892216     -36.577655      -3.752522
2718           5.301642     -36.974296      -0.747111
2719           4.605692     -33.360118      -5.747668
2720          -1.966461     -28.721111      -5.409706
2721          -2.216946     -32.602975      -2.122158
2722           4.064465     -25.926321     -14.041930
2723          -1.020949     -23.241047      -9.903449
2724          20.000000     -50.000000      10.621778
2725          31.886540     -42.265983      -6.883765
2726          21.930984     -44.556942      -7.171046
2727          17.341881     -41.018756      -7.155528
2728          24.995641     -50.000000       1.958557
2729          22.496976     -50.000000       6.289298
2730          17.567250     -42.893694       0.140669
2731          22.332152     -45.376426       0.487659
2732          45.233268     -50.000000       2.197964
2733          50.000000     -50.000000       5.000000
2734          50.000000     -50.000000      20.000000
2735          50.000000     -50.000000      25.000000
2736          27.476871     -50.000000       6.276198
2737          45.000000     -50.000000      50.000000
2738          50.000000     -50.000000      50.000000
2739          50.000000     -50.000000      45.000000
2740          50.000000      20.000000     -50.000000
2741          50.000000      25.000000     -50.000000
2742          20.000000      50.000000     -50.000000
2743          12.500000      32.272413     -50.000000
2744          10.000000      36.575103     -50.000000
2745          15.000000      36.570422     -50.000000
2746          20.000002      36.578369     -50.000000
2747          17.500064      32.268673     -50.000000
2748          20.000547      27.941971     -50.000000
2749          25.001892      27.941194     -50.000000
2750           7.500000      45.669873     -50.000000
2751          17.500000      45.669873     -50.000000
2752           7.500000      50.000000     -45.669873
2753          12.500000      40.932667     -50.000000
2754           7.651830      40.137671     -50.000000
2755          12.500000      46.454483     -50.000000
2756          17.500000      40.621123     -50.000000
2757          12.499999      50.000000     -45.669873
2758          17.500000      50.000000     -45.669873
2759           4.441594      -1.274315     -29.106738
2760          -0.040151      17.433475     -43.964435
2761           3.513923      21.452203     -45.069541
2762           3.378264       7.866224     -38.399993
2763           6.244438       3.751748     -38.270896
2764           0.766512      13.980657     -39.561350
2765           7.461762       2.534333     -32.900080
2766           5.421944      14.480339     -42.828065
2767          12.603383      10.473926     -44.112958
2768          10.721304       5.349862     -36.669572
2769           7.818843       7.619630     -41.049613
2770          10.377351      16.613144     -44.891461
2771          10.000003      19.282031     -50.000000
2772          12.500015      23.612151     -50.000000
2773          15.000003      19.282031     -50.000000
2774          17.500341      23.611962     -50.000000
2775          27.500000      14.951905     -50.000000
2776          17.500000      14.951905     -50.000000
2777          50.000000      50.000000     -50.000000
2778          50.000000      45.000000     -50.000000
2779          50.000000      40.000000     -50.000000
2780          45.000000      50.000000     -50.000000
2781          40.000000      50.000000     -50.000000
2782          50.000000      15.000000     -50.000000
2783          45.669873       7.500000     -50.000000
2784          45.669873      12.500000     -50.000000
2785          41.797485       5.792827     -50.000000
2786          41.339746      10.000000     -50.000000
2787          50.000000       7.500000     -45.669873
2788          50.000000      12.500000     -45.669873
2789          45.669873      17.500000     -50.000000
2790          50.000000      17.500000     -45.669873
2791          41.339746      15.000000     -50.000000
2792          41.372047      20.000000     -50.000000
2793          50.000000      35.000000     -50.000000
2794          50.000000      30.000000     -50.000000
2795          34.764132      27.627610     -50.000000
2796          38.670673      27.432605     -50.000000
2797         -50.000000      27.500000      14.951905
2798          35.000000      50.000000     -50.000000
2799          27.500000      45.985833     -50.000000
2800          30.000000      50.000000     -50.000000
2801          22.500000      45.810978     -50.000000
2802          22.500000      50.000000     -45.669873
2803          27.499983      50.000000     -45.669863
2804          -7.363685      41.627479     -41.600979
2805          -5.000000      50.000000     -41.339746
2806          -7.500000      50.000000     -37.009619
2807          -3.225668      37.046977     -43.123251
2808           0.611312      42.067550     -42.421159
2809         -13.093828      29.935714     -37.850596
2810         -12.558875      18.401030     -33.762468
2811           3.314819      27.346955     -44.246916
2812          -5.259390      26.786858     -43.808465
2813          -0.953488      31.157971     -42.362788
2814          -0.410346      23.329855     -41.741267
2815          -1.838487      19.119942     -38.174998
2816         -14.166196      25.831649     -34.086832
2817         -14.282808      19.806443     -29.175316
2818          -7.768812      23.438467     -37.440777
2819          -8.211293      28.543694     -37.057297
2820         -22.968731      23.161738     -26.845725
2821         -19.155463      19.994037     -27.688329
2822         -18.578606      24.285103     -31.131008
2823           0.244571      45.581060     -38.594198
2824           4.999999      50.000000     -41.339746
2825           9.999996      50.000000     -41.339743
2826           5.725835      44.680865     -43.807436
2827           2.500000      50.000000     -37.009619
2828         -32.703596      13.938809      -9.546729
2829         -36.361579      35.672585     -17.021650
2830         -39.161947      40.583500     -14.092619
2831         -33.595078      19.389712     -11.108793
2832         -34.136595      29.016467     -14.450848
2833         -45.233268      50.000000       2.197964
2834         -42.425446      50.000000      -2.424979
2835         -43.520134      37.068455     -10.812452
2836         -41.667886      30.852562     -10.610730
2837         -43.790127      33.788381      -5.219863
2838         -38.135693      35.278660     -11.030960
2839         -40.000000      50.000000      -6.698730
2840         -37.456818      45.121935      -8.106961
2841         -34.980038      50.000000      -6.687542
2842         -32.499910      50.000000     -11.028917
2843         -30.857435      34.642403     -17.159332
2844         -32.052516      44.652762     -13.798531
2845         -29.999965      50.000000     -15.359008
2846         -26.094256      37.481005     -20.338316
2847         -30.066647      40.187707     -17.169082
2848         -21.435748      27.888986     -26.078646
2849         -23.945448      31.777537     -23.743548
2850         -16.811516      29.362079     -29.827258
2851         -23.332139      34.685728     -27.990710
2852         -22.538490      39.566868     -25.482254
2853         -15.000000      50.000000     -32.679492
2854         -10.000000      50.000000     -32.679492
2855         -17.884507      45.614626     -31.014121
2856         -19.414826      40.781637     -30.130591
2857         -17.500000      50.000000     -28.349365
2858         -17.584358      35.581001     -29.695988
2859          -5.000000      50.000000     -32.679492
2860          -2.500000      50.000000     -37.009619
2861         -14.253621      33.482411     -33.580343
2862         -10.615361      37.422215     -37.513410
2863          -9.376068      44.393655     -36.773444
2864         -14.672115      43.363735     -34.344933
2865         -16.706655      38.291922     -34.429464
2866          22.500000      14.951905     -50.000000
2867          20.000000      10.621778     -50.000000
2868          20.000000      19.282032     -50.000000
2869          15.863524      15.037904     -44.612725
2870          15.852392      30.108356     -44.811907
2871          17.201675      25.024084     -44.940009
2872          22.501390      23.611357     -50.000000
2873          30.001975      27.941146     -50.000000
2874          25.008338      19.277218     -50.000000
2875          27.509960      23.606409     -50.000000
2876          29.844248      19.395014     -50.000000
2877          37.151425      23.008294     -50.000000
2878          37.254812      17.490583     -50.000000
2879          32.443163      23.591054     -50.000000
2880          33.911546      19.879328     -50.000000
2881          30.927217      16.970487     -45.163516
2882         -23.565769      14.038448     -21.976491
2883         -22.113933      18.863392     -23.488096
2884         -14.079811       8.090798     -24.581625
2885         -17.179928      13.121623     -21.993208
2886         -15.234429       5.373048     -20.313385
2887         -23.477966       6.792909     -12.002174
2888         -12.500000      50.000000     -28.349365
2889         -24.318662      42.825151     -21.363719
2890         -20.000000      50.000000     -24.019238
2891         -27.299869      45.020509     -17.203785
2892         -22.499920      50.000000     -19.689158
2893         -24.999958      50.000000     -15.359012
2894         -19.093220      43.835005     -24.669315
2895         -15.000000      50.000000     -24.019238
2896         -28.318018      31.429605     -20.980997
2897         -16.254088      18.723710     -23.310879
2898          -0.661826      11.199248     -34.709815
2899          -6.252407      17.486600     -34.960852
2900          -8.170948      12.110476     -32.023083
2901          -9.622810       7.184978     -27.777967
2902         -12.849319      15.820146     -26.339186
2903          -9.710414      11.822547     -25.557720
2904          -2.957870       3.782012     -29.511048
2905           2.489635       5.533407     -31.349234
2906          -3.976346       8.817453     -31.174250
2907          -0.787868      16.287997     -34.020090
2908           8.114104      21.544817     -42.097567
2909           5.230739      34.531564     -43.210384
2910           9.573304      27.532591     -43.667695
2911          12.221286      33.705260     -42.319486
2912          10.284268      38.537269     -44.651417
2913           4.150520      23.156584     -38.377831
2914           5.601673      28.619387     -38.820735
2915          -1.864646      36.770093     -36.919023
2916          -4.076057      31.703008     -37.756346
2917           2.970635      33.717067     -37.924512
2918         -50.000000      50.000000      30.000000
2919         -50.000000      50.000000      35.000000
2920         -50.000000      50.000000      40.000000
2921         -50.000000      50.000000      45.000000
2922         -50.000000      50.000000      50.000000
2923         -50.000000      40.000000      50.000000
2924         -50.000000      45.000000      50.000000
2925         -50.000000      12.498608      32.266688
2926         -44.409798     -10.632319      44.432741
2927         -44.977770     -12.263777      37.249185
2928         -41.634322     -10.000000      50.000000
2929         -50.000000      -5.765343      41.310587
2930         -41.778704      -4.993705      50.000000
2931         -45.371229      -5.003173      45.473809
2932         -45.669873      -2.500000      50.000000
2933         -50.000000       2.342996      45.796552
2934         -45.734856       2.517272      50.000000
2935         -41.764488       0.037773      50.000000
2936         -40.764507     -13.690879      40.768393
2937         -50.000000       9.999219      36.573195
2938         -50.000000       2.782648      41.021192
2939         -50.000000      -1.224062      41.826599
2940         -50.000000      -4.608829      36.740179
2941         -50.000000      -2.463930      32.274734
2942         -50.000000       7.499638      32.266568
2943         -50.000000       0.216417      36.757568
2944         -50.000000       2.500000      32.272413
2945         -50.000000       5.000000      27.942286
2946         -50.000000       4.999809      36.573158
2947         -44.199610      -6.681397      36.613156
2948         -42.227640     -10.824354      32.501777
2949         -45.136873      -7.062162      29.638448
2950         -29.003566      -9.002461       0.746453
2951         -23.897809     -11.987334      -1.083460
2952         -29.723340      -7.559867       6.263963
2953         -39.087373      18.582043      -1.510027
2954         -37.657303      25.216445     -10.996114
2955         -35.943742      18.949070      -5.889910
2956         -42.978623      15.227551       5.817526
2957         -44.352107      12.998880      11.242988
2958         -45.252940      18.024239      10.632582
2959         -37.047651      -3.069585      11.152876
2960         -37.780783       6.126228       0.554438
2961         -39.943501       8.483918       5.815829
2962         -39.276414      12.750062       2.108696
2963         -31.808561       4.966084      -0.396835
2964         -50.000000      15.000000      19.282032
2965         -50.000000      17.499821      23.611858
2966         -50.000000      14.998925      27.940481
2967         -50.000000      19.996338      27.940850
2968         -44.800349      13.028643      28.816912
2969         -44.488152       5.808211      21.197919
2970         -50.000000      22.500000      14.951905
2971         -50.000000      20.000000      19.282032
2972         -44.820288      12.609556      22.260262
2973         -43.123457      12.689564      17.182526
2974         -44.566919      17.865032      15.891800
2975         -45.669873      50.000000       7.500000
2976         -50.000000      46.597490       7.271682
2977         -50.000000      50.000000      10.000000
2978         -50.000000      45.113021      11.753174
2979         -50.000000      42.489202       6.843683
2980         -50.000000      37.451140       6.323273
2981         -50.000000      30.000000      10.621778
2982         -50.000000      32.494400       6.288418
2983         -42.581070      42.574054      -7.274590
2984         -44.601403      44.601403      -1.477734
2985         -45.240752      38.818418      -4.731972
2986         -50.000000      40.055792       2.056392
2987         -44.621392      36.554559      -0.027192
2988         -38.839008      25.240060      -4.882705
2989         -44.709307      27.333252       3.501033
2990         -45.168476      33.151502       4.072351
2991         -39.922486      26.414606       0.187630
2992         -37.200029      30.689346      -6.664968
2993         -41.624614      31.444742       0.437194
2994         -50.000000      25.000000      50.000000
2995         -50.000000      30.000000      50.000000
2996         -50.000000      35.000000      50.000000
2997         -50.000000      27.306672      45.730594
2998         -46.737187      27.500000      50.000000
2999         -50.000000      17.494940      32.267306
3000         -50.000000      14.996707      36.573298
3001         -50.000000      45.678680      22.500146
3002         -50.000000      50.000000      25.000000
3003         -45.750180      50.000000      22.360903
3004         -45.175296      45.073590       5.007755
3005         -41.797485      50.000000       5.792827
3006         -50.000000      45.669873      17.500000
3007         -45.683258      50.000000      17.476817
3008         -45.669873      50.000000      12.500000
3009         -50.000000      19.985301      36.573296
3010         -50.000000      31.861695      32.334340
3011         -50.000000      34.946505      10.364946
3012         -50.000000      33.002860      15.199805
3013         -50.000000      22.500000      23.612159
3014         -50.000000      27.500000      23.612159
3015         -50.000000      25.000000      19.282032
3016         -45.289904      27.279496       9.051094
3017         -43.917316      22.824882      11.900755
3018         -40.310529      25.771453       7.245139
3019         -44.826148      26.172861      15.761058
3020         -41.339746      50.000000      10.000000
3021         -50.000000       7.500000      45.669873
3022         -45.534180       7.603630      50.000000
3023         -50.000000      12.500000      40.932667
3024         -50.000000      12.500000      46.454483
3025         -50.000000       7.556335      40.154017
3026         -50.000000      22.500000      40.932667
3027         -50.000000      17.500000      45.669873
3028         -50.000000      22.461334      46.466627
3029         -50.000000      20.000000      50.000000
3030         -45.030875      23.001726      50.000000
3031         -45.612929      17.448490      50.000000
3032         -45.669873      12.500000      50.000000
3033         -25.947466     -25.848172      26.853729
3034         -26.918148     -24.493416      20.828472
3035         -18.019722     -31.507589      16.542358
3036         -22.880606     -29.741976      22.756934
3037         -15.003678     -32.683072      50.000000
3038         -10.000000     -44.226497      44.392229
3039         -12.500410     -39.896607      40.547696
3040         -10.000000     -41.339746      50.000000
3041         -10.000000     -32.679492      50.000000
3042          -5.000000     -41.339746      50.000000
3043          -7.500000     -37.009619      50.000000
3044           1.483049     -29.014564      -9.145257
3045          24.998702     -42.140549      -2.889804
3046           2.463930     -50.000000      32.274734
3047           4.608829     -50.000000      36.740179
3048          -0.216417     -50.000000      36.757568
3049          20.000000     -50.000000      50.000000
3050          15.000000     -50.000000      50.000000
3051           7.527357     -50.000000      45.688616
3052          12.463925     -50.000000      45.643219
3053           7.500000     -45.669873      50.000000
3054          12.500000     -45.669873      50.000000
3055          10.000000     -50.000000      27.942286
3056          15.000000     -50.000000      27.942286
3057          -7.499508     -43.760606      37.491554
3058          -6.758657     -41.511214      31.134404
3059           0.000000     -41.339746      50.000000
3060          -2.500000     -42.244529      42.550371
3061           0.605520     -44.923121      38.822664
3062           5.765343     -50.000000      41.310587
3063          -5.847699     -38.188230      11.632307
3064           3.246300     -44.063782      11.509423
3065          20.943139     -44.818673       8.279554
3066          15.987756     -41.944742       7.642085
3067          -5.365911     -33.262785       5.400094
3068         -11.467236     -28.208883       6.633121
3069         -13.459707     -27.685857       1.763889
3070         -13.276834     -23.079845       5.919175
3071          -5.548816     -27.616242       4.407173
3072         -17.989597     -24.758515       7.541281
3073         -17.779202     -27.807671      11.518589
3074         -11.115690     -33.619963      18.665992
3075          -7.135434     -37.265612      23.669604
3076          -3.253945     -39.401983      20.873993
3077           1.099405     -41.045627      23.280704
3078           2.811064     -44.258598      28.239591
3079          -0.018653     -43.188793      33.596058
3080          -1.659483     -40.462197      28.426734
3081          35.531495      14.125438     -44.138241
3082          38.267266       9.810106     -45.492718
3083          35.821126      -0.940144     -43.757948
3084          35.790315       5.352688     -44.100856
3085          30.537312       4.538058     -45.242502
3086          30.000000     -50.000000      50.000000
3087          25.000000     -50.000000      50.000000
3088           3.669416     -43.669543      17.735786
3089          11.428261     -44.984929       8.655227
3090           8.120411     -45.419619      12.616213
3091           7.499991     -50.000000      14.951898
3092          17.500000     -50.000000      14.951905
3093           4.434675     -45.135589      22.773103
3094          12.500000     -50.000000      23.612159
3095           7.500000     -50.000000      23.612159
3096          10.000000     -50.000000      19.282032
3097          12.499978     -50.000000      14.951888
3098          15.000000     -50.000000      19.282032
3099          17.500000     -50.000000      23.612159
3100          15.053494     -44.398721      13.240198
3101          25.004986     -50.000000      10.623114
3102          29.856240     -50.000000      10.527723
3103          27.529915     -50.000000      14.959921
3104          25.000000     -50.000000      19.282032
3105          20.000000     -50.000000      19.282032
3106          22.500000     -50.000000      14.951905
3107           7.547420     -45.767568      29.405135
3108           9.719034     -50.000000      36.560328
3109           7.500000     -50.000000      32.272413
3110          12.500000     -50.000000      32.272413
3111          10.000000     -50.000000      41.339746
3112          14.925717     -50.000000      36.739460
3113          14.919241     -50.000000      41.469625
3114          20.000000     -50.000000      27.942286
3115          22.500000     -50.000000      32.272413
3116          16.986209     -45.327325      25.914143
3117          17.533370     -50.000000      32.225710
3118          20.200218     -50.000000      36.463427
3119          30.325922     -44.494893      -1.566943
3120          34.999068     -50.000000       1.960899
3121          32.498988     -50.000000      -2.369282
3122          37.499916     -50.000000      -2.368659
3123          41.797485     -50.000000       5.792827
3124          30.855816     -45.525774       4.351566
3125          32.500000     -50.000000       6.291651
3126          33.929069     -50.000000      10.058758
3127          50.000000     -45.450821       2.304916
3128          39.921623     -50.000000       1.917680
3129          42.425446     -50.000000      -2.424979
3130          45.669873     -50.000000      12.500000
3131          50.000000     -50.000000      15.000000
3132          45.669873     -50.000000       7.500000
3133          50.000000     -45.113021      11.753174
3134          50.000000     -46.597490       7.271682
3135          37.355798     -50.000000       6.923294
3136          41.339746     -50.000000      10.000000
3137          32.743908     -50.000000      14.982714
3138          37.274947     -50.000000      12.403238
3139          44.523581     -44.523581      -4.286838
3140          50.000000     -42.483859      -2.384153
3141          50.000000     -39.897971      -6.688432
3142          50.000000     -37.381848     -10.960642
3143          39.684826     -37.680969     -15.257821
3144          44.217386     -36.107478     -17.657161
3145          50.000000     -35.000000     -15.358984
3146          37.338427     -33.731465     -17.872930
3147          42.378559     -31.497134     -21.513325
3148          44.525494     -38.188222     -12.352957
3149          44.478010     -30.409397     -16.399453
3150          50.000000     -32.500000     -11.028857
3151          50.000000     -27.496421     -19.687045
3152          50.000000     -30.000000     -15.358984
3153          37.696393     -43.364792      -3.618173
3154          41.603429     -41.605673      -8.839899
3155          37.052127     -39.064049      -8.483233
3156          12.068889     -11.501461     -27.212164
3157           6.472653     -20.040341     -19.545491
3158          29.432726     -38.083086     -13.756699
3159          25.575368     -37.588065      -9.762428
3160          33.058883     -34.287849     -14.733159
3161          35.824184     -34.127378      -9.676065
3162          17.625850     -25.091261     -20.881905
3163          11.562538     -20.810122     -20.334277
3164          16.641936     -20.207522     -23.191960
3165           8.691008     -21.684569     -14.773503
3166          27.960728     -28.176754     -17.703691
3167          23.173741     -22.039395     -19.107674
3168          27.955101     -32.753062     -14.453783
3169          11.189415     -38.931511      -0.511248
3170          12.026862     -37.631796       5.521649
3171          16.840063     -38.789882       3.445428
3172          29.691138     -37.093408      -5.823485
3173          21.895734     -38.019274      -5.388506
3174          22.955602     -27.653879     -14.224559
3175          24.104024     -32.271888      -8.369601
3176          14.892247     -25.989060     -14.197164
3177           9.516157     -27.852902     -10.716897
3178          10.852953     -34.125079       1.832768
3179          13.936145     -32.705519      -9.531855
3180          16.114061     -36.348461      -3.462543
3181          11.389899     -32.538140      -3.114584
3182          17.619912     -29.383474     -11.259628
3183           9.102787     -31.870134      -7.614996
3184          18.315469     -34.450289      -7.631879
3185          28.120110     -21.837478     -26.400039
3186          27.655506     -22.733186     -21.413453
3187          34.877977     -21.196090     -29.276985
3188          30.159843     -20.193614     -30.689271
3189          31.786168     -25.667866     -20.955770
3190          34.064365     -29.049575     -14.555090
3191          37.243153     -28.068509     -19.380374
3192          26.834362     -16.483714     -30.027364
3193          35.190994     -11.300385     -33.516749
3194          35.853518     -15.837976     -30.624846
3195          19.674017      -4.086017     -39.754613
3196          30.693037      -6.613564     -42.193793
3197          28.099825      -9.892852     -38.132606
3198          36.273646      -6.333464     -36.269624
3199          17.290315      -3.208903     -35.299532
3200          21.104712     -11.825935     -34.035211
3201          24.226254      -5.544092     -37.897123
3202          17.779872      -8.552492     -36.640589
3203          25.060129      -8.421456     -33.601894
3204          32.559417      -7.053323     -32.959020
3205          29.492274     -11.019090     -32.586040
3206          19.673129       7.357808     -44.196770
3207          19.408093       0.755407     -41.424645
3208          26.478851      11.924030     -43.937469
3209          25.329032       4.658309     -43.686749
3210          31.902006       9.593971     -41.529700
3211          15.627739       7.487122     -39.384832
3212          20.322649       3.144204     -36.682273
3213          12.510764      -1.309326     -33.809714
3214          15.496408       3.086262     -34.470619
3215           9.763235      -2.767424     -29.050295
3216          13.258179      -5.670633     -25.825680
3217          15.315438      -4.774986     -30.530415
3218          24.489724       1.310174     -39.413423
3219          50.000000       5.000000     -41.339746
3220          44.207414       3.146732     -43.156513
3221          41.839410      -2.500000     -41.484309
3222          50.000000      -0.000000     -41.339746
3223          50.000000       2.500000     -37.009619
3224          50.000000       7.500000     -37.009619
3225          45.521269      -4.883376     -38.520327
3226          50.000000      -2.500000     -37.009619
3227          45.217286     -11.307461     -31.090788
3228          50.000000      -5.000000     -32.679492
3229          44.464648     -25.584400     -21.665348
3230          50.000000     -22.500000     -19.689111
3231          50.000000     -25.000000     -15.358984
3232          39.625543     -21.903041     -19.418974
3233          40.665993     -13.610634     -32.134293
3234          39.191340     -17.427360     -26.659425
3235          43.022029     -19.809458     -22.710022
3236          50.000000     -20.000000     -24.019238
3237          50.000000     -17.499927     -28.349323
3238          44.497441     -15.586414     -28.213261
3239          50.000000     -12.500000     -28.349365
3240          50.000000     -17.500000     -19.689111
3241          50.000000      -7.500000     -28.349365
3242          21.888930     -19.115567     -24.388640
3243          35.312098     -19.933235     -21.483982
3244          19.290634       0.420129     -32.271252
3245          30.332686       1.060605     -40.644050
3246          38.622797       4.942962     -38.485926
3247          43.241299      -7.159013     -34.319736
3248          35.312545      -0.219237     -37.100030
3249          40.465825      -2.894163     -36.194978
3250          38.841454      -5.598148     -31.535332
3251          -6.169057       4.684018     -24.506492
3252          -6.016437      -0.514891     -23.152305
3253         -10.038438       4.154766     -20.814129
3254         -23.166152      23.367234     -20.547144
3255         -28.891000      26.216091     -17.114914
3256         -23.792946      18.303226     -18.534310
3257         -28.607571      19.752541     -16.341728
3258         -21.610870      13.474964     -16.441908
3259         -17.074811       9.707357     -16.450005
3260         -30.749735      23.327067     -13.129740
3261         -24.781229      12.962371     -11.496525
3262         -28.045502      18.305953     -10.121472
3263         -35.491170       7.890833       8.317302
3264           2.761775     -42.934258      44.891902
3265           5.000000     -41.339746      50.000000
3266           7.500000     -37.009619      50.000000
3267         -36.236266     -14.919099      44.871712
3268         -29.808134     -15.299206      50.000000
3269         -33.968305     -14.912021      50.000000
3270         -32.381950     -11.116318      50.000000
3271         -36.350342      -9.378472      44.016454
3272         -38.612159      -7.500000      50.000000
3273         -34.645540      -7.118200      50.000000
3274         -37.272413      -2.500000      50.000000
3275         -44.329359       4.125422      27.470263
3276         -42.345027       9.170994      25.534162
3277         -43.584760      -1.745536      29.316078
3278         -40.264195      -6.661205      26.014632
3279         -41.904542       0.957614      23.319467
3280         -36.770357     -11.082885      29.111038
3281         -36.768505      -3.293169      17.199994
3282         -32.958784     -10.542617      16.287503
3283         -36.603017      -9.237385      21.411004
3284         -38.088816      -2.911748      22.518342
3285         -34.013843     -14.362457      24.316049
3286         -35.119582      -7.229039      26.075258
3287         -38.485823      10.658407      12.222203
3288         -40.388603       5.998187      16.971584
3289         -40.695142       9.665301      20.635347
3290         -38.161470       1.570523      19.343835
3291         -31.433577     -22.484699      36.002178
3292         -28.022395     -21.834105      41.952540
3293         -35.467119     -13.768604      35.701000
3294         -28.706390     -19.489125      22.255283
3295         -24.148803     -28.424152      33.683889
3296         -10.707439     -37.669864      30.214464
3297         -12.787669     -34.066240      26.488652
3298         -15.835459     -29.269001      22.266302
3299         -21.375813     -29.341466      29.298762
3300         -18.759126     -33.810774      26.309818
3301         -20.590370     -24.798114      31.680622
3302         -14.521259     -33.458364      33.326482
3303         -16.720824     -32.564428      41.644570
3304         -21.200601     -33.066292      35.143860
3305         -11.847395     -34.499649      44.579407
3306          -8.835614     -36.599191      35.366654
3307         -12.425971     -33.743149      38.409045
3308         -23.745034     -23.862447      44.683285
3309         -22.603609     -27.205001      38.571253
3310         -20.001532     -27.821279      44.258091
3311         -19.999992     -24.019243      50.000000
3312         -17.503865     -28.353131      50.000000
3313         -31.969094     -13.518213      41.514363
3314         -30.273507     -17.960916      38.831042
3315         -27.498771     -11.029567      50.000000
3316         -24.999779     -15.359112      50.000000
3317         -14.693202     -28.800155      45.028138
3318         -12.500612     -28.349962      50.000000
3319         -22.499954     -19.689137      50.000000
3320         -17.499996     -19.689113      50.000000
3321         -25.617129      15.149054      -7.033619
3322         -34.750641      11.792692      -1.206217
3323         -30.160470       9.704930      -0.959396
3324         -37.973452      13.468194       7.459314
3325         -36.967282      23.011346       3.911399
3326         -36.511750      17.616112       3.141171
3327         -39.645155      18.969107       6.994418
3328         -21.710591       2.030214      -7.441920
3329         -25.000925       0.005372      -2.478443
3330         -22.112559      -3.107371      -5.863377
3331         -23.910328      -6.225277      -1.851539
3332         -36.289075       3.497635      12.758332
3333         -32.150204       3.625434       6.611090
3334         -29.505184      -1.980451       3.061018
3335         -31.094921      -3.533630      10.130518
3336         -27.742285      10.958998      -5.210166
3337         -23.811381      -2.869522       2.837687
3338         -23.260298       6.418802      -3.210952
3339         -26.155039       5.086375       2.073325
3340         -22.007596       1.912154       1.697433
3341         -29.785269      -9.656464      12.228574
3342         -26.497028      -2.488566       7.313636
3343         -28.043866     -16.600194      44.572779
3344         -24.402751     -22.061520      37.816265
3345         -22.305314     -18.746326      43.410702
3346         -20.143131     -26.179188      15.632040
3347         -23.772072     -20.477194      17.932598
3348         -27.157760     -15.726557      18.551046
3349         -23.649798     -16.512254      14.594329
3350         -28.268997     -10.594759      18.650393
3351         -20.809183     -20.491652      12.869497
3352         -25.514765     -23.449952      32.610691
3353         -22.875072     -21.746556      26.782909
3354         -30.954888     -17.510122      32.318999
3355         -30.108213     -14.593986      27.553170
3356         -30.775771     -11.370095      31.419357
3357         -28.060086     -11.979231      23.711980
3358         -26.574893     -18.220690      27.166935
3359         -30.419306      -4.686609      16.806923
3360           2.873374      -8.359736     -22.147584
3361          -0.068969     -12.038652     -19.166735
3362           9.656846     -12.969013     -23.020376
3363          -0.000000      -2.472522     -25.001474
3364           1.857701       3.867795     -25.350424
3365         -19.885650     -21.535058      -0.028583
3366         -19.032341     -15.864958      -4.309536
3367         -12.877622     -22.514973       0.827908
3368         -14.696263     -21.080895      -4.340887
3369          -6.426409     -24.420691      -0.274822
3370          -9.045587     -20.643767      -5.966790
3371          -5.180934     -18.813176      -9.565465
3372          -4.807709     -24.510523      -5.780971
3373         -10.976765      -6.250664     -16.796885
3374          -5.897930       2.130659     -18.810469
3375         -14.506579       1.471493     -16.264381
3376         -17.742489       3.633233     -11.673423
3377         -17.798733      -1.820606     -13.194112
3378         -10.132063      -0.547896     -18.419409
3379         -12.841283     -15.778040      -5.061486
3380         -15.246182      -9.358544      -6.842317
3381          -9.624329     -10.005757     -10.891458
3382          -6.970051     -14.355261      -6.612780
3383         -11.462621      -3.214943     -11.878090
3384         -17.109695      -2.252194      -7.676712
3385          -8.183863     -32.019399      12.107645
3386          -5.410416     -36.007459      17.516565
3387           0.046321     -39.143890      14.475777
3388           7.895763     -40.691473       9.037162
3389           0.885224     -36.814343       3.614295
3390           2.429376     -38.554067       9.143391
3391          -2.448184     -37.026127       7.732475
3392         -26.408055     -12.211799       5.623271
3393         -25.351013     -12.408603      11.921193
3394         -25.916824      -6.579391      10.526184
3395         -20.462796     -13.120213       3.467219
3396         -16.534423     -19.265233       4.807282
3397         -18.904905     -15.565058       9.330327
3398         -17.843503      -7.662190      -0.613676
3399         -13.502672     -28.164324      15.076673
3400         -13.580126     -25.231131      10.575294
3401           6.237559     -34.751032       6.799070
3402         -12.854138     -19.928514      10.098611
3403           3.501585     -18.196126     -15.686308
3404          -0.096523     -18.209467     -11.651431
3405           6.222795     -11.721642     -19.528369
3406          -6.271326      -9.624343     -16.445682
3407          -5.804020      -3.157938     -16.898159
3408          -0.574086      -5.882426     -18.777232
3409          -0.606341     -10.697224     -14.122245
3410          -3.876421      -9.713500      -9.915793
3411          14.167451     -20.513665     -15.228973
3412          17.433776      -8.530627     -27.072144
3413          22.837740     -12.464981     -26.658354
3414          19.044085     -14.618824     -23.478529
3415          14.073780     -14.796707     -21.379344
3416           6.749680      -3.038429     -23.758917
3417           8.960281      -7.057748     -21.736173
3418          -0.897381     -17.068020      -6.428163
3419           1.643009     -29.467822       0.671994
3420          -0.000000     -25.001474      -2.472522
3421           7.120984     -30.471293       1.905102
3422           2.997021     -28.736376      -4.268133
3423          -1.704947     -24.830474       2.391789
3424           4.578862     -23.661928      -8.814170
3425           2.296297     -20.961685      -4.926540
3426          20.702538     -44.675780      13.976208
3427          32.606126     -39.708434      -2.194699
3428          19.823870     -38.499100      -0.826007
3429          25.474095     -43.773128       4.555370
3430          22.094556     -37.986758       3.637259
3431          26.404108     -39.613269       1.358510
3432          50.000000     -37.498674      -2.369369
3433          44.426607     -44.995700       5.074642
3434          50.000000     -40.055792       2.056392
3435          50.000000     -42.489202       6.843683
3436          27.527521     -50.000000      46.152914
3437          27.510424     -50.000000      41.110032
3438          25.000000     -50.000000      36.602540
3439          22.500000     -50.000000      23.612159
3440          45.750180     -50.000000      22.360903
3441          45.683258     -50.000000      17.476817
3442          50.000000     -45.669873      17.500000
3443          45.002195     -50.000000      27.704714
3444          41.821590     -50.000000      24.165421
3445          50.000000     -50.000000      30.000000
3446          50.000000     -45.678680      22.500146
3447          50.000000     -45.679354      27.500404
3448          29.118141     -44.403761       9.064055
3449          32.719632     -45.213977      12.796747
3450          37.341248     -50.000000      23.000093
3451          35.000000     -50.000000      27.942286
3452          30.000000     -50.000000      27.942286
3453          37.311853     -50.000000      17.553369
3454          41.339746     -50.000000      20.000000
3455          41.341977     -50.000000      14.996136
3456          46.376274     -50.000000      46.376274
3457          35.000000     -50.000000      50.000000
3458          40.000000     -50.000000      50.000000
3459          42.802786     -50.000000      45.855037
3460          32.500000     -50.000000      45.669873
3461          46.226036     -50.000000      42.582417
3462          46.307290     -50.000000      37.696623
3463          50.000000     -50.000000      35.000000
3464          50.000000     -50.000000      40.000000
3465          37.462399     -45.691582      50.000000
3466          42.306624     -45.781518      50.000000
3467          46.339746     -46.339746      50.000000
3468          50.000000     -46.339746      46.339746
3469          50.000000     -45.000000      50.000000
3470          50.000000     -45.781518      42.306624
3471          50.000000      22.500000     -45.669873
3472          41.673794      24.948141     -50.000000
3473          45.775916      27.396057     -50.000000
3474          45.675257      22.500000     -50.000000
3475          50.000000      27.500000     -45.669873
3476          45.811782      32.196529     -50.000000
3477          45.055686      37.217109     -50.000000
3478          19.335264      45.200512     -43.842691
3479          19.999888      50.000000     -41.339681
3480          15.413561      37.181257     -44.745188
3481          22.500408      32.267496     -50.000000
3482          22.500000      40.932667     -50.000000
3483          25.000009      36.598616     -50.000000
3484          20.607955      38.229931     -44.469959
3485          20.000395      32.945015     -42.150659
3486          39.971026      36.832413     -50.000000
3487          27.500000      40.932667     -50.000000
3488          35.000064      36.575066     -50.000000
3489          27.500000      32.272413     -50.000000
3490          30.000055      36.578991     -50.000000
3491          50.000000      20.000000     -41.339746
3492          50.000000      25.000000     -41.339746
3493          23.623257      28.476484     -44.106646
3494          29.060436      29.407488     -44.729263
3495           7.500000      50.000000     -37.009619
3496          11.566742      43.934119     -43.321935
3497          17.044316      41.175746     -40.962643
3498          14.999950      50.000000     -41.339717
3499          12.499974      50.000000     -37.009604
3500          17.499841      50.000000     -37.009527
3501           8.114967       2.712795     -25.207351
3502          12.280945       2.869098     -29.562487
3503           3.449350      17.868952     -36.455975
3504           6.234600      10.261660     -34.807881
3505           3.058860      12.398490     -31.545125
3506           7.326303       7.233739     -30.776448
3507          12.396959       8.425574     -32.142645
3508          12.690276      15.149253     -39.805212
3509           8.969728      16.750278     -35.843470
3510          11.229579      10.766874     -36.919723
3511          15.158807      20.465220     -43.287664
3512           9.001669      24.620461     -38.163731
3513          23.305565      17.836438     -44.501388
3514          45.759180      42.508143     -50.000000
3515          46.339746      46.339746     -50.000000
3516          46.339746      50.000000     -46.339746
3517          50.000000      37.462399     -45.691582
3518          50.000000      46.339746     -46.339746
3519          50.000000      50.000000     -45.000000
3520          32.500000      45.669873     -50.000000
3521          37.429971      41.333482     -50.000000
3522          37.437310      46.563225     -50.000000
3523          32.496360      40.642264     -50.000000
3524          42.050628      45.464850     -50.000000
3525          42.053298      40.671200     -50.000000
3526          50.000000      42.306624     -45.781518
3527          42.306624      50.000000     -45.781518
3528          37.467771      50.000000     -45.688481
3529          50.000000      50.000000     -40.000000
3530          44.575011      15.000000     -44.575011
3531          42.773147       9.318053     -42.773147
3532          50.000000      10.000000     -41.339746
3533          50.000000      15.000000     -41.339746
3534          50.000000      12.500000     -37.009619
3535          42.947871      22.536362     -42.951259
3536          39.307368      18.807161     -44.952348
3537          50.000000      32.500000     -45.669873
3538          42.036283      33.447500     -50.000000
3539          41.955612      29.574911     -50.000000
3540          39.294310      26.852485     -44.258782
3541          33.681544      27.019270     -42.790422
3542          32.500329      32.272223     -50.000000
3543          37.808405      32.004066     -50.000000
3544         -50.000000      32.477340      45.393282
3545         -50.000000      41.339746      20.000000
3546         -50.000000      37.189209      17.630439
3547         -45.393902      31.336582      17.727803
3548         -50.000000      29.933699      19.534017
3549         -50.000000      34.016247      19.802606
3550         -50.000000      32.705627      24.237453
3551         -50.000000      29.761804      28.079809
3552         -50.000000      37.249843      22.411316
3553         -50.000000      37.255013      27.167961
3554         -50.000000      33.570826      28.767420
3555         -50.000000      45.679354      27.500404
3556         -45.002195      50.000000      27.704714
3557          32.500000      50.000000     -45.669873
3558          34.987317      50.000000     -41.340899
3559          28.758643      44.926311     -44.992091
3560          24.242942      42.924886     -43.151260
3561          24.999896      50.000000     -41.339686
3562          29.997584      50.000000     -41.339389
3563          27.498310      50.000000     -37.006395
3564          -3.345045      43.338831     -35.559078
3565           0.000000      50.000000     -32.679492
3566           2.871896      39.202978     -38.292591
3567         -11.620678      30.340014     -30.225802
3568          -8.002886      20.297013     -29.460725
3569          -9.160652      25.738240     -31.137912
3570          -2.149767      21.527104     -32.122426
3571          -0.755077      27.326163     -35.918994
3572         -12.685274      24.046828     -26.839482
3573          -3.954842      26.234149     -30.649069
3574          -6.220345      30.487682     -32.737201
3575           1.409049      38.516114     -33.479762
3576         -16.854907      23.901567     -21.888707
3577         -14.607210      28.183504     -24.103409
3578          14.954566      26.637036     -40.398444
3579           4.193670      43.481443     -35.100709
3580           9.999985      44.635466     -36.571541
3581           8.207652      39.787476     -39.487805
3582           5.000000      50.000000     -32.679492
3583         -30.079697      17.519032      -2.348505
3584         -20.748991      29.960987     -20.089110
3585         -19.161824      24.486222     -16.886005
3586         -32.544813      35.708704     -11.925634
3587         -37.333505      40.060543      -9.205935
3588         -30.316274      23.880651      -7.915469
3589         -32.863925      28.160288      -9.465348
3590         -28.293644      30.584766     -11.705606
3591         -39.921623      50.000000       1.917680
3592         -37.499916      50.000000      -2.368659
3593         -37.891854      36.494295      -5.489653
3594         -36.405225      43.288951      -2.864916
3595         -34.999068      50.000000       1.960899
3596         -16.620610      33.167522     -21.052438
3597         -32.657054      42.156839      -8.446344
3598         -31.404542      44.973665      -4.012520
3599         -32.498988      50.000000      -2.369282
3600         -29.999583      50.000000      -6.699011
3601         -27.499878      50.000000     -11.028939
3602         -22.499927      50.000000     -11.028906
3603         -20.612190      36.203042     -21.376511
3604         -24.799917      34.833021     -15.431488
3605         -26.588440      43.199576     -11.989352
3606         -24.998733      40.030684     -15.912732
3607         -20.027343      33.907645     -16.888203
3608         -14.600384      33.271974     -25.652425
3609         -16.373368      38.735391     -24.951712
3610          -9.611994      45.516293     -30.016756
3611          -7.500000      50.000000     -28.349365
3612         -10.000000      50.000000     -24.019238
3613           2.500000      50.000000     -28.349365
3614          -2.500000      50.000000     -28.349365
3615         -13.369206      43.078019     -27.318142
3616         -10.582912      35.768830     -29.384763
3617          -3.654574      45.326899     -30.716050
3618          -5.382124      36.154711     -32.428861
3619          -8.721611      40.808792     -32.112225
3620          15.883710      31.806165     -38.609601
3621          20.527519      13.203966     -42.045236
3622          19.009877       8.005327     -35.508817
3623          21.403605      23.068854     -42.448492
3624          17.818111      17.364241     -39.462719
3625          20.557927      27.342066     -38.975444
3626          26.857376      27.419094     -39.668240
3627          23.034375      16.170197     -37.950965
3628          28.851819      22.416317     -43.996730
3629          34.500972      20.179817     -42.466601
3630          33.039592      15.457384     -39.121693
3631          27.779037      17.229000     -40.650534
3632         -18.311389      18.311389     -18.331796
3633         -13.199750      15.122804     -17.941604
3634          -9.561376      11.048429     -20.476112
3635         -11.986402       7.569923     -16.913202
3636         -18.975689       8.337999      -7.970916
3637         -18.399689       4.588021      -4.206973
3638         -16.280565      11.203482     -11.467134
3639         -20.843172      13.181169      -8.118735
3640         -17.499998      50.000000     -19.689112
3641         -12.500000      50.000000     -19.689111
3642         -10.926588      44.853813     -22.906867
3643          -5.000000      50.000000     -24.019238
3644          -7.500000      50.000000     -19.689111
3645         -19.582478      44.700887     -18.595363
3646         -22.585404      45.755055     -13.866318
3647         -19.999988      50.000000     -15.358992
3648         -14.783363      42.053439     -20.485635
3649         -14.999998      50.000000     -15.358985
3650         -17.500000      50.000000     -11.028857
3651         -23.062731      27.688114     -14.600940
3652         -23.319191      31.531004     -11.286998
3653         -11.639528      20.272496     -20.645011
3654          -3.963202      15.516509     -30.056628
3655          -5.029220       9.731899     -25.957503
3656          -8.420892      16.110671     -22.790940
3657           2.080577       9.930959     -27.272984
3658           1.622951      16.570693     -29.131035
3659           8.492690      10.057928     -26.619999
3660           5.136238      13.879891     -26.762996
3661          12.128111      21.452761     -35.731971
3662           8.678834      33.472412     -37.842099
3663          11.115209      28.663425     -35.947922
3664           9.800540      24.891642     -32.855966
3665          12.933517      38.645021     -36.141615
3666           4.773644      24.559475     -32.488711
3667           6.065660      20.204149     -29.347650
3668           5.898158      34.775059     -33.023268
3669           4.494963      29.820548     -31.595753
3670           0.073930      32.602036     -32.723457
3671         -50.000000      45.688481      37.467771
3672         -50.000000      36.597458      32.417719
3673         -50.000000      37.191230      37.657105
3674         -46.016985      50.000000      32.792377
3675         -50.000000      41.420207      35.014546
3676         -50.000000      45.669873      32.500000
3677         -50.000000      41.396630      30.002424
3678         -46.307290      50.000000      37.696623
3679         -50.000000      46.339746      46.339746
3680         -50.000000      45.781518      42.306624
3681         -46.226036      50.000000      42.582417
3682         -46.376274      50.000000      46.376274
3683         -46.339746      46.339746      50.000000
3684         -42.802786      50.000000      45.855037
3685         -45.000000      50.000000      50.000000
3686         -40.000000      50.000000      50.000000
3687         -50.000000      41.856048      45.394201
3688         -50.000000      41.361455      39.962399
3689         -46.660999      37.443317      50.000000
3690         -50.000000      37.439765      46.652421
3691         -50.000000      37.009619      42.500000
3692         -45.394968      41.855605      50.000000
3693         -50.000000      17.499063      40.621008
3694         -45.610175      14.996611      33.582848
3695         -41.795838       4.971253      50.000000
3696         -44.607722      13.017841      38.307508
3697         -40.673575      10.268333      50.000000
3698         -37.178340       6.201016      50.000000
3699         -38.704704       2.709364      50.000000
3700         -42.438057      10.552359      33.286152
3701         -41.532746      -5.898946      42.111502
3702         -39.810893      -1.748763      45.220322
3703         -42.591383       2.499358      43.190386
3704         -36.209777      -7.029596      36.059180
3705         -44.529197       7.214471      38.245468
3706         -41.881693      -1.024684      35.848263
3707         -43.987399       4.376025      33.211702
3708         -38.556473      -4.340953      31.257717
3709         -21.967448      -7.297772       6.039285
3710         -34.148266      22.084458      -0.682438
3711         -31.367478      31.680295      -5.918780
3712         -27.842306      22.058522      -3.679470
3713         -33.537659      26.792492      -4.477045
3714         -40.324129      17.328227      12.392430
3715         -30.968166       1.604725      15.744167
3716         -32.324026      10.396975       5.135979
3717         -28.316357       7.219801       6.369093
3718         -50.000000      25.000000      27.942286
3719         -50.000000      24.927469      36.569578
3720         -50.000000      22.484340      32.271012
3721         -43.287193      17.676212      23.065035
3722         -44.479236      22.758522      26.349653
3723         -45.549466      20.056638      30.716563
3724         -41.238854      17.337910      29.474541
3725         -39.675615      13.566450      26.263586
3726         -32.017407       8.201132      12.094742
3727         -36.826705       8.197786      23.773251
3728         -34.154044      13.090085      14.835679
3729         -37.616976      14.362453      21.561859
3730         -42.398518      22.345981      18.290581
3731         -40.042427      17.721938      18.433839
3732         -38.210235      18.950968      24.307253
3733         -44.458686      44.746835      10.936526
3734         -50.000000      41.138794      15.096249
3735         -50.000000      39.758996      10.599595
3736         -50.000000      37.346043      13.704041
3737         -43.576826      38.637541       7.175050
3738         -43.166477      32.312628       8.968742
3739         -41.060489      41.069472       1.594370
3740         -39.773246      35.997935       2.406390
3741         -34.947601      28.221454       0.685225
3742         -38.388994      29.918063       4.435082
3743         -37.355798      50.000000       6.923294
3744         -35.094410      34.799128       0.236547
3745         -35.393833      40.123311       2.598162
3746         -36.451176      21.657512      10.005616
3747         -40.393609      24.011110      50.000000
3748         -42.500000      37.009619      50.000000
3749         -44.528019      25.789793      45.318451
3750         -45.557285      32.546010      50.000000
3751         -50.000000      28.066516      40.876129
3752         -42.697734      27.900548      50.000000
3753         -38.285221      28.028149      50.000000
3754         -40.351666      32.735647      50.000000
3755         -43.401981      19.455752      35.464480
3756         -50.000000      41.383108      25.000471
3757         -44.997478      45.045202      23.543463
3758         -41.339746      50.000000      20.000000
3759         -41.821590      50.000000      24.165421
3760         -40.238533      44.035151       7.304585
3761         -43.425564      43.549036      18.590473
3762         -41.341977      50.000000      14.996136
3763         -37.311853      50.000000      17.553369
3764         -44.006495      26.002391      38.279572
3765         -50.000000      27.406040      32.264006
3766         -50.000000      33.661821      35.725458
3767         -50.000000      32.984291      39.803554
3768         -50.000000      29.674433      36.414574
3769         -44.748816      32.074937      31.076259
3770         -43.772396      28.974150      26.759444
3771         -43.893256      35.721619      15.605488
3772         -44.651929      27.347485      20.813462
3773         -35.121008      29.163786       8.622496
3774         -41.077083      29.754250      15.526437
3775         -39.195117      24.625782      14.306669
3776         -37.274947      50.000000      12.403238
3777         -33.929069      50.000000      10.058758
3778         -43.270924      11.162077      43.854504
3779         -44.551310      20.412687      44.419384
3780         -40.008697      19.325190      50.000000
3781         -41.890199      14.884269      50.000000
3782         -20.119249     -23.610610      22.717164
3783         -16.803543     -24.848866      19.146697
3784          -9.619540     -29.673404      45.476695
3785          -7.500000     -28.349365      50.000000
3786          -3.921912     -37.152653      31.806760
3787          -6.356542     -36.481756      43.154471
3788          -5.000000     -32.679492      50.000000
3789          -2.500000     -37.009619      50.000000
3790           2.500000     -37.009619      50.000000
3791           0.000000     -32.679492      50.000000
3792          -2.500000     -28.349365      50.000000
3793           2.500000     -28.349365      50.000000
3794           7.446522     -26.235031      -4.586023
3795           5.082623     -17.978259      -9.218755
3796          31.211243     -40.607087       2.879779
3797          27.540871     -35.138498      -0.898629
3798           8.799389     -42.795053      24.665360
3799           8.835926     -44.673355      38.453358
3800           5.716343     -44.627002      34.032749
3801          22.500000     -45.669873      50.000000
3802          22.780305     -50.000000      40.009741
3803          17.283551     -50.000000      45.509948
3804          22.682227     -50.000000      44.668542
3805          18.750917     -50.000000      40.530435
3806          17.500000     -45.669873      50.000000
3807          15.000000     -44.226497      44.693274
3808           8.390546     -43.772674      43.769950
3809          10.000000     -41.339746      50.000000
3810          15.000000     -41.339746      50.000000
3811          12.500000     -44.851022      28.568208
3812          -2.173958     -36.883900      36.743223
3813           2.620692     -36.982373      43.475927
3814           4.713757     -41.205948      38.963797
3815          12.500000     -37.009619      50.000000
3816          -6.114758     -32.537647      30.628040
3817          -4.193334     -32.356487      25.062810
3818          -1.182222     -32.955131      11.161653
3819           4.836123     -38.171746      17.286716
3820           5.354551     -38.863624      25.581964
3821           2.202645     -33.381178      15.299938
3822           0.184919     -34.718192      20.085900
3823          25.000000     -50.000000      27.942286
3824          27.500000     -50.000000      32.272413
3825          32.500000     -50.000000      23.612159
3826          27.475087     -50.000000      23.631460
3827          29.850519     -50.000000      19.397837
3828          33.914043     -50.000000      19.843667
3829          19.603379     -40.240139      10.842633
3830          24.580915     -41.399868      11.160531
3831          12.434215     -37.405969      11.839296
3832          18.193317     -35.653649       9.054412
3833          12.385036     -32.142810       8.442124
3834          -0.054611     -28.168230       5.960176
3835          -7.860669     -25.947603      11.106921
3836          -4.625966     -29.566337       9.167848
3837          -6.920965     -22.342586       6.198416
3838         -10.938828     -18.627428       4.866009
3839          -2.237443     -23.839072       7.482278
3840          -4.548690     -29.364191      20.001548
3841          -9.690285     -29.382954      23.637463
3842          -8.398314     -28.010543      16.582117
3843         -15.442709     -22.441272      14.948241
3844         -11.941007     -25.861447      19.925048
3845           6.040303     -39.680509      30.780584
3846           0.361868     -35.001596      27.699096
3847           1.090179     -37.877168      31.803561
3848           3.617332     -35.937790      35.740349
3849          40.323773      15.856266     -40.323773
3850          36.897049      11.082252     -37.871737
3851          33.316131       5.144016     -38.956605
3852          32.500000     -45.669873      50.000000
3853          27.500000     -45.669873      50.000000
3854          20.000000     -41.339746      50.000000
3855          22.500000     -37.009619      50.000000
3856          25.000000     -41.339746      50.000000
3857          10.100725     -42.560550      16.453441
3858          16.759053     -43.459545      20.572724
3859          11.696002     -45.170890      20.844120
3860          22.305427     -44.720026      23.333994
3861          17.385538     -39.056763      15.303877
3862          28.101439     -44.022646      15.268784
3863          26.723057     -45.519485      20.951477
3864          23.306745     -42.582768      18.598716
3865          20.417635     -39.868378      22.390006
3866          15.507966     -40.353196      26.599587
3867          11.194324     -38.352563      24.892800
3868           8.525720     -36.308616      21.121329
3869          11.855398     -36.118827      16.972177
3870          11.450341     -43.121160      33.977728
3871          16.361629     -44.925539      39.128174
3872          12.976590     -40.439547      40.443627
3873          21.210726     -43.417630      28.343859
3874          22.929053     -44.995679      34.231845
3875          18.505377     -41.914412      34.291644
3876          12.764810      -1.622420     -22.288557
3877          35.998719     -44.102490       2.070916
3878          34.781479     -43.170926       8.422400
3879          41.287846     -41.306574       2.073037
3880          45.091874     -44.788513      14.335046
3881          50.000000     -39.758996      10.599595
3882          50.000000     -41.138794      15.096249
3883          35.136135     -45.101119      18.096336
3884          42.779678     -42.410751       9.878470
3885          37.791718     -44.101605      13.569243
3886          50.000000     -34.990335      -6.695389
3887          44.406803     -38.242080      -1.579540
3888          43.138317     -35.380287      -6.339941
3889          41.445913     -33.397781     -12.709127
3890          50.000000     -32.498730      -2.369336
3891          39.411663     -28.244656     -11.947346
3892          41.592477     -25.570634     -16.348123
3893          44.713010     -29.686282      -9.404229
3894          50.000000     -29.998146      -6.698313
3895          50.000000     -27.500000     -11.028857
3896          45.615099     -26.532161     -13.356826
3897          50.000000     -20.000000     -15.358984
3898          36.689233     -36.689397      -3.843110
3899          32.441498     -33.897716      -2.418595
3900          36.689892     -31.409473      -5.067380
3901          50.000000     -22.500000     -11.028857
3902          50.000000     -24.999660      -6.698678
3903          13.754738      -8.499503     -21.475993
3904          10.605355     -14.713214     -16.113514
3905          10.862601     -26.456976       3.916609
3906          28.813443     -19.522278     -17.640731
3907          30.681856     -31.547871      -6.805834
3908          34.761260     -27.890493      -8.861655
3909          11.047102     -20.933508      -8.958240
3910          19.026498     -23.050409     -11.936096
3911          18.315997     -18.315998     -18.315998
3912          23.343983     -16.958927     -17.902068
3913          12.148347     -16.695836     -11.637310
3914          24.100582     -21.103808     -13.078266
3915          29.041478     -25.275861     -13.021669
3916          25.590606     -26.812910      -7.772798
3917          16.057521     -33.725199       2.021308
3918          26.398735     -30.959516      -3.845707
3919          20.926221     -32.639087      -3.664999
3920          18.625172     -26.081445      -7.300162
3921          12.900660     -25.825775      -6.481071
3922          14.367423     -26.773102      -0.749964
3923          16.086988     -30.399642      -5.022618
3924          17.128389     -17.877083     -11.247619
3925          29.329274     -17.283646     -22.986324
3926          33.872356     -14.840581     -25.677931
3927          28.271836     -12.917910     -26.123624
3928          37.745095     -15.403504     -21.917013
3929          34.691357     -21.792025     -13.932473
3930          37.694135     -22.684959      -8.978145
3931          36.994620      -9.562018     -28.306588
3932          32.038968     -10.399510     -28.297635
3933          24.127603       0.617061     -33.976123
3934          30.176580      -3.240413     -35.231493
3935          34.033124      -3.705248     -29.510488
3936          22.468713      -5.406457     -30.193389
3937          22.369705      -7.588210     -22.911407
3938          28.266803      -5.787492     -30.367494
3939          23.840158       7.052200     -37.418528
3940          26.832452      12.109284     -37.886575
3941          30.028334       7.700804     -35.628559
3942          17.976479      13.050580     -34.694375
3943          17.520563      -4.583193     -23.029539
3944          19.833281       6.318058     -30.691555
3945          16.857304      -0.372024     -27.822316
3946          28.053844       3.599398     -31.654241
3947          44.360517       7.009340     -37.792442
3948          43.692484       1.425302     -36.777759
3949          42.109816      10.861582     -34.221463
3950          50.000000      -0.000000     -32.679492
3951          50.000000      10.000000     -32.679492
3952          50.000000       5.000000     -32.679492
3953          45.363385      -3.764528     -30.506041
3954          43.402878      -7.780734     -27.717675
3955          50.000000      -5.000000     -24.019238
3956          50.000000      -2.500000     -28.349365
3957          44.475312     -20.566952     -17.119278
3958          39.854988     -21.415052     -13.791288
3959          39.625695     -17.341354     -16.981513
3960          50.000000     -17.500000     -11.028857
3961          41.846458     -12.887479     -23.780853
3962          44.775269     -15.561831     -19.554678
3963          50.000000     -15.000000     -24.019238
3964          50.000000     -10.000000     -24.019238
3965          50.000000     -15.000000     -15.358984
3966          50.000000     -12.500000     -19.689111
3967          44.946843      -6.168856     -22.905225
3968          50.000000      -7.500000     -19.689111
3969          50.000000      -2.500000     -19.689111
3970          26.180764     -13.240746     -20.230465
3971          28.796475     -14.583348     -15.894979
3972          33.728711     -16.283844     -16.366490
3973          39.719778     -12.171902     -18.412325
3974          36.548393     -10.403923     -22.361487
3975          22.141591       2.217226     -27.081656
3976          22.162244      -1.462210     -22.225372
3977          29.408066      -7.679080     -24.990435
3978          28.306723      -8.539401     -20.019126
3979          33.457663       3.327749     -32.306768
3980          39.104162       4.196187     -32.991699
3981          41.160101      -0.687797     -31.290014
3982          38.835018      -5.017851     -23.780544
3983          38.554375      -0.856186     -26.830832
3984          -4.134758      10.498060     -18.557477
3985          -2.075331       5.343461     -20.176463
3986          -1.401931       0.447396     -17.324505
3987          -7.337522       4.161232     -14.444713
3988         -12.886019       7.181635     -11.462055
3989         -22.596461      21.052837     -13.627312
3990         -18.631835      15.886037     -11.960521
3991         -24.809748      24.079005      -9.344107
3992         -22.347127      19.463579      -7.100110
3993         -33.333071      15.427060       9.798598
3994           7.893448     -38.305640      44.613637
3995           5.000000     -32.679492      50.000000
3996          10.000000     -32.679492      50.000000
3997          15.000000     -32.679492      50.000000
3998         -36.545231      15.544169      29.665558
3999         -30.449912      -6.194111      35.714163
4000         -28.933168     -10.408086      44.788132
4001         -29.993678      -6.702380      50.000000
4002         -31.016599      -5.965623      42.436295
4003         -35.145662      -4.362042      45.439818
4004         -34.686254       2.045509      50.000000
4005         -32.462069      -2.390502      50.000000
4006         -24.998946      -6.699338      50.000000
4007         -27.500000      -2.368603      50.000000
4008         -38.404680       3.888109      30.187087
4009         -36.931661      10.320478      29.248923
4010         -34.992503      -2.135647      26.988694
4011         -32.879374      -1.765907      20.661111
4012         -33.999968       3.198648      22.541180
4013         -32.733588      -5.837095      30.969419
4014         -31.084014      -6.341989      22.957489
4015         -28.802026      -8.189108      27.507208
4016         -33.835189       9.135191      18.806167
4017         -25.929210     -16.556112      35.836639
4018         -28.121826     -10.682986      37.225871
4019         -19.636248     -19.966992      36.039830
4020         -20.975002     -17.626411      24.399211
4021         -16.319942     -26.080567      34.335992
4022         -10.768487     -30.001794      31.596195
4023         -15.862431     -24.076819      25.720840
4024         -18.358349     -20.915714      29.058165
4025         -14.893570     -28.378465      28.534569
4026         -13.784317     -28.044165      39.274439
4027          -8.541542     -30.438187      40.480812
4028          -5.828005     -32.104221      36.055243
4029         -17.029508     -22.649470      42.280670
4030         -14.999998     -24.019239      50.000000
4031          -9.999999     -24.019238      50.000000
4032         -24.382012     -12.467399      42.630933
4033         -22.499901     -11.028914      50.000000
4034         -19.999947     -15.359015      50.000000
4035         -19.999774      -6.698860      50.000000
4036         -10.991953     -25.086379      43.532088
4037         -12.499999     -19.689111      50.000000
4038          -7.500000     -19.689111      50.000000
4039         -32.281470       2.487472      27.605167
4040         -29.074237       4.194695      20.243158
4041         -17.499960     -16.802379      45.421889
4042         -14.999986     -15.358992      50.000000
4043         -10.000000     -15.358984      50.000000
4044         -17.499975     -11.028871      50.000000
4045         -15.261736     -19.253331      38.760713
4046         -21.010479      13.434907      -2.934793
4047         -26.272089      11.252509       1.864580
4048         -24.666034      17.428899      -2.640947
4049         -29.499581      16.668580       4.349773
4050         -32.119895      24.124795       6.185685
4051         -33.204394      19.240950       6.543758
4052         -18.490220      -0.042240      -1.653188
4053         -17.505430      -5.684315       4.102153
4054         -27.927258       4.756333      11.293845
4055         -24.826681       2.467931       7.500820
4056         -26.627740      -0.392227      12.314130
4057         -16.519058      10.108300      -1.973429
4058         -21.399552       9.945878       0.832176
4059         -18.825978      -0.790476       4.858341
4060         -18.337649       5.829580       1.274445
4061         -22.040378       7.718293       5.792146
4062         -24.529251      -7.135285      17.375085
4063         -21.675058      -3.072814      11.764582
4064         -17.233433      -1.599273       9.550930
4065         -22.077005     -14.384838      38.456348
4066         -17.337401     -14.777244      40.405441
4067         -18.326937     -18.326937      18.307861
4068         -19.868869     -12.992257      15.034716
4069         -21.013832     -12.220456      21.213873
4070         -24.397009      -8.115040      22.703320
4071         -14.814379     -15.782928      13.813323
4072         -23.268221     -14.974208      30.816040
4073         -25.639069     -10.589296      32.395217
4074         -23.420069      -9.967635      27.701418
4075         -26.919656      -5.549596      31.844133
4076         -19.640226     -13.103559      26.335489
4077         -26.258243      -1.959801      21.305276
4078           5.591087      -5.556550     -18.340866
4079          10.434195      -8.712966     -16.467407
4080           4.011917       8.769271     -20.644963
4081           3.646755       1.114255     -19.898344
4082          11.134299       4.667377     -20.249781
4083         -14.708375     -14.704667       0.792062
4084         -13.829012     -10.520720      -2.047990
4085          -7.754949     -17.196158       0.446132
4086          -2.762256     -19.815890      -1.480938
4087          -2.578861     -12.511057      -4.056887
4088          -6.427504      -5.325072     -11.926023
4089          -4.331850      -0.283686     -11.929198
4090         -13.258934       3.956576      -5.276197
4091         -10.098359       2.041508      -9.776403
4092          -8.813079      -9.507158      -2.445094
4093         -12.052878      -4.424874      -4.714944
4094          -7.380237      -6.989733      -6.937077
4095          -6.812847      -1.678976      -6.731409
4096         -12.721483      -1.951903       0.986055
4097         -10.155581       0.252470      -3.101527
4098          -3.652764     -28.599210      14.241667
4099           7.189506     -34.522925      13.690005
4100           3.838605     -32.283369      10.563784
4101         -18.470195      -9.677179      10.262066
4102         -15.482848     -11.895470       5.948153
4103         -12.725494      -7.990679       2.849039
4104          -9.344650     -22.690701      16.123195
4105          -3.968335     -24.323675      17.646424
4106           6.492737     -28.428916       8.534944
4107           2.968770     -24.184250       7.574498
4108          -7.192368     -18.910166      11.935063
4109         -10.189436     -12.849107      11.615572
4110          -9.982590     -13.080272       5.054676
4111           0.165763     -20.204199       3.693953
4112           3.862079     -11.486991     -11.486991
4113          -0.518748      -5.704455     -12.509897
4114           5.120250      -4.005653     -12.676503
4115          -0.779567      -7.605137      -5.439177
4116           3.161256     -11.053358      -6.252275
4117          16.152647     -13.859828     -15.161312
4118          19.543818     -11.517528     -19.088269
4119           8.661748      -0.470332     -16.667724
4120          12.621502      -3.953138     -17.489396
4121          10.033570     -13.672162      -8.068958
4122          14.573410     -16.181821      -7.263906
4123           2.431997     -14.498333      -2.292253
4124           5.103122     -24.811509       0.861545
4125           6.264744     -18.978358      -2.109997
4126           3.802042     -17.036942       1.948091
4127          26.118075     -39.098847      15.712066
4128          23.579827     -36.483987       9.030636
4129          35.497098     -35.604498       2.552466
4130          30.529582     -37.612255       9.453447
4131          22.924691     -32.665537       1.698609
4132          26.997732     -34.543410       5.254844
4133          50.000000     -34.993312       1.957663
4134          44.610790     -36.929558       4.094092
4135          50.000000     -37.451140       6.323273
4136          50.000000     -34.946505      10.364946
4137          50.000000     -29.999067       1.960985
4138          50.000000     -32.494400       6.288418
4139          40.121908     -34.570683       4.379536
4140          37.350423     -50.000000      32.186055
4141          29.997582     -50.000000      36.602265
4142          32.500000     -50.000000      32.272413
4143          34.975071     -50.000000      36.564630
4144          26.980020     -44.776240      43.772134
4145          32.446647     -50.000000      40.178924
4146          26.564110     -43.965407      38.077829
4147          46.016985     -50.000000      32.792377
4148          39.479116     -50.000000      36.220830
4149          50.000000     -45.669873      32.500000
4150          41.602540     -50.000000      31.754265
4151          43.055159     -50.000000      35.806132
4152          26.732153     -44.516846      26.436172
4153          31.250202     -45.113619      30.107233
4154          39.738344     -45.523839      23.126617
4155          39.824071     -50.000000      27.860031
4156          44.461430     -44.458871      21.707691
4157          50.000000     -37.346043      13.704041
4158          50.000000     -41.339746      20.000000
4159          50.000000     -37.189209      17.630439
4160          45.145942     -44.065448      29.428832
4161          50.000000     -41.383108      25.000471
4162          50.000000     -41.396630      30.002424
4163          38.141676     -44.477115      29.966350
4164          33.167793     -40.802681      15.607405
4165          34.834482     -44.858151      25.564682
4166          41.706471     -41.723487      17.498231
4167          36.957979     -41.573280      21.671382
4168          50.000000     -40.000000      50.000000
4169          34.988362     -41.346465      50.000000
4170          45.198044     -45.151902      44.448963
4171          34.984620     -44.898752      44.898752
4172          37.709981     -50.000000      45.745650
4173          41.869864     -50.000000      40.566565
4174          37.250157     -50.000000      40.947819
4175          43.994120     -45.248455      37.933374
4176          50.000000     -45.688481      37.467771
4177          39.967771     -41.358354      50.000000
4178          45.394968     -41.855605      50.000000
4179          50.000000     -41.420207      35.014546
4180          50.000000     -41.856048      45.394201
4181          50.000000     -41.361455      39.962399
4182          50.000000      17.500000     -37.009619
4183          44.639664      27.924870     -44.677638
4184          50.000000      30.000000     -41.339746
4185          43.273331      36.704589     -44.313898
4186          50.000000      34.988362     -41.346465
4187          50.000000      32.500000     -37.009619
4188          22.499487      50.000000     -37.009323
4189          20.913222      44.416691     -37.946678
4190          18.730111      37.572006     -35.851555
4191          25.688653      35.536520     -43.688511
4192          24.901409      37.963674     -37.778660
4193          22.019346      33.346856     -37.061678
4194          37.353973      35.953318     -43.903996
4195          32.491554      37.846767     -45.359689
4196          31.339502      41.694281     -41.724207
4197          31.563094      33.531896     -41.982758
4198          45.048089      20.492371     -38.300500
4199          50.000000      27.500000     -37.009619
4200          50.000000      22.500000     -37.009619
4201          43.945304      26.801019     -38.362530
4202          27.988977      31.789524     -37.590658
4203          10.000000      50.000000     -32.679492
4204           7.457584      45.645470     -31.211627
4205          15.784749      43.929579     -35.113006
4206          14.999884      50.000000     -32.679425
4207          19.999561      50.000000     -32.679238
4208          13.898726       6.743898     -25.458240
4209          18.755909       8.693618     -26.250103
4210           8.284151      15.261200     -30.420022
4211          14.632459      12.106262     -28.123895
4212          14.310240      17.199189     -31.455594
4213          16.671118      23.814233     -36.425779
4214          25.269336      21.743757     -38.029722
4215          45.078858      45.078858     -45.078858
4216          45.394201      50.000000     -41.856048
4217          50.000000      39.967771     -41.358354
4218          50.000000      45.394968     -41.855605
4219          50.000000      46.650635     -37.500000
4220          36.600447      44.419274     -43.301935
4221          42.117586      42.118560     -41.938029
4222          39.962399      50.000000     -41.361455
4223          46.660959      50.000000     -37.443340
4224          42.500000      50.000000     -37.009619
4225          50.000000      50.000000     -35.000000
4226          50.000000      50.000000     -30.000000
4227          33.510938      14.254605     -33.510938
4228          44.769855      15.212672     -36.795263
4229          50.000000      15.000000     -32.679492
4230          42.327104      19.322931     -33.669407
4231          37.993773      25.000000     -37.802269
4232          32.466843      25.663222     -37.504671
4233          36.589991      19.015411     -36.313752
4234          41.703407      31.517300     -41.784353
4235          36.365171      31.288309     -40.735484
4236         -33.935107      27.486306      50.000000
4237         -44.497258      34.264274      41.985279
4238         -43.055159      50.000000      35.806132
4239         -44.550857      38.516238      21.116148
4240         -42.967116      33.048464      21.870855
4241         -45.483997      33.943818      26.348573
4242         -44.421298      38.261743      28.919645
4243         -45.021144      43.674027      28.506764
4244         -41.602540      50.000000      31.754265
4245         -39.824071      50.000000      27.860031
4246         -37.350423      50.000000      32.186055
4247          33.885200      45.310657     -38.902932
4248          32.500164      50.000000     -37.002907
4249          37.493733      50.000000     -36.976223
4250          28.550383      44.398320     -37.521792
4251          29.993114      50.000000     -32.662027
4252          24.997363      50.000000     -32.677970
4253         -13.931754      24.047048     -17.359317
4254         -15.881883      23.843677     -12.467879
4255          -3.654699      18.269124     -25.006769
4256          -6.566613      20.782665     -21.542277
4257           1.782137      21.960687     -26.335934
4258           0.000000      41.680705     -29.792741
4259           5.342051      39.900594     -30.614645
4260          -8.181442      31.191929     -26.288050
4261          -5.978215      25.074053     -24.377345
4262           0.000000      27.649936     -27.496275
4263         -10.329665      25.816010     -20.774909
4264          -2.617001      34.840010     -27.577205
4265           2.253483      35.879175     -29.245655
4266          -9.919459      32.499500     -20.697346
4267         -13.203630      36.850127     -20.930913
4268         -14.544904      29.143846     -18.872168
4269          -7.500959      28.878910     -17.922734
4270          15.554319      26.512686     -32.163391
4271          19.297240      33.619773     -32.594587
4272          10.701178      41.579483     -31.532755
4273          14.242193      33.489215     -33.584073
4274          19.111726      40.895500     -30.305310
4275          14.971986      38.102388     -31.468147
4276           7.500000      50.000000     -28.349365
4277          12.500000      50.000000     -28.349365
4278          27.484181      50.000000     -28.340232
4279          22.500000      50.000000     -28.349365
4280         -28.563934      21.865025       1.499928
4281         -17.721150      30.564333     -13.845253
4282         -23.070053      23.908910      -2.590425
4283         -27.498510      50.000000      -2.369609
4284         -26.038034      37.218223      -8.536912
4285         -30.967395      37.461048      -5.467122
4286         -29.477917      34.125127      -1.487032
4287         -28.418650      27.624923      -5.033737
4288         -22.829890      34.058505      -6.122354
4289         -23.903891      29.117186      -6.854460
4290         -32.766113      44.947725       2.019287
4291         -30.548845      40.624688      -0.609410
4292         -29.995419      50.000000       1.958454
4293         -32.500000      50.000000       6.291651
4294         -27.476871      50.000000       6.276198
4295         -15.454455      35.940632     -16.044719
4296         -26.345374      43.481696      -5.170510
4297         -26.495130      45.434719      -0.554695
4298         -24.999682      50.000000      -6.698944
4299         -22.498957      50.000000      -2.369312
4300         -19.999935      50.000000      -6.698774
4301         -21.394524      44.330369      -8.794051
4302         -19.991856      35.336057     -10.771049
4303         -20.272819      41.204734     -14.022185
4304           5.272216      44.075806     -26.748825
4305           0.000000      50.000000     -24.019238
4306           5.000000      50.000000     -24.019238
4307          -8.371431      37.636929     -23.380041
4308          -5.812120      43.444638     -26.322278
4309          -0.569662      44.665891     -25.213656
4310          -6.159469      38.564676     -27.940848
4311          21.954559      29.275615     -33.379809
4312          22.796305      10.537528     -33.063043
4313          20.314444      20.296415     -35.402073
4314          19.368841      16.920699     -31.779270
4315          28.266885      26.817578     -33.579425
4316          25.824817      15.337058     -33.058207
4317          29.949862      21.627546     -34.619522
4318           9.266137      14.431436     -23.964614
4319         -11.149375      20.563969     -14.549145
4320         -11.864200      15.011331     -12.070836
4321          -5.945908      16.471767     -16.590247
4322          -7.104045      10.702897     -13.600298
4323           2.180153       1.093703     -12.930241
4324           2.095164       5.609255     -16.350918
4325         -13.526101      11.207097      -6.663659
4326         -15.461112      17.167221      -6.054317
4327         -13.041706      19.798063      -9.795109
4328          10.721323      10.767539     -20.612725
4329          -2.500000      50.000000     -19.689111
4330         -11.601613      45.003144     -17.072882
4331         -10.000000      50.000000     -15.358984
4332          -7.050406      43.195014     -19.620109
4333          -5.000000      50.000000     -15.358984
4334         -14.731413      44.166307     -12.603516
4335          -9.789720      40.308067     -14.081478
4336         -12.500000      50.000000     -11.028857
4337         -14.999987      50.000000      -6.698739
4338         -17.896477      28.021718      -8.256102
4339          -6.638845      24.024959     -16.821031
4340           5.304804      17.675467     -23.215634
4341          -2.134285      18.777291     -19.772311
4342          -0.805239      13.099490     -22.504515
4343           6.207459      13.645209     -19.686252
4344          10.887212      22.733365     -28.420216
4345           9.598204      29.575820     -29.879007
4346           8.707338      34.620874     -28.602901
4347           4.977485      22.122850     -20.913682
4348           6.018128      25.759756     -24.211455
4349           4.624609      31.947377     -26.695374
4350           0.992597      13.407881     -16.358093
4351         -43.692721      44.443248      38.451857
4352         -43.826004      37.604739      36.978367
4353         -42.249821      42.060332      32.927042
4354         -41.869864      50.000000      40.566565
4355         -39.479116      50.000000      36.220830
4356         -44.849257      44.837019      44.492546
4357         -37.709981      50.000000      45.745650
4358         -42.306624      45.781518      50.000000
4359         -37.500000      45.669873      50.000000
4360         -35.000000      50.000000      50.000000
4361         -42.600894      39.983149      42.599058
4362         -39.967771      41.358354      50.000000
4363         -37.500000      37.009619      50.000000
4364         -35.111525      41.406770      50.000000
4365         -38.703501      22.310643      43.892826
4366         -36.447638      23.122513      50.000000
4367         -34.754238      19.129400      50.000000
4368         -40.846521      16.790012      41.068693
4369         -37.485923      14.879331      50.000000
4370         -38.411440      13.129003      36.951267
4371         -37.909197       9.903648      44.963474
4372         -38.986502       7.872982      39.837327
4373         -35.000000      10.621778      50.000000
4374         -32.500000       6.291651      50.000000
4375         -34.409765       5.653354      43.845194
4376         -34.522693       6.623650      34.956945
4377         -32.752808      -0.489865      33.430384
4378         -36.012884      -0.208157      41.607121
4379         -36.997177       1.756737      36.403867
4380         -28.813988      -1.708795      37.963813
4381         -30.000000       1.961524      50.000000
4382         -27.500000       6.291651      50.000000
4383         -16.067814      -7.973615      15.708362
4384         -19.777620      -7.652596      19.235600
4385         -14.535774      -5.638464       8.278798
4386         -23.475989       2.289166      16.897693
4387         -18.100031      -2.911112      14.934677
4388         -27.588937      27.589037      -0.010271
4389         -22.823181      29.478569      -1.607151
4390         -22.493426      19.429391       1.906492
4391         -35.570462      18.644969      15.963412
4392         -26.959154       7.489270      15.857969
4393         -26.021345      11.063396       9.132445
4394         -23.152673       8.062053      12.315299
4395         -24.482868      16.356308       5.555853
4396         -30.976058      19.321428      12.949501
4397         -35.889016      17.697085      39.268704
4398         -42.612530      25.040559      31.827112
4399         -38.955940      25.132748      24.972775
4400         -39.509525      22.112127      29.039957
4401         -37.063808      19.546445      34.386150
4402         -34.873650      20.105168      28.366641
4403         -31.768459       7.482352      24.280504
4404         -32.141619      13.947059      26.362974
4405         -28.718657      12.280220      13.780825
4406         -31.237197      12.872713      21.344203
4407         -30.212814      16.141690      17.416774
4408         -29.145488      28.530572       5.101006
4409         -34.108931      20.905433      21.425764
4410         -33.642126      24.330776      14.945479
4411         -37.582862      23.983956      19.167940
4412         -36.737038      34.970554       6.620984
4413         -40.859624      40.842478      12.755848
4414         -38.643277      35.115313      12.464183
4415         -38.285707      39.461633       8.544431
4416         -29.704661      33.791808       3.900502
4417         -34.132983      42.378427       7.826787
4418         -30.516929      39.039538       4.493133
4419         -30.991168      34.359338       9.122501
4420         -31.192438      27.640237      11.720618
4421         -36.703370      27.164282      44.956146
4422         -39.937634      34.147576      44.829853
4423         -41.149832      29.294050      42.862811
4424         -36.011381      32.805473      50.000000
4425         -37.794719      24.868376      37.919741
4426         -41.494882      41.533784      24.927946
4427         -39.526031      45.315095      21.747325
4428         -40.580403      39.199031      17.740504
4429         -37.341248      50.000000      23.000093
4430         -32.743908      50.000000      14.982714
4431         -33.914043      50.000000      19.843667
4432         -35.409708      43.678278      15.763151
4433         -42.387687      31.641823      35.917814
4434         -40.295402      34.003554      28.699139
4435         -38.497095      30.741610      24.448149
4436         -36.529826      29.387431      32.579209
4437         -36.693310      36.501903      20.029979
4438         -35.748584      28.748259      19.929594
4439         -33.217589      32.494088      13.684338
4440         -31.339590      44.801251      12.056663
4441         -29.856240      50.000000      10.527723
4442         -27.529915      50.000000      14.959921
4443         -32.756557      25.684655      26.209437
4444         -36.192216      17.347204      44.842472
4445         -32.393832      23.550863      50.000000
4446         -29.982305      19.271816      50.000000
4447         -31.486872      26.138067      44.304984
4448         -29.809168      27.832109      50.000000
4449           0.689107     -31.245820      24.321451
4450         -11.305724     -15.205838      18.523293
4451         -12.781336     -21.096038      22.723888
4452         -14.173397     -18.260190      27.042363
4453          -4.536873     -27.231276      25.239582
4454          -9.403689     -25.099935      28.245048
4455          -7.489544     -26.968092      34.607880
4456          -4.487593     -26.029821      30.236693
4457          -5.000000     -27.472972      44.502691
4458          -5.000000     -24.019238      50.000000
4459          -0.836622     -30.538073      34.519701
4460          -1.236324     -31.818766      42.456404
4461           0.000000     -24.019238      50.000000
4462           3.370210     -31.089521      45.130070
4463           7.500000     -28.349365      50.000000
4464           1.270007     -26.172751      44.568861
4465           5.000000     -24.019238      50.000000
4466          17.200444     -28.830556       6.733297
4467           7.451089     -22.097819       5.792759
4468          11.087886     -22.035499      -1.212542
4469          11.386433     -16.746796      -3.417377
4470          30.788905     -31.691730       2.083465
4471          36.431958     -31.520461       6.075483
4472          32.383128     -27.507435      -3.861233
4473          27.597851     -27.597951      -0.009610
4474          11.471083     -37.426455      29.851518
4475           9.413356     -37.271137      36.001517
4476          20.230939     -42.110974      42.356128
4477          15.729041     -38.581255      44.938081
4478          17.500000     -37.009619      50.000000
4479          16.995692     -37.679716      31.150952
4480           2.252853     -30.179341      38.814922
4481           6.538904     -33.048437      40.048014
4482          11.964689     -34.636006      43.715780
4483          -0.000000     -27.487466      27.641290
4484          11.797848     -30.332050      13.331447
4485           2.873487     -28.123816      14.478743
4486           0.473380     -27.006055      19.392321
4487           7.953848     -29.692573      16.844829
4488           6.253805     -33.678105      26.263833
4489           4.780289     -29.544730      21.874016
4490          26.942798     -42.235693      31.921213
4491          30.804234     -42.846375      22.376068
4492          22.838077     -30.795436       7.931470
4493          21.430658     -35.091100      13.841608
4494          16.735967     -31.725151      14.428428
4495          18.209415     -27.436061      11.724749
4496          13.088279     -25.032389       9.129815
4497          20.000000     -32.679492      50.000000
4498          -2.581838     -23.088216      12.496335
4499          -4.154284     -15.536522       7.953380
4500           0.438279     -19.871055       9.190642
4501          -6.423547     -23.353839      22.442621
4502          -8.679665     -19.385804      20.032250
4503           0.317099     -21.597368      20.761567
4504           5.473064     -31.632285      32.071723
4505          32.082914      17.712900     -29.715328
4506          38.913867      15.089264     -32.598889
4507          36.572258       8.929130     -31.520430
4508          50.000000      12.500000     -28.349365
4509          30.000000     -41.339746      50.000000
4510          27.500000     -37.009619      50.000000
4511          37.500000     -37.009619      50.000000
4512          22.372160     -34.196676      45.625200
4513          25.000000     -32.679492      50.000000
4514          32.500000     -37.009619      50.000000
4515          26.098651     -39.087301      44.110807
4516          15.118823     -37.309059      21.005989
4517          20.417582     -30.744848      17.959929
4518          25.046403     -38.974776      25.102973
4519          21.929113     -35.440686      19.615984
4520          28.683860     -37.198370      20.070666
4521          19.249372     -35.464702      25.361035
4522          13.310204     -33.473550      25.798191
4523          12.735813     -31.564162      19.583331
4524          16.187661     -37.561475      36.902290
4525          11.879933     -32.672579      38.500324
4526          24.838337     -37.796994      37.969972
4527          22.415527     -36.855887      31.300737
4528          27.500000     -28.349365      50.000000
4529          17.408467       1.199141     -21.019190
4530          14.507090       1.469808     -16.260534
4531          24.360699      -6.911011     -17.113226
4532          37.688552     -36.726742       8.671263
4533          43.590728     -37.127758      13.432655
4534          38.034528     -37.214121      15.826859
4535          33.875341     -33.838334      10.694386
4536          50.000000     -33.002860      15.199805
4537          44.704962     -29.384875      -3.647831
4538          42.529060     -33.145403       0.140429
4539          40.074879     -27.411230      -6.457472
4540          50.000000     -27.499813      -2.368711
4541          43.368545     -23.111049     -10.384876
4542          44.896107     -24.484823      -5.544910
4543          45.165090     -18.700021     -12.361938
4544          35.479359     -29.572033      -0.114112
4545          36.766786     -24.778794      -2.752997
4546          50.000000     -24.999813       1.961416
4547          50.000000     -20.000000      -6.698730
4548          50.000000     -22.500000      -2.368603
4549          17.281308      -5.809787     -15.666269
4550          11.377750      -9.918268     -11.461159
4551          14.402621     -21.174534       3.444227
4552          29.688750     -18.943974     -11.546658
4553          31.587724     -23.178061      -7.459516
4554          22.548458     -19.311729      -6.761007
4555          16.024695     -20.309581      -3.674929
4556          23.792024     -14.370434     -13.386253
4557          16.426112     -10.783596     -10.379113
4558          26.565961     -15.371235      -8.197688
4559          20.227401     -14.118437      -9.754261
4560          26.872590     -21.958446      -5.690606
4561          23.192906     -24.035036      -2.691159
4562          20.834876     -27.350258       2.077237
4563          18.396364     -23.560118      -0.440661
4564          18.555689     -14.176989      -4.941428
4565          18.844668     -18.614505       0.970452
4566          50.000000     -15.000000      -6.698730
4567          39.657764     -21.105921      -4.620737
4568          32.539307     -10.575260     -17.872610
4569          36.366580     -17.768646     -10.755053
4570          41.136202     -17.328118      -7.867207
4571          35.411639     -18.551504      -5.504800
4572          33.444149      -3.381704     -23.915395
4573          27.616909      -0.005130     -27.590092
4574          33.984782       1.545177     -26.596848
4575          26.968120      -3.249786     -23.477727
4576          27.806669       8.650027     -29.621781
4577          32.267973      11.384266     -29.304241
4578          20.323535      13.456482     -27.428317
4579          15.475156       7.170078     -20.266808
4580          20.916338      -0.983141     -16.298495
4581          23.281113      10.127487     -24.107016
4582          26.199464       5.400796     -24.153340
4583          20.022634       6.023849     -22.031305
4584          32.342842       7.179884     -26.174115
4585          37.107058      11.163920     -26.641567
4586          43.626294       5.605052     -30.069142
4587          44.562399      11.111114     -29.121020
4588          50.000000       2.500000     -28.349365
4589          50.000000       7.500000     -28.349365
4590          50.000000      -0.000000     -24.019238
4591          43.817114      -0.238246     -24.716711
4592          50.000000       5.000000     -24.019238
4593          43.698782     -13.794693     -12.979363
4594          45.096309     -14.005425      -8.005005
4595          37.619068     -13.066916     -13.082057
4596          50.000000     -12.500000     -11.028857
4597          44.551787     -10.000000     -19.257224
4598          50.000000     -10.000000     -15.358984
4599          50.000000      -5.000000     -15.358984
4600          43.271283      -3.140080     -18.885193
4601          50.000000       2.500000     -19.689111
4602          50.000000      -0.000000     -15.358984
4603          40.713655      -8.130620     -15.027127
4604          28.661964     -10.326029     -12.845700
4605          32.705513     -13.936207      -9.531781
4606          36.059247      -5.612982     -18.033461
4607          26.890843       0.815683     -20.112276
4608          30.477035      -3.447884     -19.124937
4609          31.852789      -4.413735     -13.916661
4610          38.083416       5.896210     -26.023860
4611          36.848655      -0.109290     -20.508590
4612          -1.191223       7.658838     -12.216026
4613          -4.237540       4.355675      -9.733864
4614          -7.137326       8.002107      -7.578210
4615          -4.702813      12.424489      -9.198165
4616          -8.375278      14.876675      -6.215046
4617         -16.060249      22.795175      -6.849927
4618         -17.584009      21.050101      -1.625112
4619          -9.976154      10.146778      -1.573251
4620         -26.610696      29.350545       9.827206
4621         -26.189958      18.279238      10.040018
4622         -27.755290      23.816142      12.677454
4623          17.500000     -28.349365      50.000000
4624          15.334631     -31.182557      45.192606
4625           8.576789     -29.908270      44.500294
4626          12.500000     -28.349365      50.000000
4627          10.000000     -24.019238      50.000000
4628         -33.588649      14.208444      33.507244
4629         -30.944706      17.237910      30.208461
4630         -24.289852      -5.764540      38.760801
4631         -24.469891      -4.460640      44.538735
4632         -27.988637       0.236034      43.716073
4633         -22.499824      -2.368704      50.000000
4634         -30.000000      10.621778      50.000000
4635         -32.453744      14.912668      50.000000
4636         -27.500000      14.951905      50.000000
4637         -25.000000       1.961524      50.000000
4638         -30.898266       7.405030      29.339337
4639         -29.311200      12.279212      30.912493
4640         -27.496992      -0.004826      27.619152
4641         -23.234171      -4.088554      26.138829
4642         -27.521462       4.830292      33.077486
4643         -27.553768       9.232628      21.929352
4644         -15.110330     -17.901598      33.852446
4645         -20.961670     -11.080971      34.680467
4646         -17.380303     -14.682633      30.623410
4647         -14.795171     -13.447574      24.788207
4648          -2.500000     -19.689111      50.000000
4649         -10.858279     -21.511916      37.161576
4650         -13.145398     -21.996209      31.547147
4651          -5.046765     -25.939134      39.319249
4652         -12.117515     -18.029331      43.382829
4653          -5.377510     -21.677721      42.628914
4654         -20.000000       1.961524      50.000000
4655         -17.500000      -2.368603      50.000000
4656         -18.882575      -8.940477      43.845004
4657         -19.023523      -3.866411      45.200205
4658         -14.999996      -6.698732      50.000000
4659          -7.686022     -16.635670      45.588526
4660         -12.499993     -11.028861      50.000000
4661          -5.000000     -15.358984      50.000000
4662          -7.499999     -11.028858      50.000000
4663         -24.278344       0.393334      34.419656
4664         -24.306660       3.859250      23.016878
4665         -26.095808       7.228122      26.853837
4666         -12.471309     -10.864549      43.172392
4667         -12.024702     -15.251519      36.917927
4668         -14.697605      14.701474       0.810177
4669         -20.346664      13.462701       4.443013
4670         -25.369854      23.782339       6.202841
4671         -16.984030      19.995775       3.852955
4672         -20.453286       7.528058      18.514882
4673         -12.299053       5.838396       2.046531
4674         -13.457107      -0.367645       6.273261
4675         -19.936882       3.994010      11.624209
4676         -18.883679      10.358186      10.347721
4677         -17.269853       9.368680       4.841070
4678         -14.523442       4.924133       7.639121
4679         -19.255380      -2.771909      20.723311
4680         -14.824696       0.316936      13.517904
4681         -16.395640      -9.598600      37.949874
4682         -18.558109      -1.943833      38.429676
4683         -19.936065      -4.582650      33.906374
4684         -19.475438       0.360773      32.623268
4685         -13.679048     -10.384513      20.199244
4686         -17.918839      -7.656875      24.925589
4687         -10.793443      -9.704794      15.822200
4688         -18.746722      -8.576452      30.297529
4689         -13.554977      -9.103008      27.481896
4690         -19.221748       1.719167      24.107960
4691         -17.919416      -1.936138      28.178516
4692         -15.027423      -3.856535      23.270738
4693         -10.751342     -16.676111      30.838325
4694          -9.068128     -11.258885      25.108900
4695          10.926850      -4.729568     -11.989980
4696           4.368674       9.983582     -12.694478
4697          10.903493      11.416209     -14.211405
4698           8.074638       5.843447     -15.075847
4699          13.005896       5.770378     -14.159706
4700          -2.313818      -7.422669      -0.127280
4701          -7.230048      -7.138333       5.563057
4702          -6.581798     -10.763734       1.996421
4703          -1.907479     -12.751666       1.301060
4704          -2.365224      -2.770207      -3.879923
4705          -0.968697       1.103606      -7.251185
4706          -7.180450       3.830947      -0.567065
4707          -3.798029       4.911940      -4.649627
4708          -6.042577      -3.336463      -0.074853
4709          -6.579752       0.537181       3.827606
4710           8.112264       0.814721     -10.655680
4711           1.372504     -23.218150      15.908288
4712           8.107994     -25.964961      13.005096
4713         -10.120979      -7.946342       9.831065
4714          -4.759352     -17.473524      17.271890
4715          -7.045289     -12.879054      20.536912
4716           4.659153     -21.985791      12.038616
4717          10.207185     -20.646708      11.450362
4718          -3.865725     -14.406577      13.087211
4719          -4.411379      -9.746795      10.698706
4720          -0.282517     -11.371343       7.004495
4721          -3.472020      -4.212672       7.287589
4722           7.037427      -7.447352      -7.874028
4723           4.655117      -1.921484      -6.072807
4724           2.922039      -5.823915      -0.923052
4725           6.686961     -10.413490      -2.348250
4726          21.536664      -7.534051     -11.995078
4727          14.917266      -1.066241     -11.462417
4728          12.939249      -9.273501      -4.107387
4729           4.647190      -9.658819       2.908431
4730           9.700217     -17.595792       2.576116
4731          10.807206     -11.383355       0.551742
4732           4.621400     -14.295554       6.204325
4733           8.904767     -17.009555       7.799151
4734          27.052723     -33.946722      14.734281
4735          27.168862     -30.463991      10.838766
4736          31.237418     -30.642983       7.562679
4737          25.657326     -25.966938       5.524742
4738          44.778763     -29.759448       4.014875
4739          43.487047     -33.077057       8.357930
4740          50.000000     -30.000000      10.621778
4741          50.000000     -27.500000       6.291651
4742          50.000000     -27.500000      14.951905
4743          50.000000     -25.000000      10.621778
4744          40.134983     -27.491331       6.212177
4745          27.015558     -34.305951      30.711066
4746          38.760020     -44.481753      37.952163
4747          33.772375     -43.215204      35.216307
4748          31.386417     -41.721749      41.648625
4749          29.933710     -40.241889      36.934126
4750          42.290369     -42.429456      33.793994
4751          33.839798     -40.466666      28.755742
4752          30.795011     -36.153627      33.922295
4753          37.483913     -40.399854      33.033712
4754          41.646722     -41.773019      25.909510
4755          50.000000     -37.255013      27.167961
4756          43.684764     -37.431109      21.743558
4757          45.161574     -34.375131      17.676873
4758          50.000000     -37.249843      22.411316
4759          50.000000     -34.016247      19.802606
4760          36.261432     -28.965784      10.913821
4761          34.174354     -32.447195      15.689567
4762          44.903511     -38.667317      30.257576
4763          50.000000     -36.597458      32.417719
4764          37.901838     -37.880718      26.280907
4765          33.156899     -37.994818      22.936097
4766          37.578417     -35.281669      21.542506
4767          50.000000     -29.933699      19.534017
4768          46.650635     -37.500000      50.000000
4769          50.000000     -37.439765      46.652421
4770          50.000000     -35.000000      50.000000
4771          50.000000     -33.661821      35.725458
4772          36.855260     -39.531942      44.199641
4773          44.848520     -38.021424      44.837634
4774          42.273550     -41.709182      41.684939
4775          45.447069     -40.203665      37.390732
4776          42.500000     -37.009619      50.000000
4777          50.000000     -37.191230      37.657105
4778          50.000000     -37.009619      42.500000
4779          50.000000     -32.984291      39.803554
4780          50.000000     -30.000000      50.000000
4781          50.000000      20.000000     -32.679492
4782          50.000000      30.000000     -32.679492
4783          50.000000      25.000000     -32.679492
4784          45.094214      31.726087     -38.022616
4785          43.684268      36.676541     -38.347192
4786          50.000000      37.500000     -37.009619
4787          50.000000      42.500000     -37.009619
4788          50.000000      35.000000     -32.679492
4789          24.613879      43.263105     -33.525978
4790          22.710050      38.649888     -32.989276
4791          31.066207      37.466987     -37.574096
4792          31.199428      41.579899     -33.303928
4793          26.459349      35.662801     -31.501172
4794          37.261928      37.263091     -37.472454
4795          34.068512      30.720876     -35.831129
4796          31.464180      34.536058     -33.091118
4797          43.359637      25.786466     -32.230160
4798          39.262000      28.188151     -34.048357
4799          30.002318      29.999916     -29.917773
4800          35.278143      27.280839     -31.020119
4801          14.716548      44.346853     -27.885136
4802          10.118107      45.348931     -26.017298
4803          15.000000      50.000000     -24.019238
4804          17.499927      50.000000     -28.349323
4805          19.898056      45.399644     -27.791348
4806          16.497425      11.501287     -22.569511
4807          13.881168      16.704991     -24.520768
4808          10.136638      18.891311     -20.644728
4809          18.797133      20.515717     -28.291675
4810          19.979715      25.235283     -29.910244
4811          24.501067      23.553430     -31.648436
4812          17.703758      21.810608     -23.385105
4813          50.000000      17.500000     -28.349365
4814          50.000000      22.500000     -28.349365
4815          43.610517      43.788924     -35.944111
4816          50.000000      45.556738     -32.554947
4817          50.000000      40.126239     -32.658734
4818          37.250313      43.558129     -35.280362
4819          40.150404      50.000000     -32.577471
4820          45.557285      50.000000     -32.546010
4821          50.000000      46.687329     -27.720877
4822          50.000000      42.598628     -27.922080
4823          37.653481      50.000000     -28.213781
4824          46.704150      50.000000     -27.696982
4825          50.000000      50.000000     -25.000000
4826          33.285083      14.772539     -25.435751
4827          44.675072      18.598202     -28.798621
4828          40.965997      22.116403     -29.634586
4829          35.925804      21.404963     -29.796398
4830          42.345766      32.224205     -33.792988
4831          50.000000      32.503195     -28.337456
4832         -31.839164      32.507697      50.000000
4833         -33.608294      37.409716      50.000000
4834         -37.094496      31.955690      37.423727
4835         -37.249302      37.462973      37.250446
4836         -38.334894      45.283638      34.245584
4837         -37.250157      50.000000      40.947819
4838         -36.663224      38.756215      25.515537
4839         -37.257089      38.415383      31.349986
4840         -33.985588      33.869133      26.108634
4841         -34.975071      50.000000      36.564630
4842         -30.000000      50.000000      50.000000
4843         -37.236466      43.999771      29.220024
4844         -29.850519      50.000000      19.397837
4845         -32.500000      50.000000      32.272413
4846         -32.500000      50.000000      23.612159
4847         -35.000000      50.000000      27.942286
4848          35.032636      50.000000     -32.622281
4849          32.436945      50.000000     -28.295325
4850          29.973857      45.484084     -29.784052
4851          25.062291      44.654262     -27.818214
4852          29.978526      50.000000     -24.006840
4853         -10.109777      27.055605     -12.071433
4854         -10.387435      22.459436      -6.239786
4855          -5.136011      25.550719     -11.754957
4856         -10.139715      35.879721     -11.222976
4857           0.197545      23.639160     -20.717949
4858           0.373438      28.529368     -22.408152
4859           6.435445      37.851498     -25.159576
4860           1.410313      39.372628     -25.290872
4861          -3.889912      30.967894     -20.771297
4862          -0.048449      35.437466     -22.133415
4863          -4.973129      37.332641     -17.904073
4864          -8.446183      32.806876     -14.890333
4865          -2.025880      28.550221     -14.658966
4866          13.476223      23.374376     -21.073397
4867          15.249366      25.366441     -26.029614
4868          20.938163      34.097470     -27.733640
4869          15.774173      30.726157     -27.664993
4870          13.359544      36.352949     -26.926055
4871          22.304313      38.983842     -26.706591
4872          16.904945      40.091354     -25.504197
4873          12.448572      42.492562     -22.546170
4874          10.000000      50.000000     -24.019238
4875          12.500000      50.000000     -19.689111
4876          25.000000      50.000000     -24.019238
4877          20.000000      50.000000     -24.019238
4878          22.500000      50.000000     -19.689111
4879         -20.445130      24.938150       2.396302
4880         -13.937369      32.703133      -9.545867
4881         -17.843674      27.510463      -2.011945
4882         -22.784575      39.175848      -4.358119
4883         -26.178543      38.678223       1.235240
4884         -24.995641      50.000000       1.958557
4885         -20.000000      50.000000       1.961524
4886         -17.499972      50.000000      -2.368623
4887         -18.069058      33.932316      -4.271773
4888         -24.110462      34.676816      -1.214817
4889         -19.199459      32.441470       0.471938
4890         -22.679932      42.349596       0.479107
4891         -27.733717      43.977337       4.080432
4892         -22.496976      50.000000       6.289298
4893         -24.473519      45.472460       7.797306
4894         -25.004986      50.000000      10.623114
4895         -25.000000      50.000000      19.282032
4896         -14.249381      38.675166     -10.195331
4897         -19.999318      45.186596      -3.434691
4898         -14.525905      45.141096      -3.955524
4899         -17.499969      40.746392      -5.577102
4900         -14.999916      50.000000       1.961459
4901         -20.000000      50.000000      10.621778
4902         -17.499496      50.000000       6.291259
4903           5.975751      43.301270     -20.304761
4904           2.500000      50.000000     -19.689111
4905           7.500000      50.000000     -19.689111
4906          -0.609088      41.322450     -20.852038
4907           0.000000      50.000000     -15.358984
4908           5.000000      50.000000     -15.358984
4909          25.039302      30.064912     -26.892423
4910          20.611621      26.774517     -25.060088
4911          26.942705      25.247021     -27.377545
4912          26.596257      13.991815     -26.329020
4913          20.751590      17.768522     -23.568651
4914          23.387569      17.694345     -28.835526
4915          32.011318      25.097964     -26.165020
4916          27.978600      20.148387     -27.342836
4917          32.070197      19.635599     -24.260078
4918          13.368078      15.220347     -17.903148
4919          -5.919668      20.456160     -11.023827
4920          -1.583907      17.228430     -12.951986
4921           5.122511       5.492882      -9.200789
4922           0.551323      11.757066      -8.959073
4923         -10.982506      18.256585      -2.117446
4924          16.527581       8.985300     -15.716619
4925          14.342482       8.840581     -10.424823
4926          -6.053405      19.396287      -4.193461
4927         -12.760290      11.321152       6.337039
4928          -7.500000      50.000000     -11.028857
4929          -0.703123      44.322240     -15.946080
4930          -5.482898      44.468711     -12.751034
4931          -5.178999      36.933121     -11.426874
4932          -2.018760      39.664682     -14.561166
4933          -2.500000      50.000000     -11.028857
4934         -10.963749      42.947058      -7.523273
4935          -9.999996      50.000000      -6.698732
4936         -12.499983      50.000000      -2.368616
4937          -9.999985      50.000000       1.961512
4938          -7.499998      50.000000      -2.368604
4939          -5.000000      50.000000      -6.698730
4940         -11.792048      28.783322      -4.566056
4941          -4.559913      24.167057      -6.410224
4942          -1.826384      16.444226      -7.280764
4943           0.472936      22.563506     -12.573987
4944           8.175973      16.881389     -15.791847
4945           2.694639      19.241704     -17.235531
4946          11.632376      30.373386     -23.108863
4947          11.060056      36.414034     -20.902096
4948           4.137147      31.442178     -20.370534
4949           7.168105      24.690883     -17.199962
4950           8.457834      29.020935     -19.434659
4951           4.716716      15.276974      -9.795397
4952           9.677022      14.375449     -10.287366
4953          -0.346846      26.808885      -9.002639
4954         -32.700218      45.808986      50.000000
4955         -32.500000      50.000000      45.669873
4956         -37.548695      43.364990      40.115280
4957         -35.056598      44.238187      45.110596
4958         -35.783229      37.352141      43.660635
4959         -31.083468      41.645764      50.000000
4960         -32.286779      20.406705      42.153397
4961         -33.688167      12.794066      42.641844
4962         -30.859397      17.375022      37.469032
4963         -28.822236      10.421447      35.918576
4964         -32.414976       8.608665      39.499198
4965         -28.604043       8.520330      43.743699
4966         -29.220977       4.398506      38.456245
4967         -24.420666       2.481208      39.205081
4968         -25.076801       4.612382      45.219072
4969         -25.000000      10.621778      50.000000
4970         -22.500000       6.291651      50.000000
4971         -10.095037      -4.795357      13.990016
4972         -13.663792      -3.488372      18.181609
4973          -5.651445      -9.276993      16.972890
4974          -8.562389      -0.242913       8.925004
4975         -17.775736       2.368805      18.104490
4976         -21.808132      30.190943       4.231349
4977         -23.450810      35.973702       4.631714
4978         -22.111646      27.498058       8.488339
4979         -21.198518      19.948964       7.556560
4980         -28.912480      20.641791      19.890612
4981         -23.312682      12.658331      16.346431
4982         -20.805944      15.977344      11.792376
4983         -24.545332      18.927437      17.430802
4984         -32.132545      24.077859      37.770919
4985         -34.895014      24.121951      32.165822
4986         -29.886065      21.924598      32.972578
4987         -28.511705      23.471592      28.293044
4988         -27.802809      19.643214      24.973243
4989         -26.035402      12.635485      26.682426
4990         -26.172745      15.060196      21.423972
4991         -23.552037      33.685368       9.433232
4992         -28.307501      29.500763      15.666352
4993         -30.421640      25.718737      19.797236
4994         -24.717663      25.209497      18.052863
4995         -32.304686      38.502456      12.340530
4996         -26.836471      39.281774       8.359038
4997         -27.286532      34.884935      13.027100
4998         -34.033894      31.246736      41.952994
4999         -31.345735      29.683016      36.040225
5000         -30.450222      35.308198      17.455796
5001         -34.743152      43.103959      22.546444
5002         -30.275877      45.027106      20.772756
5003         -29.225779      41.077261      17.097674
5004         -30.792525      37.805182      22.298248
5005         -34.601155      33.986818      31.235667
5006         -29.942634      29.955191      29.965850
5007         -29.567994      31.647596      21.408404
5008         -28.919821      34.515308      25.745181
5009         -25.555440      44.682198      18.675253
5010         -25.805251      43.973429      12.557435
5011         -22.500000      50.000000      14.951905
5012         -26.693777      26.310349      24.443798
5013         -27.342112      18.540857      44.681426
5014         -22.500000      14.951905      50.000000
5015         -25.000000      19.282032      50.000000
5016         -27.500000      40.932667      50.000000
5017         -29.450631      37.004983      50.000000
5018         -26.852623      23.716179      44.070499
5019         -27.374662      26.581107      39.721194
5020         -27.500000      23.612159      50.000000
5021         -27.168405      29.398468      45.180862
5022         -27.468195      32.254051      50.000000
5023         -24.993816      36.598970      50.000000
5024         -25.000000      27.942286      50.000000
5025           5.121777     -27.225582      29.041012
5026           4.070239     -26.421883      34.401439
5027          -6.640187     -16.792018      24.021809
5028          -7.213612     -20.072456      28.380743
5029          -2.204965     -21.650721      26.795520
5030           0.189141     -24.375846      31.726322
5031          -3.826100     -21.381379      32.873691
5032           0.212938     -21.156045      45.544263
5033           0.284659     -25.255565      38.743429
5034           2.500000     -19.689111      50.000000
5035           4.894860     -22.746608      38.111034
5036           6.742680     -24.703395      42.661339
5037           5.317688     -20.641487      45.454475
5038           7.500000     -19.689111      50.000000
5039          19.778887     -22.972484       7.542957
5040          15.123399     -20.531620       8.350640
5041          14.707939     -14.707939       0.793498
5042          25.159226     -25.498970      10.901781
5043          34.522218     -24.515064       4.145428
5044          31.664008     -22.998418      -1.207602
5045          28.369634     -22.528327       2.760648
5046          10.516760     -31.590685      30.058095
5047          17.186612     -32.576754      29.280300
5048          14.190954     -33.602670      33.514612
5049          18.520032     -34.620391      42.153968
5050          19.965368     -33.535334      36.093301
5051           9.474465     -28.003720      36.085457
5052          13.338257     -28.268414      41.588984
5053           4.767039     -23.360867      25.408032
5054          12.396055     -25.986654      16.210476
5055           5.881664     -24.085440      18.559006
5056          10.034267     -26.848039      21.335306
5057          10.044435     -27.101749      27.037887
5058          30.257965     -35.484944      26.697721
5059          30.355231     -31.214881      21.835662
5060          29.494874     -26.878709      13.847646
5061          22.093174     -26.663619      15.217167
5062          24.933495     -28.820211      20.219499
5063          17.513912     -26.463774      18.437313
5064          17.216835     -22.565246      13.504403
5065          20.000000     -29.345045      44.625410
5066          22.500000     -28.349365      50.000000
5067          15.000000     -24.019238      50.000000
5068          13.563867     -16.160877      10.213492
5069           1.013961     -16.357663      13.400571
5070          -1.649317     -17.379939      22.943936
5071           1.535691     -16.327468      19.049804
5072           5.386894     -19.370567      20.452126
5073           8.748773     -24.491413      31.803192
5074          37.107290      18.276623     -25.815258
5075          40.821786      15.000000     -27.395813
5076          50.000000      10.000000     -24.019238
5077          44.830726      14.666169     -24.130513
5078          50.000000      15.000000     -24.019238
5079          50.000000      12.500000     -19.689111
5080          28.934979     -34.951353      45.610597
5081          30.000000     -32.679492      50.000000
5082          37.964207     -34.322635      45.365412
5083          35.000000     -32.679492      50.000000
5084          40.125841     -32.660495      50.000000
5085          26.049583     -32.069600      42.621873
5086          33.184640     -34.503939      42.908250
5087          29.281741     -34.710096      39.021850
5088          18.780383     -29.754957      22.789679
5089          24.603734     -32.184429      25.349308
5090          16.177999     -26.631831      27.422499
5091          21.429239     -29.877269      30.913933
5092          16.671775     -29.541802      37.561757
5093          25.996043     -31.768618      35.380773
5094          28.232514     -27.128671      44.470951
5095          32.500000     -28.349365      50.000000
5096          20.000000     -24.019238      50.000000
5097          24.999585     -24.019478      50.000000
5098          29.997507     -24.020677      50.000000
5099          50.000000      -7.500000     -11.028857
5100          19.403137       3.976162     -13.132237
5101          25.100685      -3.045265     -12.858239
5102          19.971166      -2.287810      -9.853826
5103          41.331750     -31.234776      14.603058
5104          45.436789     -29.048946      17.060610
5105          50.000000     -25.000000      19.282032
5106          42.961446     -25.086121      -0.121245
5107          44.303539     -19.838943      -3.155219
5108          37.604195     -20.078785       0.214324
5109          39.225186     -22.678787       4.227926
5110          44.117851     -23.105222       5.401219
5111          50.000000     -22.500000       6.291651
5112          50.000000     -20.000000       1.961524
5113          50.000000     -17.500000      -2.368603
5114          15.325418      -5.457042      -8.171541
5115          18.839833     -17.213414       7.922412
5116          29.131972     -17.797071      -3.586530
5117          23.447059     -15.646677      -2.596237
5118          29.204954      -5.161213      -9.185705
5119          29.729760     -12.897142      -4.999069
5120          19.193627      -7.899248      -2.532769
5121          24.149350     -10.147099      -7.422919
5122          19.139847      -9.098133       2.384617
5123          24.318220     -19.236430       7.359335
5124          24.462486     -19.379154       1.480885
5125          21.095949     -13.460604       4.046970
5126          50.000000     -10.000000      -6.698730
5127          50.000000     -12.500000      -2.368603
5128          39.529839     -15.672735      -2.725122
5129          35.141487      -7.807796     -11.156858
5130          43.001894     -11.432236      -4.038414
5131          37.805033     -11.606131      -7.185285
5132          34.428333     -13.386487      -2.011381
5133          14.533105      15.550285     -11.122606
5134          11.186961      19.866109     -12.188453
5135          25.326753       3.033473     -15.147535
5136          31.774186       3.400521     -21.330961
5137          28.219893      10.838524     -21.012760
5138          21.609695      12.224952     -19.242089
5139          24.414610       7.336893     -18.710146
5140          21.698146       8.849385     -14.359490
5141          38.181685      14.574358     -22.113703
5142          34.796904       9.419396     -21.317496
5143          39.737529      -0.598144     -16.307414
5144          43.046441       9.908374     -23.118120
5145          44.867423       4.934355     -22.620305
5146          41.610960       3.457885     -18.680744
5147          50.000000       7.500000     -19.689111
5148          50.000000       5.000000     -15.358984
5149          43.839489      -8.140803      -9.452499
5150          44.687544      -4.154294     -13.449167
5151          50.000000      -2.500000     -11.028857
5152          45.190936       2.500000     -14.665190
5153          50.000000       2.500000     -11.028857
5154          38.620516      -3.677769     -12.452289
5155          32.680064      -8.740540      -5.615736
5156          34.102114      -4.074745      -7.592699
5157          35.028437      -0.002742     -14.557056
5158          29.632513       0.383447     -11.716771
5159          30.585172       3.282668     -16.113774
5160          36.252645       4.971724     -18.273081
5161           1.205897       6.883185      -5.242543
5162          -3.584672      10.491125      -2.738998
5163          -8.825945      34.023550      -6.685514
5164         -12.062437      36.408820      -2.225987
5165          -9.540896      25.758242      -1.060459
5166          -6.139160      15.710227       0.171342
5167          -4.728938      11.054649       3.420618
5168         -12.479623      22.539753       1.680563
5169         -10.290488      16.762952       4.662901
5170         -21.645760      28.177395      13.467011
5171         -21.111125      21.945612      13.074453
5172          17.064290     -25.420496      45.657169
5173          12.500000     -19.689111      50.000000
5174          12.500000     -23.540800      44.809230
5175          10.856913     -21.506632      37.164546
5176         -24.274075      10.391240      38.019572
5177         -23.579198      23.262599      29.637215
5178         -25.788490      17.002400      30.847240
5179         -25.581867      14.354923      35.248334
5180         -21.255308       0.140241      42.637304
5181         -25.473427      13.235196      45.320984
5182         -19.780886       4.721770      45.476925
5183         -20.000000      10.621778      50.000000
5184         -17.500000       6.291651      50.000000
5185         -23.671098      10.679748      31.884517
5186         -21.991801       4.379049      28.930494
5187         -22.767669       6.131421      35.854959
5188         -21.459342      11.985441      22.794791
5189         -19.528084      11.226978      28.063493
5190         -13.896431      -9.605266      32.706879
5191          -9.658829     -11.569900      30.314277
5192         -10.000000      -6.698730      50.000000
5193          -2.617017     -16.844117      44.747536
5194           0.000000     -15.358984      50.000000
5195          -6.941758     -17.591620      35.799154
5196          -2.052071     -19.254722      38.225900
5197          -6.906899     -14.241661      41.104420
5198         -15.000000       1.961524      50.000000
5199         -15.489531      -0.071788      44.355027
5200         -14.638468      -4.843822      40.785278
5201         -12.500000      -2.368603      50.000000
5202         -11.313950      -5.905384      44.859608
5203          -7.756600     -10.794365      35.327471
5204          -6.490933      -8.724691      44.187342
5205          -2.500000     -11.028857      50.000000
5206          -5.000000      -6.698730      50.000000
5207         -17.552883       3.035305      36.553488
5208         -17.206755       6.966820      24.277336
5209         -11.085470      -6.575260      36.841551
5210         -12.805756       1.224264      39.345138
5211         -15.218576      17.264472       8.425039
5212         -17.960328      24.784678       7.555684
5213         -11.961763      21.609151       7.154437
5214         -14.475895       7.795065      16.671643
5215         -16.104665      11.819180      20.537853
5216         -16.204604      13.524703      14.981309
5217          -7.439430       7.181844       6.866709
5218         -12.878747       9.758822      11.695559
5219          -9.979058       5.078882      12.622166
5220         -10.125895      14.128709      13.815592
5221          -9.482328      17.712001       9.878422
5222         -12.842460       1.332392      21.027539
5223          -9.705419       0.546700      16.220643
5224         -13.649434      -2.498121      34.017072
5225         -15.892418       3.329362      30.467944
5226         -10.626763      -6.091177      22.183551
5227         -10.410166      -5.092503      28.783938
5228         -12.751343      -0.560028      26.351957
5229          -4.783611     -15.035819      31.175916
5230          -3.438619     -12.352412      25.073727
5231          -5.120107      -9.136503      29.304236
5232          -4.226203      -7.142573      23.124919
5233          12.226884      -2.718551      -4.005386
5234           8.887223       9.726215      -8.280814
5235          13.571589       3.431359      -8.708792
5236           0.000000      -0.000000      -0.000000
5237           0.353468      -6.167945       4.604526
5238           3.217016       2.381332      -3.412047
5239          -1.273479       6.582551       1.910298
5240          -1.900805       0.574247       6.765113
5241           8.195856       4.008145      -3.888097
5242           4.419355       6.528092       0.028556
5243           8.518691     -18.531074      16.509307
5244          13.839980     -18.557198      15.148158
5245          -2.496982      -3.824423      12.242874
5246           0.579500     -11.241220      21.374179
5247          -0.468978     -11.362639      15.754782
5248          -1.374222      -5.697405      18.351434
5249           7.832020     -13.426857      12.265085
5250           2.682300      -9.256417      11.474017
5251           7.031961      -1.782606       1.088513
5252           3.308706      -4.129257       9.043019
5253          10.019501      -6.376596      -0.247563
5254          22.455977      -4.192599      -5.197563
5255          17.981239       1.252147      -5.917711
5256           7.795961      -6.623731       6.546613
5257          14.352963      -7.634892       3.136669
5258          10.844799     -12.543879       5.549620
5259          30.790997     -26.874142      18.927778
5260          32.822244     -25.098050      10.242698
5261          29.564260     -21.866805       7.756260
5262          50.000000     -17.500000       6.291651
5263          50.000000     -20.000000      10.621778
5264          50.000000     -22.500000      14.951905
5265          43.232518     -24.525329      11.550167
5266          37.472667     -23.117552       8.943092
5267          36.366480     -23.888578      14.587349
5268          29.928236     -29.941335      30.020702
5269          31.337080     -31.042634      35.555776
5270          50.000000     -32.705627      24.237453
5271          50.000000     -33.570826      28.767420
5272          37.254388     -37.469387      37.255691
5273          43.543506     -35.836925      35.118411
5274          37.220554     -35.618947      31.152492
5275          42.332456     -34.210803      27.608498
5276          43.227468     -31.105673      21.368455
5277          35.843351     -27.704021      20.055923
5278          44.914017     -32.296460      31.635363
5279          50.000000     -31.861695      32.334340
5280          36.134441     -30.985989      26.906274
5281          50.000000     -29.761804      28.079809
5282          50.000000     -27.500000      23.612159
5283          45.087608     -26.476594      22.555036
5284          50.000000     -22.500000      23.612159
5285          45.554350     -32.565508      50.000000
5286          50.000000     -32.477340      45.393282
5287          45.663367     -31.713619      36.333240
5288          50.000000     -29.674433      36.414574
5289          42.370445     -33.811970      42.325829
5290          36.980088     -31.122931      38.562157
5291          46.642480     -27.829436      50.000000
5292          42.473434     -28.188615      50.000000
5293          50.000000     -25.000000      50.000000
5294          50.000000     -28.066516      40.876129
5295          50.000000     -27.306672      45.730594
5296          44.957800      29.894810     -28.778952
5297          45.561905      24.841000     -27.786012
5298          50.000000      27.500000     -28.349365
5299          44.761331      37.312785     -32.758454
5300          50.000000      37.536629     -28.267831
5301          50.000000      40.009865     -23.969437
5302          27.389198      39.577872     -25.939190
5303          29.645748      30.441261     -24.927971
5304          35.949184      40.291304     -30.890256
5305          41.323058      41.302806     -30.509705
5306          35.022956      50.000000     -23.939761
5307          31.178759      34.918275     -26.609124
5308          36.006934      34.848488     -30.243032
5309          39.804228      28.397360     -27.184653
5310          34.647484      30.503132     -26.463152
5311          17.500000      50.000000     -19.689111
5312          16.910442      45.368935     -22.235481
5313          21.476097      42.937978     -23.469818
5314          23.790934      38.158669     -21.745379
5315          25.253382      32.770241     -21.752008
5316          13.772061      28.066080     -17.676389
5317          18.311389      18.311389     -18.331796
5318          13.449026      20.282718     -16.952973
5319          19.428045      24.391763     -19.381870
5320          23.756105      22.284488     -24.524593
5321          22.276954      28.797917     -20.720048
5322          50.000000      20.000000     -24.019238
5323          50.000000      24.999583     -24.019479
5324          50.000000      22.499920     -19.689158
5325          29.906462      15.932326     -21.412004
5326          44.771349      44.782250     -27.865506
5327          38.796945      44.847697     -27.422166
5328          42.664190      50.000000     -27.874186
5329          50.000000      45.281278     -23.127360
5330          50.000000      50.000000     -20.000000
5331          40.107840      50.000000     -23.749310
5332          45.299275      50.000000     -23.064713
5333          36.161025      20.740236     -21.335627
5334          42.734843      21.844425     -24.866664
5335          37.386055      26.115544     -22.606841
5336          43.192394      34.905805     -27.013530
5337          50.000000      29.997504     -24.020679
5338          50.000000      34.985040     -24.027875
5339         -29.056955      35.620579      43.377464
5340         -30.840791      35.669177      34.351524
5341         -32.337673      36.940711      39.343580
5342         -33.586152      43.162454      34.881931
5343         -32.446647      50.000000      40.178924
5344         -32.157352      39.938690      28.630651
5345         -29.299949      40.419967      35.510912
5346         -29.997582      50.000000      36.602265
5347         -27.451387      45.079135      50.000000
5348         -27.527521      50.000000      46.152914
5349         -25.000000      50.000000      50.000000
5350         -27.510424      50.000000      41.110032
5351         -30.776958      45.047915      30.380460
5352         -27.475087      50.000000      23.631460
5353         -27.500000      50.000000      32.272413
5354         -30.000000      50.000000      27.942286
5355         -22.500000      50.000000      23.612159
5356         -25.000000      50.000000      27.942286
5357          32.886384      29.275349     -21.272976
5358          33.860230      42.993480     -26.602949
5359          32.492807      50.000000     -19.684958
5360          27.496421      50.000000     -19.687045
5361          29.313413      44.060617     -21.888417
5362          50.000000      50.000000     -15.000000
5363          -5.101588      29.767191      -8.701537
5364          -5.473742      38.844280      -5.430498
5365          -3.466971      34.303604      -6.852958
5366           3.786407      28.963633     -15.090951
5367           4.311255      37.476761     -18.445153
5368           0.000044      35.053815     -14.483286
5369          -0.602883      31.853382     -10.383067
5370          17.584392      30.656972     -21.196712
5371          18.089487      36.891611     -21.390108
5372          14.522264      39.535911     -19.080999
5373          14.821624      33.947578     -18.042410
5374           9.459606      39.746071     -15.529967
5375          10.000000      50.000000     -15.358984
5376          11.885728      44.787972     -17.157009
5377          15.000000      50.000000     -15.358984
5378          12.500000      50.000000     -11.028857
5379          21.112494      44.847480     -18.313510
5380          20.000000      50.000000     -15.358984
5381          25.000000      50.000000     -15.358984
5382          30.000000      50.000000     -15.358984
5383         -15.466439      29.637609       3.540090
5384         -14.401471      31.815267      -1.137536
5385         -18.263420      40.013393      -0.580499
5386         -18.676396      44.922029       2.870327
5387         -17.649944      36.526822       3.101029
5388         -19.998756      42.898925       7.616068
5389         -19.701728      45.086113      12.339999
5390         -20.000000      50.000000      19.282032
5391         -17.500000      50.000000      14.951905
5392         -10.675298      41.394434      -2.582262
5393         -14.216806      42.716693       0.969749
5394         -12.276731      37.596558       2.686771
5395         -10.712357      45.145483       4.436914
5396         -15.219778      44.589399       9.722188
5397         -12.499902      50.000000       6.291575
5398         -14.999900      50.000000      10.621700
5399           4.813857      43.811798     -14.119831
5400           2.995091      39.063751     -13.198304
5401           2.500000      50.000000     -11.028857
5402           7.500000      50.000000     -11.028857
5403          -7.499974      50.000000       6.291631
5404          17.500000      50.000000     -11.028857
5405          26.669774      25.791487     -21.434872
5406          25.492840      18.838052     -20.398385
5407          30.590960      21.752445     -19.568341
5408          19.669852      13.757780     -13.736031
5409           2.449180      21.062109      -6.768095
5410           3.827124      12.325026      -4.556093
5411          -5.756600      22.555412       0.328416
5412          -8.827417      30.311743       1.234007
5413          20.729010       9.909471      -9.208567
5414          18.175233      14.116425      -7.840871
5415          17.561978       6.367356      -6.991179
5416          15.068406      11.030120      -5.182908
5417          -1.222046      18.912936      -1.677684
5418          -5.039413      13.950736       8.493803
5419          -3.039611       8.717044       9.458961
5420          -3.312252      44.343329      -6.038923
5421           0.897553      36.578060      -8.696593
5422          -0.192013      42.210436     -10.621132
5423           0.000000      50.000000      -6.698730
5424          -6.379369      43.542340      -0.622943
5425          -5.000000      50.000000       1.961524
5426          -2.500000      50.000000      -2.368603
5427          -4.223167      29.405428      -2.671013
5428           0.000000      25.000940      -2.483794
5429          10.079994      14.925390      -5.267945
5430           5.612013      17.185550      -5.253684
5431          15.624695      17.517901      -5.009695
5432           6.140307      23.704186     -11.494144
5433          14.605583      24.021783     -13.603532
5434          14.444564      21.400855      -8.355117
5435          10.175034      32.301660     -16.014909
5436          15.916850      30.959118     -13.980690
5437          10.448554      28.066055     -11.570021
5438           4.800838      29.008753      -9.336901
5439           8.725233      20.562574      -7.247412
5440           6.143258      25.520879      -4.156208
5441           2.329405      28.669051      -4.986840
5442         -27.380540      44.632239      44.355494
5443         -31.352131      41.729904      41.550481
5444         -23.258186      40.967996      50.000000
5445         -20.000000      50.000000      50.000000
5446         -17.500000      14.951905      50.000000
5447         -25.966842      20.409677      37.628933
5448         -26.566778      14.756078      40.277297
5449         -22.231690       7.711289      41.727320
5450         -20.524867      14.258695      43.473968
5451         -20.745459      13.804230      36.899803
5452          -5.129524      -1.393645      19.197357
5453          -3.513181       3.660510      13.044203
5454          -6.959282       6.211755      19.314333
5455         -11.914088       7.850931      21.903970
5456         -18.434277      32.592753      10.390319
5457         -21.451971      38.152232      11.773554
5458         -18.000749      37.155979       8.151302
5459         -17.392253      32.205135      15.556823
5460         -15.156881      28.131615      11.015906
5461         -16.123177      19.553913      13.388789
5462         -21.725807      21.577508      23.038776
5463         -18.322818      18.322818      18.322818
5464         -19.308502      23.832867      18.517693
5465         -26.937974      26.805101      33.724074
5466         -25.140840      28.186456      29.044727
5467         -19.371304      16.793402      27.036558
5468         -22.503519      34.748115      17.320073
5469         -23.494113      30.198875      20.903015
5470         -24.782966      39.004412      15.582617
5471         -25.925323      31.970137      37.170533
5472         -26.001892      32.465838      32.070470
5473         -24.560886      37.254923      22.479685
5474         -27.028500      42.614775      24.003269
5475         -26.822879      36.950623      29.730619
5476         -24.247686      32.486464      26.261504
5477         -20.000000      50.000000      27.942286
5478         -21.570017      44.267136      22.266888
5479         -21.118560      42.447018      16.607938
5480         -15.000000      50.000000      19.282032
5481         -17.500000      50.000000      23.612159
5482         -19.259773      27.292877      25.419290
5483         -17.828807      31.750912      20.803911
5484         -17.308345      37.553267      17.388453
5485         -22.500000      23.612159      50.000000
5486         -20.000000      19.282032      50.000000
5487         -22.320388      20.829107      42.714638
5488         -23.688870      37.737629      44.401179
5489         -21.974903      25.360553      37.523211
5490         -19.890049      24.924800      32.829754
5491         -23.268514      32.198012      42.535123
5492         -22.503227      26.569829      44.650348
5493         -22.494699      32.269353      50.000000
5494         -20.194780      36.487874      50.000000
5495         -20.004380      27.938506      50.000000
5496          10.913559     -19.614313      30.151427
5497           7.181107     -17.182384      24.700816
5498           4.233027     -21.205411      31.698530
5499           0.147711     -15.854382      27.511168
5500           0.076735     -18.384657      31.852575
5501           5.000000     -15.358984      50.000000
5502           2.500000     -11.028857      50.000000
5503           5.850165     -17.746563      36.684264
5504           2.510284     -18.101776      41.990423
5505           0.000000     -14.538232      35.085881
5506           6.017949     -15.127008      44.742778
5507          10.000000     -18.494077      43.504019
5508          10.000000     -15.358984      50.000000
5509           7.500000     -11.028857      50.000000
5510         -10.000000       1.961524      50.000000
5511          20.883242     -19.116050      12.284885
5512          16.535995     -11.294653       7.615239
5513          12.519627     -10.312654      11.507567
5514          25.628318     -20.779975      13.526792
5515          31.045209     -16.816661       3.102052
5516          34.223360     -19.818155       6.470656
5517          15.432955     -26.205590      33.525988
5518          21.371620     -27.420282      39.098969
5519          26.469977     -26.855958      39.632050
5520          15.091697     -24.381076      38.471578
5521          12.915661     -21.695781      22.491741
5522          20.934729     -23.485354      21.724553
5523          30.931118     -21.994009      16.673944
5524          32.241186     -25.855728      25.343317
5525          27.165141     -27.503169      24.905356
5526          27.632693     -23.400916      21.262197
5527          24.041892     -20.989108      18.438408
5528          18.326937     -18.326937      18.307861
5529          21.738800     -23.956924      44.612224
5530          17.499988     -19.689118      50.000000
5531           5.725678      -9.650572      15.847999
5532          18.076714     -14.925742      13.626865
5533           6.349382     -13.380134      19.622995
5534           3.985236     -12.888031      25.193434
5535          12.966979     -15.226974      19.531007
5536          13.569634     -16.900789      24.691673
5537          10.329608     -12.807916      23.686711
5538          14.432938     -21.186642      33.517685
5539          43.076190      17.037068     -19.870741
5540          44.846457      12.106784     -18.685548
5541          50.000000      17.499998     -19.689112
5542          50.000000      10.000000     -15.358984
5543          50.000000      14.999998     -15.358985
5544          38.528190      16.679890     -17.367875
5545          35.331446     -29.050273      44.401328
5546          40.423672     -29.701639      45.426647
5547          37.502441     -28.327649      50.000000
5548          39.930326     -24.060051      50.000000
5549          34.985042     -24.027874      50.000000
5550          31.534338     -27.802109      39.862101
5551          26.897579     -25.196144      34.768096
5552          17.718417     -20.829994      28.820766
5553          24.138032     -24.005543      27.602637
5554          21.763694     -24.565479      32.637018
5555          23.158264     -20.080841      24.648999
5556          26.600365     -22.056980      42.418858
5557          32.721474     -24.652087      45.357137
5558          22.499931     -19.689151      50.000000
5559          27.499504     -19.689397      50.000000
5560          32.500000     -19.689111      50.000000
5561          50.000000      -5.000000      -6.698730
5562          50.000000      -7.500000      -2.368603
5563          23.376917       3.553726      -8.226125
5564          28.609202      -0.512037      -6.476488
5565          50.000000      -0.000000      -6.698730
5566          42.662262     -24.775941      18.369114
5567          50.000000     -20.000000      19.282032
5568          41.279871     -18.772941       8.390542
5569          36.822464     -15.395396       5.356737
5570          43.323169     -16.727841       2.126733
5571          45.176675     -15.800430       6.833184
5572          50.000000     -15.000000       1.961524
5573          50.000000     -12.500000       6.291651
5574          50.000000     -10.000000       1.961524
5575          18.572877      -1.370044      -0.941951
5576          17.894503      -4.052150       3.270235
5577          23.185158     -14.685015      10.908721
5578          28.721143     -16.722767      10.542275
5579          26.982977     -11.644222      -0.846083
5580          27.434186      -5.785998      -3.157513
5581          20.998836      -6.558466       6.348853
5582          23.708464      -7.194580       1.168673
5583          26.926944     -12.055111       5.259094
5584          44.666736      -5.329413      -4.002165
5585          45.197685      -8.925069       0.054093
5586          40.044502     -10.673693       2.563126
5587          32.131784     -10.694829       2.753190
5588          39.044938      -5.663154      -6.028911
5589          40.590719      -6.466604      -0.712602
5590          35.247265      -6.756352      -0.409478
5591          18.810624      18.531531     -10.627774
5592          25.594412      14.867997     -14.046240
5593          26.985212       8.711162     -12.392979
5594          32.996878       7.872881     -14.787008
5595          32.986632      15.285397     -17.047973
5596          29.305169      11.730486     -15.976337
5597          42.200488       0.195695     -10.714768
5598          39.668372      11.605255     -17.212052
5599          39.170648       5.872238     -12.838671
5600          44.251539       7.952787     -15.505746
5601          50.000000       7.500000     -11.028857
5602          44.841940       0.700124      -6.233660
5603          50.000000       5.000000      -6.698730
5604          44.173358       5.430233      -8.352885
5605          50.000000       9.999996      -6.698732
5606          50.000000      12.500000     -11.028857
5607          36.391690       0.574321      -8.511544
5608          33.086857      -0.967640      -3.467726
5609          30.153087       5.070273      -7.831540
5610          35.035058       8.380475      -9.125435
5611          33.688175       3.945055     -11.463307
5612           1.911505      12.742885       1.198164
5613           0.204320      11.975202       6.757787
5614          -5.162844      35.972172       0.686949
5615         -11.038161      27.102767       7.408683
5616          -7.510842      25.996829       3.779877
5617          -3.123219      18.823987       3.348726
5618          -6.418777      21.024013       6.980026
5619         -15.460390      27.382916      16.527873
5620         -15.182329      27.473155      22.175057
5621          -3.214506      25.678638       6.656257
5622         -10.440249      27.366475      13.272376
5623         -15.280174      17.390710      23.079494
5624          17.267605     -21.405685      42.255311
5625          15.220660     -16.705935      44.551436
5626          15.000000     -15.358984      50.000000
5627          20.000000     -15.358984      50.000000
5628          14.251850     -14.658171      29.462897
5629          13.819415     -18.427464      39.955680
5630          13.732663     -15.617479      35.696034
5631         -17.500000      23.612159      50.000000
5632         -17.870811       8.616130      36.987070
5633         -17.491663      22.521895      28.917354
5634         -20.170746      20.160967      35.245584
5635         -17.772418      15.793562      32.436601
5636         -15.216279       5.786317      42.995740
5637         -17.500000      10.141859      45.233939
5638         -12.500000       6.291651      50.000000
5639         -15.000000      10.621778      50.000000
5640         -15.000000      19.282032      50.000000
5641         -12.500000      14.951905      50.000000
5642         -15.778943       9.263934      31.825761
5643         -13.420830      14.671608      28.898030
5644         -14.096834      10.698711      25.791512
5645          -6.911696      -5.449523      33.307858
5646          -7.500000      -2.368603      50.000000
5647          -1.268957      -8.178134      34.677365
5648          -0.450097     -11.560309      43.056847
5649          -3.677755     -10.560277      38.863581
5650          -2.500000      -2.368603      50.000000
5651         -10.381554       4.627986      45.251435
5652         -10.000000      10.621778      50.000000
5653          -9.415464      -1.093894      43.436647
5654          -5.455071      -5.476748      38.849529
5655          -7.500000       6.291651      50.000000
5656          -2.179605      -4.957212      44.859074
5657          -0.000000      -6.698730      50.000000
5658         -11.717827       5.024346      34.563735
5659         -11.650099       6.616515      27.591654
5660          -8.083273      -0.179353      36.289586
5661          -8.449494       4.962350      40.156358
5662         -11.276894      22.171380      12.787900
5663         -11.094897      24.403714      17.354478
5664          -8.478617      11.469402      18.398637
5665         -11.057436      13.534368      22.856814
5666         -11.052541      17.833008      18.551761
5667          -5.313185       9.792287      14.161059
5668          -4.865003      17.415156      15.284558
5669          -3.102765      18.639988      10.405351
5670          -7.349213       1.976618      24.020557
5671          -8.919267       1.289444      30.071315
5672          -5.308279      -2.526063      27.478493
5673           1.485694      -9.505239      28.873593
5674          -1.441550      -5.433133      28.802575
5675           3.311198      -6.449990      22.659370
5676          -0.000000      -2.497050      25.000312
5677          12.981954       1.428581       0.189970
5678           8.545936      10.737837      -1.067639
5679          11.993591       6.592299      -1.064770
5680          17.119287       5.148804      -1.910566
5681          23.111416       7.778597      -4.796733
5682           3.929355       1.689422       5.120595
5683           5.785432       9.226767       4.982574
5684           1.647508       6.485684       8.239550
5685           0.354462      -0.304385      17.384239
5686           1.827957       0.658895      11.776309
5687           9.215842       4.885049       3.229554
5688          10.951912      -9.834027      16.944381
5689           4.199754      -4.749484      17.331281
5690           5.885233      -1.218417      14.132864
5691           8.441558      -5.810130      12.775279
5692           7.762959       0.645909       9.827335
5693          10.730593      -1.768622       5.512665
5694          25.001474      -0.000000      -2.472522
5695          23.329840       5.680509       0.226321
5696          16.106025       0.281468       5.118880
5697          19.138741       3.795712       2.716494
5698          13.806973      -5.155084       9.510579
5699          18.217585      -2.886969       8.464645
5700          13.810345      -6.351449      14.496527
5701          34.591803     -21.254018      21.141926
5702          35.306194     -17.615940      11.767050
5703          38.653575     -14.214263       9.968090
5704          43.600457     -19.060795      15.219695
5705          50.000000     -15.000000      10.621778
5706          50.000000     -17.500000      14.951905
5707          38.736152     -19.972221      17.701807
5708          34.735734     -27.187320      33.921743
5709          30.495093     -21.205842      29.730750
5710          31.818057     -23.218798      36.624702
5711          44.041418     -28.292123      27.540043
5712          41.061311     -29.610900      33.754145
5713          39.429510     -25.080247      25.016124
5714          50.000000     -27.406040      32.264006
5715          37.769155     -24.627957      30.187055
5716          50.000000     -25.000000      27.942286
5717          40.159426     -25.288945      36.493327
5718          50.000000     -24.927469      36.569578
5719          50.000000     -22.484340      32.271012
5720          44.501260     -22.291849      25.460301
5721          50.000000     -19.996338      27.940850
5722          50.000000     -17.499821      23.611858
5723          44.394388     -26.110465      45.051855
5724          44.652742     -27.353086      38.088708
5725          39.854818     -26.169400      41.604865
5726          45.184615     -23.393055      50.000000
5727          50.000000     -22.461334      46.466627
5728          41.830842     -19.990578      50.000000
5729          50.000000     -20.000000      50.000000
5730          50.000000     -22.500000      40.932667
5731          50.000000     -15.000000      50.000000
5732          44.551430      27.498641     -23.613457
5733          50.000000      32.499991     -19.689117
5734          43.292150      40.949215     -24.109333
5735          37.500000      50.000000     -19.689111
5736          35.000000      50.000000     -15.358984
5737          50.000000      37.410249     -19.740929
5738          50.000000      41.961524     -20.000000
5739          31.113156      36.428200     -20.757863
5740          37.541218      37.622790     -23.198951
5741          38.209211      44.176100     -22.160615
5742          38.414654      31.666104     -22.227531
5743          16.963082      42.320039     -15.713444
5744          20.676806      39.704792     -18.021266
5745          23.616195      35.755870     -16.708517
5746          25.427627      41.499321     -17.581818
5747          25.377788      30.652504     -17.025072
5748          20.496623      29.424053     -15.796521
5749          21.059468      22.201588     -13.611602
5750          23.884977      25.691146     -17.050490
5751          29.880981      28.145178     -16.396650
5752          44.242794      22.633335     -18.447084
5753          50.000000      27.499993     -19.689116
5754          39.160466      22.989490     -17.831301
5755          50.000000      29.999965     -15.359008
5756          50.000000      24.999958     -15.359012
5757          50.000000      19.999988     -15.358992
5758          50.000000      17.500000     -11.028857
5759          50.000000      22.499927     -11.028906
5760          41.198879      20.241757     -14.006261
5761          35.477807      19.556105     -14.285869
5762          28.869410      18.283102     -16.138300
5763          43.832502      45.303194     -21.211855
5764          45.669873      50.000000     -17.500000
5765          50.000000      45.669873     -17.500000
5766          41.915838      50.000000     -19.829498
5767          50.000000      40.697774     -15.240021
5768          40.704075      50.000000     -15.208258
5769          50.000000      45.595094     -12.554490
5770          34.740103      25.047892     -15.456416
5771          41.302154      27.736726     -18.565429
5772          43.099834      34.650775     -19.662314
5773         -24.843589      37.825856      37.826112
5774         -27.205483      44.429852      37.923880
5775         -26.090766      42.617091      32.169929
5776         -25.000000      50.000000      36.602540
5777         -22.500000      50.000000      32.272413
5778         -22.103543      45.450033      50.000000
5779         -22.682227      50.000000      44.668542
5780         -22.780305      50.000000      40.009741
5781         -20.200218      50.000000      36.463427
5782         -18.750917      50.000000      40.530435
5783         -15.000000      50.000000      27.942286
5784         -23.075137      44.629349      27.761000
5785         -17.533370      50.000000      32.225710
5786          35.002775      33.347713     -17.564450
5787          33.595884      42.147127     -17.621643
5788          29.301308      44.612847     -15.388416
5789          29.897553      39.327699     -15.013586
5790          29.042870      34.088231     -14.517318
5791          45.595844      50.000000     -12.550709
5792          50.000000      50.000000     -10.000000
5793           0.477878      33.155107      -3.724478
5794          -1.444905      37.752113      -2.407173
5795           6.070196      35.252160     -11.550101
5796           5.936284      33.293673      -5.625233
5797          18.075350      35.682652     -14.193594
5798          13.662872      38.751519     -11.033759
5799           9.373334      43.500407      -9.763434
5800          10.000000      50.000000      -6.698730
5801          17.324769      44.017769      -9.869807
5802          15.000000      50.000000      -6.698730
5803          32.500000      50.000000     -11.028857
5804          37.381848      50.000000     -10.960642
5805          22.500000      50.000000     -11.028857
5806          24.962969      44.413064     -12.125081
5807          27.500000      50.000000     -11.028857
5808          20.000000      50.000000      -6.698730
5809          29.998146      50.000000      -6.698313
5810         -11.858460      34.124493       6.342131
5811         -14.300841      40.249691       6.488836
5812         -14.955172      39.854209      12.486247
5813          -6.202159      31.433419       6.470394
5814         -14.999984      44.599196      16.335385
5815         -12.499978      50.000000      14.951888
5816         -10.000000      50.000000      19.282032
5817          -8.480523      40.141029       4.856176
5818          -9.808057      43.414967      10.420264
5819          -6.269930      45.052319       7.048821
5820          -9.999967      50.000000      10.621753
5821          -7.499991      50.000000      14.951898
5822           3.242778      44.391208      -6.366333
5823           5.709711      39.058981      -5.994218
5824           5.000000      50.000000      -6.698730
5825           7.500000      50.000000      -2.368603
5826           2.500000      50.000000      -2.368603
5827          -4.999993      50.000000      10.621773
5828          -2.499999      50.000000       6.291650
5829          21.929086      45.460828      -8.119766
5830          27.635950      23.065038     -14.596570
5831          19.463673      22.347258      -7.100225
5832          27.038243      11.212985      -6.367011
5833          22.759879      16.365592      -7.955332
5834          20.417524      16.386026      -3.297244
5835          24.051565      20.739804      -5.872739
5836           4.851790      19.420790      -0.838127
5837           9.071635      16.062459       0.043829
5838           1.393146      23.917960       3.880061
5839          -2.163377      29.378933       2.023585
5840          22.180822      11.897313      -1.315560
5841          17.362053      10.079501       0.197229
5842          14.697912      14.699173       0.809169
5843           0.854498      18.060266       6.881666
5844           4.199155      16.690794       3.357489
5845          10.363405       9.122924       7.246534
5846          -0.000000      13.509980      13.974247
5847           4.990362      11.761801      10.143268
5848           0.033826       7.947337      16.878585
5849           0.254162      42.556890      -1.637663
5850          -3.373195      39.866966       3.694878
5851          -2.178229      44.896034       2.857960
5852           0.000000      50.000000       1.961524
5853           3.514934      28.307365       0.735977
5854           7.376708      24.598890       0.977295
5855          11.699900      20.751727      -0.939180
5856          17.496054      21.686512      -2.091562
5857          18.074484      27.978859     -10.127774
5858          13.302373      26.159341      -6.427918
5859          13.937430      32.703127      -9.545793
5860          19.007125      33.075730      -9.914318
5861          10.493117      30.636322      -6.094492
5862          12.048499      26.234466      -1.077841
5863           8.593245      30.507268      -1.003367
5864         -22.334411      43.050363      42.330787
5865         -18.680164      40.251299      50.000000
5866         -20.260258      37.575891      40.407352
5867         -17.280027      45.535500      50.000000
5868         -17.283551      50.000000      45.509948
5869         -15.000000      50.000000      50.000000
5870         -15.000000      15.459195      44.805649
5871         -18.484803      17.788468      39.855013
5872         -14.990840      12.490655      39.838123
5873         -13.654983      12.757258      34.904691
5874          -0.465467       3.973894      21.709916
5875          -5.251560       7.227354      26.773477
5876          -3.205658       8.328284      22.160987
5877           0.878514      36.811432       3.613798
5878         -13.475282      34.315371      12.704969
5879         -12.382659      34.438256      18.335929
5880          -8.260153      32.018975      12.037410
5881         -12.464777      39.549464      17.168891
5882         -13.528940      22.584491      21.433195
5883         -19.232875      32.367692      29.026597
5884         -19.284615      32.911568      38.165830
5885         -21.938154      29.624240      33.364138
5886         -11.572668      20.968197      28.094889
5887         -18.969951      37.302961      22.726839
5888         -20.342334      36.086680      33.239246
5889         -21.473002      39.086285      27.404066
5890         -12.056821      45.496991      20.981278
5891         -17.500000      44.179308      26.622070
5892         -15.036243      41.216509      21.423498
5893         -12.500000      50.000000      23.612159
5894         -10.457211      28.864885      23.883692
5895         -15.097009      34.818549      25.912743
5896         -14.399940      29.329086      28.559911
5897         -12.153473      37.214327      22.562848
5898         -14.918472      41.584740      50.000000
5899         -14.839225      25.709051      33.492455
5900         -17.708283      23.797136      44.465015
5901         -16.580472      23.176841      37.945920
5902         -16.631998      34.127601      43.357768
5903         -17.505190      27.786770      40.623760
5904         -17.505152      29.371840      45.620540
5905         -15.000000      36.602540      50.000000
5906         -17.531580      32.252792      50.000000
5907         -12.506262      32.241056      50.000000
5908         -15.005993      27.938386      50.000000
5909         -10.000326      36.291069      50.000000
5910          -7.500000      32.248896      50.000000
5911          12.500000     -11.028857      50.000000
5912          10.000000      -6.698730      50.000000
5913           5.000000      -6.698730      50.000000
5914           7.253814     -13.874271      31.943860
5915           8.186050     -12.497187      40.244762
5916           3.284998     -11.020744      33.398673
5917           5.077581      -9.851253      44.640143
5918           3.022405     -10.077206      38.403808
5919          13.069654     -11.493104      43.875987
5920          -5.000000       1.961524      50.000000
5921          -0.000000       1.961524      50.000000
5922          36.621567     -19.856583      27.817054
5923          23.569840     -16.178230      16.617126
5924          17.960920      -9.148593      13.234944
5925          19.884408     -11.875030      19.016040
5926          30.205565     -16.222599      16.399248
5927          32.142791     -12.385116       8.442047
5928          26.849106     -12.147813      14.507401
5929          35.276556     -15.891974      19.128627
5930          34.232474     -13.514755      14.685005
5931          19.073762     -20.664378      35.610514
5932          23.497029     -22.576678      38.036372
5933          19.149462     -17.109229      24.217445
5934          29.461376     -18.861217      24.469905
5935          24.838565     -15.939667      22.387479
5936          25.319060     -17.680766      35.854209
5937          22.211441     -17.375109      43.851964
5938          25.000000     -15.358984      50.000000
5939           4.609440      -5.745410      33.352869
5940           9.409155      -5.817589      21.097398
5941          15.316868      -9.512347      19.739280
5942           7.355439      -8.757152      25.882860
5943          15.735245     -12.066898      24.241169
5944          12.148496     -10.309592      27.768002
5945           8.719862      -8.649668      31.187949
5946          19.491660     -14.534567      32.414290
5947          19.537101      -6.887390      18.918711
5948          44.004753      14.834699     -14.261661
5949          38.225893      15.056232     -12.218677
5950          50.000000      14.999987      -6.698739
5951          50.000000      19.999935      -6.698774
5952          18.311060     -10.541395      28.840217
5953          22.366340      -8.347951      22.774722
5954          38.902785     -22.046732      45.040475
5955          37.410254     -19.740926      50.000000
5956          34.324069     -20.661652      42.428371
5957          28.534904     -18.223207      39.730957
5958          35.000000     -15.358984      50.000000
5959          24.721578     -17.363242      29.062090
5960          29.719068     -16.207097      28.856595
5961          31.933143     -17.634062      36.020169
5962          28.074872     -16.707513      44.543037
5963          27.500000     -11.028857      50.000000
5964          30.000000     -15.358984      50.000000
5965          50.000000      -5.000000       1.961524
5966          50.000000      -2.500000      -2.368603
5967          29.674653       3.761493      -1.975551
5968          42.559235      -0.254310      -1.630362
5969          50.000000       2.500000      -2.368603
5970          50.000000      -0.000000       1.961524
5971          50.000000       7.499998      -2.368604
5972          42.245901     -18.293035      21.908126
5973          50.000000     -15.000000      19.282032
5974          21.955223      -6.511178      11.388849
5975          50.000000     -12.500000      14.951905
5976          50.000000     -10.000000      10.621778
5977          43.377628     -12.299752      10.143009
5978          36.636989     -10.399935       6.761600
5979          45.017181     -10.000000       5.218195
5980          50.000000      -7.500000       6.291651
5981          22.705153      -0.789225       3.991553
5982          26.532630      -8.522816      10.240315
5983          36.698596      -9.932810      11.932738
5984          29.502881      -4.616897       2.692169
5985          25.907828      -4.217276       6.776006
5986          29.951950      -7.992333       6.491276
5987          50.000000      -2.500000       6.291651
5988          43.317015      -4.707769       3.553797
5989          34.212799      -5.671265       8.068063
5990          38.184735      -6.006841       4.466415
5991          50.000000      -5.000000      10.621778
5992          36.813655      -0.882256       3.618172
5993          37.570748       1.530419      -2.079709
5994          32.957323       1.340286       1.063060
5995          27.055381      19.112050     -10.520730
5996          32.702175      13.934550      -9.543954
5997          38.828673       5.427744      -5.470971
5998          42.334336      11.034370      -9.796055
5999          44.853392       6.986210      -3.366516
6000          50.000000      12.499983      -2.368616
6001          50.000000      17.499972      -2.368623
6002          44.741874      13.649662      -5.529676
6003          37.809585      12.592095      -7.570059
6004          33.473724       7.432213      -3.832272
6005          29.940071      13.816373      -2.846464
6006          29.953958       9.427008       0.038978
6007           8.322246      14.442575       5.208876
6008           0.779578      31.415260       6.400905
6009          -5.571529      25.762892      11.801649
6010           0.333054      22.739399       8.858220
6011           1.194830      28.897605       9.986847
6012          -7.918436      28.622083      17.743128
6013          -3.628602      30.229459      13.888580
6014          -7.358434      18.361330      23.817507
6015          17.846544     -13.659328      40.630627
6016          20.000000     -12.472233      45.437348
6017          17.500000     -11.028857      50.000000
6018          22.500000     -11.028857      50.000000
6019          13.896430      -9.605265      32.706879
6020          13.824224     -10.635200      38.213277
6021         -14.159025      20.396069      41.905879
6022         -12.500000      23.612159      50.000000
6023         -10.000000      19.282032      50.000000
6024         -10.079953      10.062717      37.385204
6025         -12.400159      17.718979      34.937484
6026          -5.805858      13.242378      26.627302
6027          -8.009517      17.132774      29.887425
6028          -9.546304      10.755979      43.323479
6029          -9.818871      16.062837      45.420176
6030          -5.000000      19.282032      50.000000
6031          -7.500000      14.951905      50.000000
6032          -5.000000      10.621778      50.000000
6033          -8.255598      12.031079      32.016240
6034          -2.301482      -2.146064      32.491957
6035          -2.653829       0.429336      42.860854
6036          -0.445104      -1.975445      38.022932
6037           2.695354      -5.142566      41.787742
6038           2.500000      -2.368603      50.000000
6039          -4.958030       7.076836      44.570087
6040          -4.108656       2.627899      38.302404
6041          -2.500000       6.291651      50.000000
6042           4.055010      -3.028006      45.721175
6043           7.500000      -2.368603      50.000000
6044          -5.191752       5.927736      33.930735
6045          -4.412237       9.251038      38.716304
6046          -6.831480      22.188645      19.023856
6047          -3.423458      25.753183      16.777034
6048          -3.381894      13.377177      21.088395
6049          -2.331211      18.894362      20.162334
6050           2.540167      17.819420      15.837112
6051          -0.437995      21.758138      13.809539
6052          -0.592396       2.955706      28.670420
6053           2.618001      -0.701310      31.400562
6054           5.605394      -3.032693      27.778420
6055           1.778384      12.134023      19.886390
6056           3.221544       4.573444      25.449035
6057           5.503569       0.781614      22.628587
6058          11.628502      -1.510570      24.602181
6059          14.823596       8.869004       4.769366
6060          25.361663       9.927616       2.338337
6061           6.916555       6.291442      11.641682
6062           4.601763       3.661311      16.500122
6063          12.508761       5.235760       9.772707
6064          10.486149       3.408284      14.527184
6065          15.216491      -4.371399      19.012402
6066           9.699974      -1.091551      17.445084
6067          14.824299       0.318227      13.520842
6068          27.871601       3.090015       4.100342
6069          21.671800       0.355521      10.266445
6070          21.388056       6.828994       6.330152
6071          17.996608       4.499999      10.045830
6072          19.943865      -3.440082      14.972323
6073          33.766832     -14.900584      24.606916
6074          39.557983     -13.888130      15.822910
6075          44.916706     -12.800946      17.664905
6076          39.622443     -13.799388      20.992949
6077          50.000000     -10.000000      19.282032
6078          37.483925     -21.089724      35.008721
6079          36.635776     -17.233724      38.820073
6080          34.938876     -16.003479      31.417845
6081          39.319165     -21.460922      39.743299
6082          42.992170     -23.287423      30.976331
6083          43.611322     -19.695161      36.241480
6084          50.000000     -17.494940      32.267306
6085          50.000000     -19.985301      36.573296
6086          41.258439     -15.462173      29.301981
6087          45.292520     -17.031500      26.136795
6088          50.000000     -12.500000      23.612159
6089          50.000000     -14.998925      27.940481
6090          50.000000     -12.498608      32.266688
6091          50.000000     -10.000000      27.942286
6092          43.035439     -19.450024      42.614686
6093          50.000000     -17.500000      45.669873
6094          40.697780     -15.240017      50.000000
6095          45.669873     -17.500000      50.000000
6096          50.000000     -17.499063      40.621008
6097          50.000000     -12.500000      46.454483
6098          45.595094     -12.554490      50.000000
6099          50.000000     -10.000000      50.000000
6100          45.127060      32.287055     -15.270579
6101          50.000000      34.999979     -15.358998
6102          41.995075      41.946430     -17.606236
6103          37.841528      44.287954     -13.523229
6104          44.910899      37.664096     -15.112922
6105          37.706010      38.302434     -17.614529
6106          50.000000      32.499910     -11.028917
6107          50.000000      37.381830     -10.960654
6108          21.628669      39.700663      -9.854066
6109          24.429204      34.745635     -11.040868
6110          34.152630      30.719183     -12.350574
6111          25.899965      28.870956     -12.187964
6112          22.642299      25.510471      -9.931617
6113          30.824650      26.351741     -10.888773
6114          22.618855      31.006826      -6.972977
6115          45.055673      24.097139     -13.266805
6116          39.524106      25.192809     -13.210778
6117          50.000000      24.999682      -6.698944
6118          50.000000      27.499878     -11.028939
6119          44.454114      20.835664      -8.949435
6120          37.958817      20.532045      -9.352885
6121          32.386824      21.004970      -9.766939
6122          44.477288      44.478019     -13.182220
6123          50.000000      41.781410     -10.510405
6124          41.762418      50.000000     -10.501234
6125          50.000000      45.232354      -7.098129
6126          42.992156      28.881558     -11.688830
6127          37.220316      26.028733      -8.526297
6128          39.171568      34.645455     -13.595389
6129          50.000000      50.000000      -5.000000
6130          -8.112019      32.698855      21.137757
6131         -21.363165      43.817418      36.155012
6132         -17.065147      45.219325      41.938653
6133         -14.919241      50.000000      41.469625
6134         -13.810361      32.257382      38.956372
6135         -14.925717      50.000000      36.739460
6136         -12.500000      50.000000      32.272413
6137         -10.000000      50.000000      27.942286
6138         -12.744797      45.218757      29.526996
6139         -16.387485      42.158052      32.667751
6140         -16.127269      37.927803      35.747739
6141          -7.500000      50.000000      32.272413
6142          -7.500000      50.000000      23.612159
6143          -5.000000      50.000000      27.942286
6144          37.241933      32.767565      -8.088892
6145          34.085007      36.736978     -10.574687
6146          30.155343      41.614740     -10.204035
6147          29.282428      35.108616      -9.530526
6148          45.232354      50.000000      -7.098129
6149          39.897971      50.000000      -6.688432
6150          17.500000      50.000000      -2.368603
6151          12.500000      50.000000      -2.368603
6152           8.817743      43.618303      -2.524420
6153           6.122774      36.404709      -0.125896
6154          11.082397      35.605553      -4.360723
6155          17.932944      36.198714      -6.032366
6156          14.208157      41.319869      -5.378787
6157          17.848917      45.258934      -4.733812
6158          35.682755      43.578870      -7.409386
6159          34.990335      50.000000      -6.695389
6160          24.999660      50.000000      -6.698678
6161          28.190082      44.428016      -5.236526
6162          32.498730      50.000000      -2.369336
6163          22.500000      50.000000      -2.368603
6164          27.499813      50.000000      -2.368711
6165          -7.203550      38.018172      11.599216
6166          -2.398520      34.888987       9.497153
6167          -7.740118      41.703318      16.439730
6168          -6.821669      45.010336      20.752078
6169          -4.999998      50.000000      19.282031
6170          -1.867132      42.527279       7.946278
6171          -4.052823      44.687294      12.961675
6172          -2.499997      50.000000      14.951903
6173           4.423929      45.401308      -0.393452
6174          10.000000      50.000000       1.961524
6175           5.000000      50.000000       1.961524
6176           2.500000      50.000000       6.291651
6177           0.000000      50.000000      10.621778
6178          15.000000      50.000000       1.961524
6179           7.500000      50.000000       6.291651
6180           0.000000      50.000000      19.282032
6181          22.538623      43.018811      -3.646533
6182          12.271339      18.825052       4.636680
6183          20.867970      18.996851       1.193360
6184          26.926454      24.653918      -7.119381
6185          21.333044      26.499271      -2.173641
6186          32.648407      26.289535      -5.974076
6187          27.195304      18.295028      -2.826535
6188          25.399820      16.213792       1.761561
6189          25.096106      22.857887      -0.819875
6190           7.474201      22.128850       5.732683
6191           5.199954      26.819289       5.956884
6192           4.777013      23.891172      11.093751
6193          12.695860      23.433736       6.572103
6194          17.685120      16.613450       5.196157
6195          22.134494      13.177549       4.715340
6196          13.437690      13.667090       7.067315
6197           6.534296      17.730201      12.296918
6198          11.394691      11.460921      11.669696
6199           6.114926      10.687783      16.485040
6200           4.029619       7.265240      20.805959
6201          12.500000      50.000000       6.291651
6202           4.365322      43.168648       4.300962
6203          20.000000      50.000000       1.961524
6204           5.848705      31.973103       5.466975
6205          10.816141      27.467436       4.256511
6206          16.369923      24.970207       2.073049
6207          16.179960      31.381619      -2.257439
6208          12.694344      34.018093       2.374307
6209          14.627444      38.139360      -0.829588
6210         -15.790398      40.360054      40.375882
6211         -12.473813      45.670674      50.000000
6212         -12.389391      44.021633      44.032119
6213         -12.463925      50.000000      45.643219
6214         -10.000000      50.000000      41.339746
6215         -10.000000      50.000000      50.000000
6216         -10.000000      41.339746      50.000000
6217          -1.948238      10.611615      28.626205
6218         -10.529881      16.188852      40.217800
6219          -7.659021      14.496126      36.402015
6220           1.965115       9.668103      25.528914
6221           2.301753       7.227052      30.370143
6222           0.439561      14.642795      24.532562
6223           7.972505      36.991613       6.291885
6224           6.840472      29.197301      10.301588
6225           3.347846      37.195415       9.283110
6226          -6.034880      35.434388      17.145042
6227          -6.612435      22.229209      31.528829
6228          -5.751027      24.002075      25.689230
6229          -3.859425      27.054283      21.850892
6230         -14.186391      33.573324      33.575058
6231         -10.546700      28.574693      36.383832
6232          -9.282041      26.797873      29.269600
6233          -4.475045      31.412721      24.723520
6234         -13.096857      39.844611      28.321953
6235          -9.688673      43.575955      25.235280
6236          -9.468887      34.886169      29.241315
6237          -7.197132      37.268604      23.591283
6238         -11.021602      36.924966      43.829166
6239          -5.000000      36.602540      50.000000
6240          -6.280480      30.328572      32.679644
6241          -7.941036      23.369264      37.438236
6242         -11.473845      26.454343      43.511249
6243         -12.147134      31.597880      44.723905
6244          -7.500000      23.612159      50.000000
6245         -10.000000      27.942286      50.000000
6246          -4.998224      31.883133      45.465022
6247          -5.000000      27.942286      50.000000
6248          -2.500000      32.272413      50.000000
6249          -5.000000      50.000000      50.000000
6250          20.000000      -6.698730      50.000000
6251          15.000000      -6.698730      50.000000
6252          12.500000      -2.368603      50.000000
6253           9.204133      -4.992484      43.528989
6254           9.911531      -6.786826      37.189143
6255           6.769628      -3.198202      39.230807
6256          15.686593      -6.188722      42.127063
6257           5.979704       0.135739      35.334780
6258           0.099787       4.143462      45.206757
6259           5.000000       1.961524      50.000000
6260           2.500000       6.291651      50.000000
6261          10.000000       1.961524      50.000000
6262          38.318195     -12.165680      25.725834
6263          28.300777     -11.376766      19.869017
6264          24.339582      -7.127019      17.545612
6265          31.526852      -8.708356      15.205026
6266          36.175990      -9.989666      20.401915
6267          22.744716     -13.955769      38.616873
6268          18.987644      -8.558984      37.770090
6269          23.725356     -10.271013      27.988441
6270          29.278682     -11.574103      26.494113
6271          24.786189     -11.277381      34.518850
6272          28.573510     -13.817783      36.952584
6273          24.629471     -11.314836      42.813102
6274          25.000000      -6.698730      50.000000
6275          11.208841      -2.775011      31.868752
6276          15.253716      -6.273706      27.242501
6277          20.019150      -6.305398      32.352006
6278          16.343422      -0.881879      27.071736
6279          20.169931      -3.250785      24.161315
6280          22.224058      -2.196775      19.489840
6281          40.740259      17.499969      -5.543382
6282          45.387000      20.171777      -3.730495
6283          50.000000      29.999583      -6.699011
6284          50.000000      22.498957      -2.369312
6285          50.000000      20.000000       1.961524
6286          50.000000      27.498510      -2.369609
6287          30.803867      -6.822263      23.353363
6288          25.138544      -5.083992      27.911199
6289          25.996128      -3.326961      22.902642
6290          30.000000      -6.698730      50.000000
6291          27.500000      -2.368603      50.000000
6292          37.949552     -14.990976      43.725559
6293          31.626151     -13.411091      41.104270
6294          32.500000     -11.028857      50.000000
6295          37.381848     -10.960642      50.000000
6296          41.781416     -10.510401      50.000000
6297          30.794935     -12.403270      32.131839
6298          35.116868     -12.816190      35.940350
6299          36.946003     -10.879731      30.816021
6300          29.804618      -8.730941      44.368773
6301          44.976015       0.596198       2.814842
6302          50.000000       2.499999       6.291650
6303          35.796811       5.557355       0.905103
6304          43.557408       5.338812       1.466070
6305          50.000000       5.000000       1.961524
6306          50.000000       9.999985       1.961512
6307          43.482971     -12.246072      24.062944
6308          50.000000      -7.500000      14.951905
6309          50.000000      -5.000000      19.282032
6310          50.000000      -7.500000      23.612159
6311          25.414654      -2.637007      14.390161
6312          44.415945      -8.169354      13.950213
6313          39.471952      -6.937382      15.245526
6314          40.934467      -5.711516      10.146080
6315          45.229598      -2.582173      10.764090
6316          50.000000      -0.000000      10.621778
6317          29.026154      -1.485975      10.322536
6318          33.235358      -3.753042      13.236606
6319          31.711796      -0.530643       5.625911
6320          42.866511       0.918937       7.480659
6321          37.836591      -2.233842       8.323466
6322          50.000000      -2.500000      14.951905
6323          50.000000       7.499974       6.291631
6324          38.451058       3.445148       6.128117
6325          33.419040       4.825636       6.821218
6326          30.995745       3.231448      11.102292
6327          50.000000       4.999993      10.621773
6328          50.000000       2.499997      14.951903
6329          50.000000      -0.000000      19.282032
6330          32.647731      17.838514      -4.867221
6331          35.516481      13.168495      -2.851544
6332          42.324983      11.087192      -1.236616
6333          44.847441      16.138373      -0.268000
6334          50.000000      14.999916       1.961459
6335          39.601512      15.730336      -0.701309
6336          35.276400      11.307733       2.995425
6337          30.519206      15.189874       2.923207
6338          32.474147       9.852778       7.024937
6339          27.502894      11.067542       6.892734
6340          50.000000      17.499496       6.291259
6341          10.342635      20.427602       9.826568
6342           0.652264      33.340034      14.169586
6343           1.722612      27.036614      15.663691
6344          -1.728293      30.806804      18.801416
6345          -2.343377      18.136372      27.381732
6346          -1.948521      23.001706      29.007437
6347          20.976784      -7.077744      44.305692
6348          16.354518      -3.307995      36.540344
6349          19.910797      -4.169154      40.155111
6350          -7.485921      20.428976      43.665099
6351          -4.913178      14.779381      40.650249
6352          -2.500000      14.951905      50.000000
6353          -2.886607      21.198628      45.587743
6354          -2.500000      23.612159      50.000000
6355          -4.067489      17.256523      34.132986
6356          -0.000000      19.282032      50.000000
6357          -3.062475      12.389899      45.204561
6358           2.500000      14.951905      50.000000
6359          -0.000000      10.621778      50.000000
6360           5.000000      10.621778      50.000000
6361          -0.188150      11.006650      33.374235
6362           0.218934      13.406817      38.544398
6363           0.850599       3.585492      36.812947
6364           4.361896       1.699433      42.903558
6365           0.230091       9.116818      42.319697
6366           8.922341       0.080607      45.132874
6367           1.767617       8.591147      37.454624
6368           0.252513      23.902466      20.964901
6369           1.480391      20.369402      24.611024
6370           3.530938      17.155585      21.040159
6371           7.062916      19.096011      17.876963
6372           6.797937      24.137873      17.007858
6373           5.935628       2.955176      29.638963
6374          10.816550       1.401922      28.817501
6375           8.125136       7.003400      24.680758
6376           6.071472      13.524973      24.632566
6377           7.643881       8.922612      29.574412
6378           5.850074       7.888466      34.429886
6379          11.944296       4.746173      19.573428
6380          14.833071       1.893762      22.622476
6381          18.326651      12.697120       9.540526
6382          23.061581      10.555827       9.541808
6383          12.070254       9.680834      16.933704
6384          16.808809       7.367722      14.639054
6385          18.369206       1.460186      19.005057
6386          21.365802       4.459681      14.287676
6387          25.773890       5.646799      11.371195
6388          24.826510       1.887800      17.567201
6389          32.764136      -7.497348      28.734917
6390          42.629968      -7.783036      19.362619
6391          41.436426     -13.846154      37.889656
6392          45.068383     -14.996627      33.453828
6393          50.000000     -14.996707      36.573298
6394          50.000000     -12.500000      40.932667
6395          50.000000      -9.999219      36.573195
6396          44.582260     -10.844777      29.468859
6397          50.000000      -5.000000      27.942286
6398          40.084652      -7.108907      26.594888
6399          50.000000      -7.499638      32.266568
6400          50.000000      -2.500000      32.272413
6401          43.907782     -11.122872      43.588632
6402          50.000000      -7.556335      40.154017
6403          50.000000      -7.500000      45.669873
6404          40.000000      -6.698730      50.000000
6405          45.232354      -7.098129      50.000000
6406          50.000000      -5.000000      50.000000
6407          44.026510      35.791898      -9.749177
6408          41.577291      41.575462      -9.269749
6409          50.000000      40.000000      -6.698730
6410          50.000000      34.980038      -6.687542
6411          50.000000      32.498988      -2.369282
6412          26.615849      36.818039      -5.538798
6413          30.938385      31.187535      -6.728813
6414          26.760047      29.125208      -4.758560
6415          24.675134      32.702478      -1.514261
6416          43.222134      25.272140      -5.035271
6417          38.995017      22.210147      -3.308775
6418          33.670746      22.888013      -2.118084
6419          45.362104      42.970850      -5.800336
6420          37.498674      50.000000      -2.369369
6421          50.000000      46.665516      -2.500000
6422          50.000000      42.425446      -2.424979
6423          42.483859      50.000000      -2.384153
6424          46.665516      50.000000      -2.500000
6425          41.961142      32.141726      -5.049322
6426          36.236583      29.765909      -3.411186
6427          39.666962      37.194655      -7.561886
6428          50.000000      50.000000      -0.000000
6429          -2.983721      38.789407      20.329376
6430          -5.198320      28.217097      38.316961
6431          -8.576076      31.994340      40.790689
6432         -11.788514      43.505066      36.712601
6433         -10.577965      37.412176      37.571127
6434          -9.719034      50.000000      36.560328
6435          -4.608829      50.000000      36.740179
6436          -5.652369      45.151423      30.436574
6437          -8.591774      40.800502      32.044412
6438          -2.463930      50.000000      32.274734
6439          -3.641559      44.289851      25.399700
6440          -2.500000      50.000000      23.612159
6441           0.000000      50.000000      27.942286
6442          35.603967      37.735393      -4.569011
6443          30.799619      39.891127      -4.651161
6444          40.647969      44.138763      -3.627400
6445          16.885949      43.776072       0.272931
6446          12.549404      45.231331       3.433423
6447          10.689031      40.057894       2.604766
6448          20.068602      37.599766       0.214107
6449          34.936426      43.629589      -0.892124
6450          25.810406      45.520935      -0.679078
6451          28.434474      41.209524      -0.134124
6452          34.993312      50.000000       1.957663
6453          29.999067      50.000000       1.960985
6454          24.999813      50.000000       1.961416
6455           0.048139      39.087710      14.540287
6456          -1.962653      43.885179      18.406817
6457           2.500000      50.000000      14.951905
6458           2.217036      44.426946      12.228523
6459           8.052931      45.086193       7.098646
6460           5.000000      50.000000      10.621778
6461          17.500000      50.000000       6.291651
6462          10.000000      50.000000      10.621778
6463           2.540488      45.467710      20.794384
6464           2.500000      50.000000      23.612159
6465           7.500000      50.000000      14.951905
6466           5.000000      50.000000      19.282032
6467          15.000000      50.000000      10.621778
6468          22.984444      43.627661       3.089268
6469          24.714269      38.585957       2.670111
6470          15.533304      19.502326       9.538692
6471          24.765053      17.976940       7.554161
6472          20.457724      21.534713       7.833330
6473          23.363050      24.454162       4.048536
6474          27.589037      27.588937      -0.010271
6475          22.528657      29.370450       2.158318
6476          33.254646      28.384685       2.041495
6477          29.286220      21.526886       3.336630
6478          11.023689      25.484706      11.184477
6479          16.573084      26.129190       8.265533
6480          20.187193      17.437205      11.342528
6481          16.235479      15.086812      14.201823
6482          13.940055       8.218311      23.375430
6483          11.706994      17.219748      16.800808
6484          10.805757      12.423364      21.646926
6485          12.611792      44.578085       9.113860
6486           7.504371      41.584918      10.640203
6487          12.658330      38.434327       8.809436
6488          22.500000      50.000000       6.291651
6489          12.376880      32.138834       8.450588
6490          18.163348      31.337794       4.506224
6491          16.928376      36.728864       4.686441
6492          24.851554      33.562807       4.496548
6493          -7.286909      41.474276      41.620124
6494          -7.523070      45.670770      50.000000
6495          -5.765343      50.000000      41.310587
6496          -7.527357      50.000000      45.688616
6497          -5.081366      41.584745      50.000000
6498          -2.719973      45.535500      50.000000
6499          -2.700218      50.000000      45.808986
6500           9.260333      18.146708      22.445044
6501           1.464286      16.149902      31.274039
6502          -3.883310      19.939889      38.961072
6503           6.785086      14.084891      30.264466
6504           6.727743      17.916240      27.001829
6505           6.380317      34.019445      13.653863
6506           9.303578      29.216882      15.400105
6507           4.749200      38.143998      15.968686
6508           0.712295      31.786624      23.462184
6509           2.329279      35.813786      19.676108
6510          -1.061668      23.603367      34.039514
6511          -0.000000      27.527588      27.527588
6512          -6.497402      35.840740      33.969228
6513          -1.541340      30.889077      30.986592
6514          -1.241311      35.465881      28.841158
6515          -4.889835      39.587154      28.082677
6516          -4.420532      36.166466      42.238508
6517          -1.319836      40.251299      50.000000
6518           0.196694      36.485059      50.000000
6519          -0.444315      29.972360      35.844185
6520          -0.890271      31.237487      42.355914
6521          -5.236155      26.965847      43.815058
6522          -0.000000      27.942286      50.000000
6523           2.500000      23.612159      50.000000
6524           2.500000      32.272413      50.000000
6525           0.000000      50.000000      50.000000
6526          22.500000      -2.368603      50.000000
6527          17.500000      -2.368603      50.000000
6528          15.501763      -1.270797      44.855467
6529          15.000000       1.961524      50.000000
6530          20.000000       1.961524      50.000000
6531           8.907175       4.306938      36.979694
6532          11.198782      -0.516212      38.902648
6533          13.049555       2.690942      33.995740
6534           4.569183       7.983759      45.315690
6535           7.500000       6.291651      50.000000
6536          12.772041       3.561963      43.929512
6537          12.500000       6.291651      50.000000
6538          17.500000       6.291651      50.000000
6539          35.968042      -3.730187      23.760589
6540          29.515349      -3.267125      18.091599
6541          36.513027      -3.394514      17.761774
6542          24.199833      -5.674906      37.886184
6543          28.486081      -5.573547      32.090025
6544          30.045305      -8.251170      37.680046
6545          25.000000      -2.936009      43.878295
6546          25.000000       1.961524      50.000000
6547          23.861273      -1.790828      31.964827
6548          14.804515       4.251733      27.118822
6549          18.356055       0.439586      31.859999
6550          21.459777       0.000284      27.854326
6551          23.193554       2.230373      23.624408
6552          28.276325       2.945685      21.695807
6553          42.647587      21.337087       0.706398
6554          45.174588      27.334668      -0.842859
6555          37.780544      22.204664       1.558691
6556          45.569613      19.257698       4.248903
6557          50.000000      24.995641       1.958557
6558          50.000000      22.496976       6.289298
6559          50.000000      29.995419       1.958454
6560          31.571018      -2.568366      26.011982
6561          27.496992      -0.004826      27.619152
6562          32.500000      -2.368603      50.000000
6563          34.980308      -6.687361      50.000000
6564          29.504935      -0.639401      45.628883
6565          37.500000      -2.368603      50.000000
6566          35.000000       1.961524      50.000000
6567          30.000000       1.961524      50.000000
6568          35.969037      -8.440750      43.331238
6569          36.152806      -7.135325      36.035067
6570          42.394992      -7.117898      33.607915
6571          38.208462      -5.871865      31.266635
6572          31.277962      -3.523806      41.800940
6573          33.536010      -1.614675      35.888384
6574          45.208667       5.611170       7.297527
6575          39.943098       8.483334       5.815322
6576          45.153701      10.191561       4.737590
6577          50.000000      12.499902       6.291575
6578          44.774542      -5.279663      24.510459
6579          45.419231      -2.500000      19.427085
6580          50.000000      -2.500000      23.612159
6581          31.637131       2.632583      16.068008
6582          42.873317      -0.767717      15.211400
6583          44.125183       4.487561      12.307502
6584          36.583228       1.550518      11.343512
6585          45.846443       2.366167      17.761387
6586          50.000000       9.999967      10.621753
6587          50.000000      14.999900      10.621700
6588          37.486794       6.941023      11.193642
6589          32.018046       8.202202      12.096220
6590          50.000000      -0.000000      27.942286
6591          50.000000       7.499991      14.951898
6592          50.000000       2.500000      23.612159
6593          50.000000       4.999998      19.282031
6594          36.511904      17.616522       3.141950
6595          42.979579      15.225971       5.813619
6596          40.283487      20.773477       5.677856
6597          33.934382       6.900474      17.514994
6598          27.074024      14.427511      11.750151
6599          35.838719      13.171394       8.992912
6600          32.196628      19.129613       9.387518
6601          31.976083      13.263900      12.267572
6602          44.452207      19.673543       9.146853
6603          50.000000      20.000000      10.621778
6604          14.210883      22.199156      14.892777
6605           5.131660      29.939672      21.075293
6606           3.917750      21.536760      29.081035
6607           4.947622      26.387139      27.730978
6608          19.454535       0.737658      41.390492
6609          22.001629       1.731485      36.232620
6610          17.048865       2.891803      37.313980
6611          25.259780      -0.158347      39.636651
6612          -0.545198      23.392762      41.695931
6613          -0.045167      17.396097      43.881988
6614           2.533962      21.556144      45.328579
6615          10.000000      10.621778      50.000000
6616           3.286265      17.786312      36.527320
6617           5.000000      19.282032      50.000000
6618           7.500000      14.951905      50.000000
6619           5.381252      14.072790      43.175970
6620           7.756912      13.474294      36.370808
6621           7.809893       7.648396      41.017685
6622          17.969236       6.415373      32.981934
6623           6.999645      24.069078      23.701493
6624          12.899218      22.628466      20.878402
6625           9.409059      27.138560      20.310224
6626          12.308103       8.506717      32.147510
6627          11.444596      11.907570      27.451344
6628          11.143720       9.452478      37.265722
6629          17.900263       8.525584      28.055557
6630          19.257662       7.060848      22.438755
6631          23.268989      10.993220      14.715817
6632          16.668640      12.127655      18.983776
6633          24.221059       7.464929      19.318152
6634          28.829443      10.396851      16.515395
6635          25.676967      14.719839      17.324808
6636          15.000000      10.621778      50.000000
6637          12.500000      14.951905      50.000000
6638          34.772068      -2.225913      29.934791
6639          37.918891       1.557322      19.653177
6640          42.162708      -0.000000      22.757901
6641          44.588068      -8.676625      37.935397
6642          50.000000      -2.782648      41.021192
6643          50.000000      -4.999809      36.573158
6644          43.716869      -2.019594      28.924511
6645          38.935336      -0.446005      27.035087
6646          45.610310      -2.980019      34.870282
6647          50.000000      -0.216417      36.757568
6648          50.000000       2.463930      32.274734
6649          41.798218      -4.894113      41.928968
6650          50.000000      -2.342996      45.796552
6651          44.575938      -0.742949      44.980786
6652          42.425488      -2.424951      50.000000
6653          46.665516      -2.500000      50.000000
6654          50.000000       1.224062      41.826599
6655          50.000000      -0.000000      50.000000
6656          43.455109      38.536442      -3.562448
6657          44.118269      31.981307       0.870424
6658          50.000000      37.499916      -2.368659
6659          50.000000      39.921623       1.917680
6660          50.000000      34.999068       1.960899
6661          31.649139      34.184954       1.192194
6662          39.321590      28.034052       1.935026
6663          35.296112      23.884496       5.580254
6664          35.886123      32.115894       4.621722
6665          45.089063      45.089063      -0.413303
6666          40.055792      50.000000       2.056392
6667          50.000000      45.233268       2.197964
6668          45.450821      50.000000       2.304916
6669          50.000000      41.797485       5.792827
6670          38.428209      34.691204       0.825705
6671          40.898054      40.882916       2.207357
6672          37.451140      50.000000       6.323273
6673          50.000000      50.000000       5.000000
6674           1.079524      41.023618      23.363194
6675          -1.724409      36.848052      36.849842
6676          -1.224062      50.000000      41.826599
6677          -3.359388      43.281381      36.575829
6678           0.216417      50.000000      36.757568
6679           2.500000      50.000000      32.272413
6680          -0.670752      42.842128      30.516600
6681           2.497613      38.598205      27.553208
6682           2.002777      45.234886      26.540498
6683           5.000000      50.000000      27.942286
6684          35.559697      39.206726       2.489776
6685          32.494400      50.000000       6.288418
6686          30.570790      38.784182       5.003678
6687          36.647071      44.224297       4.844722
6688          17.516049      41.856927       6.681151
6689          21.325014      38.532692       6.429398
6690          28.572550      44.372349       4.852735
6691          23.245810      45.022535       8.331093
6692          27.500000      50.000000       6.291651
6693          20.000000      50.000000      10.621778
6694           6.088437      42.655317      17.968492
6695           9.666919      38.817371      15.341386
6696          10.105730      44.833633      14.547412
6697          17.570883      45.380619      10.531860
6698          12.500000      50.000000      14.951905
6699           6.939914      43.565789      25.307117
6700           7.500000      50.000000      23.612159
6701          10.000000      50.000000      19.282032
6702          17.500000      50.000000      14.951905
6703          15.000000      50.000000      19.282032
6704          25.737402      39.952088       8.484698
6705          19.668634      23.418701      13.040698
6706          24.293371      18.835839      14.561278
6707          29.059091      19.738596      13.260895
6708          27.255069      23.682377      10.729068
6709          22.383666      28.306230       9.374141
6710          26.187429      28.495657       5.790663
6711          29.618718      33.865956       6.995729
6712          30.952703      28.727090       7.931786
6713          32.531008      24.241967       9.910089
6714          16.918528      30.739426      11.630870
6715          15.020237      35.357284      11.971269
6716          15.731737      27.705876      16.330679
6717          18.322818      18.322818      18.322818
6718          16.806694      13.030218      25.364961
6719          14.890477      17.683144      22.776238
6720          15.319793      40.009826      14.311766
6721          12.767685      33.909547      16.199040
6722          25.000000      50.000000      10.621778
6723          42.489202      50.000000       6.843683
6724          46.597490      50.000000       7.271682
6725          19.801083      35.448430      10.142496
6726          25.767409      33.461502      10.746394
6727          21.531570      29.830902      15.375439
6728          -1.902417      43.990583      43.884653
6729           2.109445      45.516037      50.000000
6730           2.342996      50.000000      45.796552
6731           2.782648      50.000000      41.021192
6732           3.259150      40.931690      50.000000
6733           5.000000      36.579023      50.000000
6734          11.023871      20.449031      27.676798
6735           6.296199      20.122092      33.264626
6736           4.021228      23.465617      36.678192
6737          10.299911      17.101885      33.167794
6738           8.644242      36.314445      21.149005
6739          13.381891      38.228696      19.388914
6740           4.664098      34.295261      26.056264
6741           8.999131      29.411055      27.218958
6742           6.672999      26.366597      32.510477
6743           4.675177      32.586601      32.503738
6744           1.927575      37.245928      32.863286
6745           1.605302      38.738149      43.135995
6746           3.860896      34.377658      38.282640
6747           4.616111      33.413138      44.263109
6748           5.603539      28.549283      38.792441
6749           4.142428      26.290452      44.227889
6750           7.500003      23.612158      50.000000
6751           5.000000      27.942286      50.000000
6752           7.500000      32.272413      50.000000
6753           5.000000      50.000000      50.000000
6754          22.837841       2.263749      45.172020
6755          27.500000       6.291651      50.000000
6756          22.500000       6.291651      50.000000
6757          20.318548       6.734169      43.851348
6758          15.632213       7.462987      39.349397
6759          12.621450      10.523242      44.075547
6760          17.427316      10.477305      45.587368
6761          20.000000      10.621778      50.000000
6762          25.000000      10.621778      50.000000
6763          33.483237       1.695403      22.875046
6764          27.937582       0.792348      35.429514
6765          27.500000       3.117194      42.803146
6766          25.316078       4.669271      33.051215
6767          22.359045       5.653008      28.826603
6768          27.633212       5.111118      26.437617
6769          22.437501       8.877467      32.784265
6770          25.024280       9.579076      25.533028
6771          29.394243       8.306394      21.976510
6772          44.595173      26.300742       4.080319
6773          41.845117      24.798288       9.139681
6774          50.000000      25.004986      10.623114
6775          50.000000      32.500000       6.291651
6776          50.000000      27.476871       6.276198
6777          50.000000      29.856240      10.527723
6778          32.461011       3.182930      28.732337
6779          31.459542       4.124877      33.695019
6780          36.459823      -0.082398      43.925471
6781          32.927072       4.546268      44.437755
6782          39.921792       1.917793      50.000000
6783          37.355956       6.923399      50.000000
6784          32.500000       6.291651      50.000000
6785          38.095403      -2.005809      39.000727
6786          41.368568      -0.108091      34.961819
6787          36.589672       2.132525      33.001171
6788          34.410515       3.656504      38.854295
6789          42.888594      10.493624      12.181831
6790          45.122991      15.219794      12.522073
6791          45.128927       7.826116      16.874809
6792          45.502954       2.035548      26.192580
6793          40.287455       5.821853      17.147541
6794          44.426077       5.415929      21.482227
6795          50.000000      12.499978      14.951888
6796          50.000000      17.500000      14.951905
6797          36.917187      11.463635      15.468182
6798          36.533017       7.734358      22.457093
6799          50.000000       5.000000      27.942286
6800          50.000000      10.000000      19.282032
6801          50.000000       7.500000      23.612159
6802          45.322971      24.518662      13.230877
6803          37.084197      21.927192      10.888104
6804          40.326848      17.323250      12.389925
6805          50.000000      22.500000      14.951905
6806          33.545578      12.488484      19.145039
6807          30.548538      16.009400      16.277092
6808          38.924682      26.065402      13.756451
6809          33.647256      24.327634      14.936789
6810          35.814326      18.850493      16.019185
6811          39.901876      15.633081      17.180998
6812          50.000000      27.529915      14.959921
6813          44.322599      18.143052      16.795119
6814          50.000000      20.000000      19.282032
6815          19.105306      24.186014      20.142556
6816          13.662921      29.107299      22.491149
6817          10.562942      25.159100      29.492904
6818          23.779197       7.166913      37.405397
6819           6.850540      21.100373      42.643444
6820          10.291106      16.563350      44.914957
6821           8.404269      18.107974      38.668441
6822          10.000003      19.282031      50.000000
6823          12.622821      15.261693      39.796127
6824          19.222346      11.732760      35.678880
6825          15.000003      19.282031      50.000000
6826          15.272182      24.005896      25.981764
6827          15.376204      15.589346      31.815377
6828          20.304846      15.894524      32.984535
6829          16.731033      20.895410      31.214459
6830          22.517486      12.851139      29.579595
6831          23.565657      13.859752      21.939513
6832          29.445521      21.531801      17.935629
6833          29.205033      13.939357      21.379310
6834          23.760181      19.771725      20.496782
6835          15.787567      15.145904      44.638966
6836          17.500000      14.951905      50.000000
6837          22.500000      14.951905      50.000000
6838          50.000000      25.000000      19.282032
6839          38.243319       4.736072      28.290615
6840          44.957699      -0.259348      39.346231
6841          44.202124       4.527227      30.574029
6842          50.000000       4.608829      36.740179
6843          50.000000       7.500000      32.272413
6844          41.766628       3.416286      42.250470
6845          50.000000       2.700218      45.808986
6846          45.233268       2.197964      50.000000
6847          50.000000       5.765343      41.310587
6848          41.797485       5.792827      50.000000
6849          45.669873       7.500000      50.000000
6850          50.000000       7.527357      45.688616
6851          50.000000       5.000000      50.000000
6852          42.319766      33.058673       6.989674
6853          44.863214      36.970032       3.629812
6854          50.000000      37.355798       6.923294
6855          50.000000      33.929069      10.058758
6856          50.000000      45.669873       7.500000
6857          50.000000      41.339746      10.000000
6858          35.323138      36.248274       7.801446
6859          37.317160      29.415456       8.883639
6860          34.946505      50.000000      10.364946
6861          30.000000      50.000000      10.621778
6862          43.771844      43.108734       8.063978
6863          40.620197      38.338881       8.418218
6864          38.726710      44.251775       9.938736
6865          39.758996      50.000000      10.599595
6866          37.346043      50.000000      13.704041
6867          50.000000      50.000000      10.000000
6868           8.586073      38.506080      26.054325
6869           3.230387      42.617818      37.095927
6870           4.156160      44.794636      32.171159
6871           7.499638      50.000000      32.266568
6872           4.999809      50.000000      36.573158
6873           6.246082      39.735266      30.732183
6874           9.339923      44.804256      30.445634
6875          10.000000      50.000000      27.942286
6876          12.498608      50.000000      32.266688
6877          32.510730      43.057645       9.054352
6878          30.584222      37.987841      10.581510
6879          36.060330      40.025949      11.292339
6880          21.529996      43.216314      13.156470
6881          27.252300      44.599724      11.972519
6882          22.500000      50.000000      14.951905
6883          12.676529      43.585934      19.489247
6884          13.318854      41.727443      26.024929
6885          17.200151      44.711276      16.522927
6886          12.500000      50.000000      23.612159
6887          20.000000      50.000000      19.282032
6888          14.998925      50.000000      27.940481
6889          17.499821      50.000000      23.611858
6890          25.000000      50.000000      19.282032
6891          22.500000      50.000000      23.612159
6892          25.494045      39.370370      14.042846
6893          24.776573      25.089222      17.835663
6894          28.903646      28.063478      14.561478
6895          31.032155      33.716617      14.228776
6896          35.017701      29.726188      14.027990
6897          18.339327      35.305163      15.716253
6898          18.862364      30.095643      20.206449
6899          19.118481      19.645987      26.409251
6900          20.498249      42.048318      20.066910
6901          16.822056      34.930396      21.937262
6902          17.550636      39.772814      23.705720
6903          33.002860      50.000000      15.199805
6904          27.500000      50.000000      14.951905
6905          45.113021      50.000000      11.753174
6906          50.000000      45.669873      12.500000
6907          23.835579      35.257278      17.452040
6908          24.698438      30.453747      21.915485
6909          27.775384      31.871373      17.946411
6910           9.999219      50.000000      36.573195
6911           4.347782      44.257196      44.281705
6912           7.500000      45.669873      50.000000
6913           7.500000      50.000000      45.669873
6914           7.556335      50.000000      40.154017
6915          12.500015      23.612151      50.000000
6916           6.436214      38.276154      45.212507
6917           7.651830      40.137671      50.000000
6918          10.000000      36.575103      50.000000
6919          10.286587      21.950886      35.692187
6920           9.500616      25.353331      39.372291
6921          15.147708      19.863605      37.691209
6922          12.598265      35.120278      27.197773
6923           9.721230      31.573660      31.875662
6924          14.632251      30.136390      27.710380
6925          11.124371      28.808380      36.031093
6926           8.684964      32.648828      38.391736
6927           8.938160      36.149760      34.656532
6928           8.353338      37.988669      40.293912
6929          10.476377      31.684796      43.096400
6930          10.453958      25.716232      44.341898
6931          10.000000      27.942286      50.000000
6932          17.500341      23.611962      50.000000
6933          12.500000      32.272413      50.000000
6934          15.000091      27.942234      50.000000
6935          12.500000      40.932667      50.000000
6936          12.500000      50.000000      46.454483
6937          12.500000      46.454483      50.000000
6938          10.000000      50.000000      50.000000
6939          41.339746      10.000000      50.000000
6940          37.315467      12.402330      50.000000
6941          33.927531      10.059535      50.000000
6942          29.850423      10.526164      50.000000
6943          27.500000      14.951905      50.000000
6944          32.679492      15.000000      50.000000
6945          26.101495       9.745434      43.351065
6946          20.428727      13.261004      42.066511
6947          25.493485      24.892277      23.675900
6948          32.695705       8.207886      26.419868
6949          30.033197       7.938477      37.136282
6950          32.672033      10.891141      42.045313
6951          26.876569      12.986200      35.053868
6952          31.995805      13.698792      26.306423
6953          29.027024       7.640814      30.824572
6954          26.678047      14.608952      26.612990
6955          44.435111      29.483356      10.715916
6956          50.000000      37.274947      12.403238
6957          50.000000      32.743908      14.982714
6958          35.190203       7.670042      33.515027
6959          37.865580       7.987674      43.884882
6960          40.152605       5.729198      36.712935
6961          35.939421      11.145734      37.668737
6962          43.617861      12.500000      18.719475
6963          42.865180       9.972801      25.071239
6964          50.000000      15.000000      19.282032
6965          37.618546      14.364617      21.559246
6966          37.526085      11.169645      28.539503
6967          50.000000      10.000000      27.942286
6968          50.000000      12.500000      23.612159
6969          50.000000      12.500000      32.272413
6970          50.000000      17.500000      23.612159
6971          40.467149      31.175235      14.256435
6972          44.802560      28.705017      17.093282
6973          42.042769      23.682099      17.408433
6974          34.129298      20.847298      21.408091
6975          43.055899      18.887353      22.616229
6976          37.264157      27.956436      19.177680
6977          32.350085      25.233430      19.710047
6978          38.092216      18.860375      24.075788
6979          50.000000      29.850519      19.397837
6980          44.891786      24.103861      22.152167
6981          50.000000      22.500000      23.612159
6982          19.601088      27.769441      25.163916
6983          15.167352      26.176192      31.353114
6984          22.965400      16.006805      37.815309
6985          15.084029      20.570654      43.301856
6986          19.344955      18.370328      40.950730
6987          20.000000      19.282032      50.000000
6988          17.425532      24.243454      36.783867
6989          20.033375      24.661957      32.515515
6990          20.288316      20.364086      35.387516
6991          24.879974      18.247484      31.696824
6992          27.801564      19.633872      24.973232
6993          23.318084      17.848584      44.489400
6994          25.008338      19.277218      50.000000
6995          50.000000      27.475087      23.631460
6996          42.233111      10.149286      32.871940
6997          44.563513       9.055533      38.356686
6998          50.000000       9.719034      36.560328
6999          50.000000      10.000000      41.339746
7000          44.098405       8.936939      44.100564
7001          50.000000      14.919241      41.469625
7002          50.000000      12.463925      45.643219
7003          45.669873      12.500000      50.000000
7004          50.000000      10.000000      50.000000
7005          44.028659      35.778230      12.243832
7006          45.531079      43.049940      12.957465
7007          50.000000      41.341977      14.996136
7008          50.000000      37.311853      17.553369
7009          36.756443      36.188624      14.696718
7010          35.598892      44.092337      14.462669
7011          40.825397      40.831190      13.703009
7012          41.138794      50.000000      15.096249
7013          37.189209      50.000000      17.630439
7014          50.000000      45.683258      17.476817
7015          50.000000      50.000000      15.000000
7016          16.023342      38.741933      30.286181
7017           8.995897      44.205169      37.957564
7018          13.115291      42.211970      34.012826
7019          15.904283      45.132848      30.301557
7020          14.996707      50.000000      36.573298
7021          17.494940      50.000000      32.267306
7022          30.228541      41.476648      16.149686
7023          25.290022      44.375440      17.544714
7024          18.836615      44.396108      25.725296
7025          23.884423      44.667946      23.534592
7026          19.996338      50.000000      27.940850
7027          29.933699      50.000000      19.534017
7028          34.016247      50.000000      19.802606
7029          27.500000      50.000000      23.612159
7030          25.000000      50.000000      27.942286
7031          25.911512      39.573527      20.223552
7032          30.825897      36.601707      19.290306
7033          31.257197      29.882102      21.285661
7034          34.401581      32.851320      18.246364
7035          22.185354      36.306666      22.686100
7036          18.933595      33.170384      28.948251
7037          24.455329      29.882454      27.794524
7038          24.032205      23.969333      29.303862
7039          28.592436      31.234515      25.309332
7040          21.447528      39.119636      27.457122
7041          33.001581      44.639305      19.628859
7042          44.107163      43.946010      17.878247
7043          45.669873      50.000000      17.500000
7044          50.000000      41.339746      20.000000
7045          41.339746      50.000000      20.000000
7046          27.582805      35.991461      24.096066
7047          37.249843      50.000000      22.411316
7048          12.500000      50.000000      40.932667
7049          10.823367      43.693575      43.693575
7050          15.000000      36.570422      50.000000
7051          17.180193      25.148972      44.942246
7052          22.501390      23.611357      50.000000
7053          12.501217      37.871837      44.668857
7054          14.982954      26.738539      40.389860
7055          14.197399      33.569027      33.568474
7056          16.545766      29.146507      35.699708
7057          14.598589      35.148993      39.714482
7058          12.734928      39.669037      38.380130
7059          15.706912      30.234527      44.831156
7060          20.000547      27.941971      50.000000
7061          17.500064      32.268673      50.000000
7062          17.500000      40.621123      50.000000
7063          20.000002      36.578369      50.000000
7064          17.499063      50.000000      40.621008
7065          17.500000      45.669873      50.000000
7066          17.500000      50.000000      45.669873
7067          15.000000      50.000000      50.000000
7068          29.844248      19.395014      50.000000
7069          41.339746      15.000000      50.000000
7070          33.911546      19.879328      50.000000
7071          36.813130      13.742798      44.562421
7072          37.254812      17.490583      50.000000
7073          31.421132      15.723288      44.589050
7074          27.755393      17.159532      40.603506
7075          31.508714      25.048371      25.791299
7076          34.921332      19.620614      28.092842
7077          33.592474      14.202369      33.503040
7078          32.660775      15.367954      38.816951
7079          29.203552      17.530940      35.681304
7080          30.125414      17.102536      30.276270
7081          45.381655      33.962361      17.260721
7082          50.000000      33.914043      19.843667
7083          36.419675      36.957919      20.892848
7084          40.105143      34.310425      18.375634
7085          50.000000      37.341248      23.000093
7086          39.295532      14.959164      34.243840
7087          40.445335      12.500000      40.454014
7088          44.857670      14.992322      26.032721
7089          41.276272      17.440871      29.389543
7090          50.000000      15.000000      27.942286
7091          50.000000      20.000000      27.942286
7092          45.088104      15.030895      33.780588
7093          50.000000      14.925717      36.739460
7094          50.000000      17.533370      32.225710
7095          44.530155      21.826472      27.386197
7096          42.564010      31.219992      21.741858
7097          38.957112      25.129260      24.954903
7098          37.523094      30.537584      24.193352
7099          39.263043      22.171938      29.156231
7100          50.000000      32.500000      23.612159
7101          44.476171      27.548878      26.483092
7102          50.000000      25.000000      27.942286
7103          21.926218      29.379597      33.488193
7104          20.633076      27.856309      39.053057
7105          24.483056      20.836049      38.958365
7106          21.371590      23.077141      42.455184
7107          24.623306      24.389087      35.178457
7108          29.777563      21.907483      33.039419
7109          27.288031      22.289137      43.984942
7110          27.509960      23.606409      50.000000
7111          25.001892      27.941194      50.000000
7112          50.000000      30.000000      27.942286
7113          50.000000      22.500000      32.272413
7114          45.062731      15.075997      39.211685
7115          43.420098      16.396725      44.297036
7116          50.000000      18.750917      40.530435
7117          50.000000      17.283551      45.509948
7118          45.669873      17.500000      50.000000
7119          50.000000      15.000000      50.000000
7120          43.317784      38.140147      19.768628
7121          38.342036      43.574593      20.006641
7122          50.000000      45.750180      22.360903
7123          45.678680      50.000000      22.500146
7124          50.000000      50.000000      20.000000
7125          50.000000      41.821590      24.165421
7126          19.755624      36.568531      34.252565
7127          20.666258      42.850966      34.006340
7128          17.491005      45.288364      37.704719
7129          22.484340      50.000000      32.271012
7130          19.985301      50.000000      36.573296
7131          29.166059      42.980698      23.140923
7132          25.837081      43.666945      28.588162
7133          32.705627      50.000000      24.237453
7134          29.761804      50.000000      28.079809
7135          27.406040      50.000000      32.264006
7136          32.306538      38.662600      24.110594
7137          34.126032      34.269886      26.726382
7138          25.274917      34.766614      31.022811
7139          29.957298      29.944833      29.956243
7140          28.171514      27.971065      34.322886
7141          30.167545      35.150614      29.763702
7142          24.727337      39.925077      32.203467
7143          35.553472      43.832301      25.897856
7144          42.915468      45.574797      22.693003
7145          41.383108      50.000000      25.000471
7146          31.507236      40.015312      29.304833
7147          33.570826      50.000000      28.767420
7148          37.255013      50.000000      27.167961
7149          19.871756      45.372095      42.827142
7150          16.919829      40.940336      40.940390
7151          20.656370      38.251102      44.478714
7152          23.626036      28.455036      44.117052
7153          20.000393      32.936047      42.235205
7154          21.233339      32.729804      37.281999
7155          20.058314      37.205440      39.437504
7156          22.500408      32.267496      50.000000
7157          30.001975      27.941146      50.000000
7158          24.927469      50.000000      36.569578
7159          22.500000      40.932667      50.000000
7160          25.000009      36.598616      50.000000
7161          22.500000      50.000000      40.932667
7162          22.500000      45.810978      50.000000
7163          22.461334      50.000000      46.466627
7164          20.000000      50.000000      50.000000
7165          31.943285      20.735724      45.373450
7166          32.443163      23.591054      50.000000
7167          41.372047      20.000000      50.000000
7168          37.151425      23.008294      50.000000
7169          35.530615      18.671981      42.180242
7170          31.454335      21.569157      38.817800
7171          35.546780      25.684789      31.199700
7172          36.226831      20.084391      34.459415
7173          44.781400      35.616255      24.741536
7174          38.726984      37.257099      25.540626
7175          50.000000      39.824071      27.860031
7176          50.000000      35.000000      27.942286
7177          42.432222      19.143081      36.754301
7178          45.246146      20.143605      32.367776
7179          50.000000      20.200218      36.463427
7180          42.621765      25.000000      31.841667
7181          40.585219      33.696591      28.839832
7182          39.605374      28.449307      29.091889
7183          45.303786      31.494283      29.966313
7184          50.000000      27.500000      32.272413
7185          26.269295      31.980029      36.864957
7186          27.501922      26.775608      39.766981
7187          27.500000      32.272413      50.000000
7188          32.769782      29.025281      36.296946
7189          33.304069      25.180050      43.273768
7190          29.211476      29.268544      44.553655
7191          34.764132      27.627610      50.000000
7192          50.000000      32.500000      32.272413
7193          50.000000      25.000000      36.602540
7194          42.288416      22.427389      43.223311
7195          50.000000      22.780305      40.009741
7196          38.670673      27.432605      50.000000
7197          41.673794      24.948141      50.000000
7198          45.675257      22.500000      50.000000
7199          50.000000      22.682227      44.668542
7200          50.000000      20.000000      50.000000
7201          41.659800      41.542493      25.762006
7202          45.679354      50.000000      27.500404
7203          50.000000      45.002195      27.704714
7204          50.000000      50.000000      25.000000
7205          44.084702      45.032991      29.263041
7206          41.396630      50.000000      30.002424
7207          24.860569      37.822154      37.820034
7208          28.064693      43.305330      34.599187
7209          23.948233      44.660263      38.297196
7210          31.396459      45.291290      29.918482
7211          31.861695      50.000000      32.334340
7212          29.674433      50.000000      36.414574
7213          33.661821      50.000000      35.725458
7214          37.763239      39.236150      30.249084
7215          37.553766      32.050423      33.918672
7216          30.931790      35.281851      34.770630
7217          31.611327      40.089453      36.593206
7218          38.708624      44.738874      30.417276
7219          35.070947      43.264454      34.391619
7220          36.597458      50.000000      32.417719
7221          24.742917      42.228959      43.387736
7222          25.914818      35.231657      43.699973
7223          32.500329      32.272223      50.000000
7224          30.000055      36.578991      50.000000
7225          28.066516      50.000000      40.876129
7226          27.500000      40.932667      50.000000
7227          27.306672      50.000000      45.730594
7228          27.500000      45.985833      50.000000
7229          25.000000      50.000000      50.000000
7230          50.000000      41.602540      31.754265
7231          38.280840      25.350958      45.126957
7232          37.964914      25.201953      38.098412
7233          44.480910      38.178310      29.897852
7234          50.000000      37.350423      32.186055
7235          40.967837      36.636599      33.359844
7236          44.103461      26.909362      38.079872
7237          43.556340      32.524198      35.118182
7238          50.000000      29.997582      36.602265
7239          31.897818      33.452558      41.846784
7240          36.586360      32.350894      39.280912
7241          36.454969      30.276120      44.326488
7242          37.808405      32.004066      50.000000
7243          50.000000      34.975071      36.564630
7244          50.000000      27.510424      41.110032
7245          44.634092      27.368551      44.500539
7246          41.955612      29.574911      50.000000
7247          50.000000      27.527521      46.152914
7248          45.775916      27.396057      50.000000
7249          50.000000      25.000000      50.000000
7250          42.464074      42.331458      33.779263
7251          50.000000      46.016985      32.792377
7252          45.669873      50.000000      32.500000
7253          50.000000      50.000000      30.000000
7254          41.420207      50.000000      35.014546
7255          37.191230      50.000000      37.657105
7256          31.574862      41.700096      41.522819
7257          31.676952      45.364049      37.769589
7258          32.984291      50.000000      39.803554
7259          37.492519      37.283307      37.129178
7260          39.322847      44.784005      37.764181
7261          32.501052      37.840932      45.295247
7262          35.000064      36.575066      50.000000
7263          32.496360      40.642264      50.000000
7264          32.477340      50.000000      45.393282
7265          32.500000      45.669873      50.000000
7266          30.000000      50.000000      50.000000
7267          50.000000      39.479116      36.220830
7268          50.000000      43.055159      35.806132
7269          41.888586      31.513442      41.886986
7270          44.210381      38.030077      37.880972
7271          50.000000      32.446647      40.178924
7272          37.631998      36.328505      43.750819
7273          42.036283      33.447500      50.000000
7274          39.971026      36.832413      50.000000
7275          50.000000      37.250157      40.947819
7276          50.000000      32.500000      45.669873
7277          45.811782      32.196529      50.000000
7278          50.000000      30.000000      50.000000
7279          44.824849      44.660302      38.098971
7280          45.688481      50.000000      37.467771
7281          50.000000      46.307290      37.696623
7282          50.000000      50.000000      35.000000
7283          41.361455      50.000000      39.962399
7284          37.009619      50.000000      42.500000
7285          36.570774      44.081270      44.362469
7286          41.960986      42.108943      41.964911
7287          37.429971      41.333482      50.000000
7288          37.439765      50.000000      46.652421
7289          37.437310      46.563225      50.000000
7290          35.000000      50.000000      50.000000
7291          50.000000      41.869864      40.566565
7292          43.599939      36.783067      44.193830
7293          42.053298      40.671200      50.000000
7294          45.055686      37.217109      50.000000
7295          50.000000      37.709981      45.745650
7296          50.000000      35.000000      50.000000
7297          45.237799      45.293189      44.437074
7298          45.781518      50.000000      42.306624
7299          50.000000      46.226036      42.582417
7300          50.000000      50.000000      40.000000
7301          41.856048      50.000000      45.394201
7302          42.050628      45.464850      50.000000
7303          40.000000      50.000000      50.000000
7304          50.000000      42.802786      45.855037
7305          45.759180      42.508143      50.000000
7306          50.000000      40.000000      50.000000
7307          46.339746      50.000000      46.339746
7308          46.339746      46.339746      50.000000
7309          50.000000      46.376274      46.376274
7310          50.000000      50.000000      45.000000
7311          45.000000      50.000000      50.000000
7312          50.000000      45.000000      50.000000
7313          50.000000      50.000000      50.000000
