#id_node              x              y              z
1            -50.000000     -50.000000     -50.000000
2            -50.000000     -40.000000     -50.000000
3            -50.000000     -45.000000     -50.000000
4            -46.339746     -46.339746     -50.000000
5            -40.000000     -50.000000     -50.000000
6            -45.000000     -50.000000     -50.000000
7            -50.000000     -35.000000     -50.000000
8            -35.000000     -50.000000     -50.000000
9            -50.000000     -46.339746     -46.339746
10           -46.339746     -50.000000     -46.339746
11           -50.000000     -50.000000     -45.000000
12           -50.000000     -50.000000     -40.000000
13           -30.000000     -50.000000     -50.000000
14           -50.000000     -25.000000     -50.000000
15           -50.000000     -42.306624     -45.781518
16           -50.000000     -37.462399     -45.691582
17           -45.781518     -42.306624     -50.000000
18           -45.694165     -37.480327     -50.000000
19           -37.467771     -50.000000     -45.688481
20           -37.354785     -46.670982     -50.000000
21           -45.284895     -44.430556     -45.284895
22           -41.864915     -45.389808     -50.000000
23           -42.306624     -50.000000     -45.781518
24           -50.000000     -32.500000     -45.669873
25           -50.000000     -34.988362     -41.346465
26           -50.000000     -30.000000     -50.000000
27           -45.669873     -32.500000     -50.000000
28           -41.360567     -39.983138     -50.000000
29           -32.500000     -50.000000     -45.669873
30           -27.737665     -46.743199     -50.000000
31           -37.072572     -42.448510     -50.000000
32           -37.009619     -37.500000     -50.000000
33           -32.546010     -45.557285     -50.000000
34           -32.698015     -40.259731     -50.000000
35           -25.000000     -50.000000     -50.000000
36           -20.000000     -50.000000     -50.000000
37           -50.000000     -15.000000     -50.000000
38           -50.000000     -20.000000     -50.000000
39           -27.961000     -42.802981     -50.000000
40           -50.000000     -50.000000     -35.000000
41           -50.000000     -50.000000     -30.000000
42           -50.000000     -45.394968     -41.855605
43           -45.394201     -50.000000     -41.856048
44           -50.000000     -46.650635     -37.500000
45           -46.660959     -50.000000     -37.443340
46           -50.000000     -39.967771     -41.358354
47           -50.000000     -42.500000     -37.009619
48           -50.000000     -37.500000     -37.009619
49           -27.499983     -50.000000     -45.669863
50           -23.181313     -45.355731     -50.000000
51           -45.675676     -22.498735     -50.000000
52           -50.000000     -27.500000     -45.669873
53           -45.666608     -27.507234     -50.000000
54           -50.000000     -22.500000     -45.669873
55           -44.148902     -36.726827     -44.152926
56           -41.353029     -35.092203     -50.000000
57           -50.000000     -30.000000     -41.339746
58           -50.000000     -27.500000     -37.009619
59           -34.987317     -50.000000     -41.340899
60           -29.997584     -50.000000     -41.339389
61           -32.500164     -50.000000     -37.002907
62           -39.962399     -50.000000     -41.361455
63           -37.493733     -50.000000     -36.976223
64           -42.500000     -50.000000     -37.009619
65           -36.533221     -44.412354     -43.340290
66           -42.028991     -42.029890     -42.025166
67           -50.000000     -32.500000     -37.009619
68           -45.362730     -34.289159     -38.865349
69           -45.311291     -30.000000     -45.306852
70           -41.285996     -30.058230     -50.000000
71           -37.990431     -36.597259     -43.660862
72           -37.143069     -32.994987     -50.000000
73           -33.084322     -35.701187     -50.000000
74           -27.448035     -44.527824     -44.750827
75           -33.056718     -37.944614     -45.164340
76           -31.238970     -41.701041     -41.847356
77           -33.737261     -31.458548     -50.000000
78           -31.861382     -28.261959     -50.000000
79           -29.944569     -32.470403     -50.000000
80           -28.143614     -37.593976     -50.000000
81           -15.000000     -50.000000     -50.000000
82           -10.000000     -50.000000     -50.000000
83           -50.000000     -10.000000     -50.000000
84           -50.000000      -5.000000     -50.000000
85           -41.373904     -24.985177     -50.000000
86           -36.652961     -27.864204     -50.000000
87           -50.000000     -25.000000     -41.339746
88           -17.500000     -45.669873     -50.000000
89           -22.500000     -50.000000     -45.669873
90           -17.500000     -50.000000     -45.669873
91            -5.000000     -50.000000     -50.000000
92            15.000000     -50.000000     -50.000000
93           -45.669873     -17.500000     -50.000000
94           -45.669873     -12.500000     -50.000000
95           -50.000000     -12.500000     -45.669873
96           -50.000000     -17.500000     -45.669873
97           -50.000000     -20.000000     -41.339746
98           -50.000000     -15.000000     -41.339746
99           -45.093578     -19.799874     -45.093578
100          -41.343672     -20.000000     -50.000000
101          -41.363305     -15.000000     -50.000000
102          -24.308192     -40.940331     -50.000000
103          -15.000525     -41.340257     -50.000000
104          -20.000000     -41.339746     -50.000000
105          -22.500000     -37.009619     -50.000000
106          -50.000000     -45.556738     -32.554947
107          -45.557285     -50.000000     -32.546010
108          -46.704150     -50.000000     -27.696982
109          -50.000000     -46.687329     -27.720877
110          -50.000000     -50.000000     -25.000000
111          -50.000000     -35.000000     -32.679492
112          -50.000000     -50.000000     -20.000000
113          -50.000000     -50.000000     -15.000000
114          -44.408891     -44.408891     -35.063253
115          -43.587420     -38.296833     -35.876050
116          -50.000000     -40.126239     -32.658734
117          -40.150404     -50.000000     -32.577471
118          -42.664190     -50.000000     -27.874186
119          -50.000000     -42.598628     -27.922080
120          -50.000000     -37.536629     -28.267831
121          -37.653481     -50.000000     -28.213781
122          -50.000000     -50.000000       5.000000
123          -50.000000     -50.000000      -0.000000
124          -32.436945     -50.000000     -28.295325
125          -24.999896     -50.000000     -41.339686
126          -19.999888     -50.000000     -41.339681
127          -22.499891     -42.967071     -42.783099
128          -22.499487     -50.000000     -37.009323
129          -27.498310     -50.000000     -37.006395
130          -24.997363     -50.000000     -32.677970
131          -22.500000     -50.000000     -28.349365
132          -50.000000     -25.000000     -32.679492
133          -50.000000     -30.000000     -32.679492
134          -50.000000     -22.500000     -37.009619
135          -43.117724     -24.474861     -43.109893
136          -41.739488     -31.679744     -41.731037
137          -43.969134     -27.793570     -37.635271
138          -32.690986     -44.693976     -37.657718
139          -26.788624     -44.345091     -38.839692
140          -29.993114     -50.000000     -32.662027
141          -35.032636     -50.000000     -32.622281
142          -37.353601     -43.589293     -35.278899
143          -36.189202     -45.373515     -30.524667
144          -37.258683     -37.259274     -37.258683
145          -42.384828     -32.200126     -33.772473
146          -40.024303     -36.605876     -32.583418
147          -36.788504     -31.952916     -39.070963
148          -29.769698     -24.178781     -50.000000
149          -36.404917     -28.314585     -43.476007
150          -33.848144     -24.843733     -50.000000
151          -37.210638     -22.411061     -50.000000
152          -27.467149     -28.368332     -50.000000
153          -32.483527     -33.437162     -42.376571
154          -29.730489     -37.097853     -39.764164
155          -26.110564     -35.347386     -43.779328
156          -29.686521     -29.234503     -44.889020
157          -25.113488     -32.789964     -50.000000
158          -12.500000     -37.009619     -50.000000
159          -10.000000     -41.339746     -50.000000
160          -12.499999     -50.000000     -45.669873
161          -12.500000     -45.669873     -50.000000
162           -7.500000     -45.669873     -50.000000
163           -7.500000     -50.000000     -45.669873
164           10.000000     -50.000000     -50.000000
165            5.000000     -50.000000     -50.000000
166           -0.000000     -50.000000     -50.000000
167          -50.000000      50.000000     -50.000000
168          -50.000000      25.000000     -50.000000
169          -50.000000       5.000000     -50.000000
170          -50.000000      -7.500000     -45.669873
171          -45.718969      -7.500000     -50.000000
172          -50.000000       0.000000     -50.000000
173          -50.000000      -2.500000     -45.669873
174          -45.669873      -2.500000     -50.000000
175          -50.000000      10.000000     -50.000000
176          -50.000000      15.000000     -50.000000
177          -32.751023     -19.826299     -50.000000
178          -38.417408     -21.504151     -44.476654
179          -37.222646     -17.433522     -50.000000
180          -41.634322     -10.000000     -50.000000
181          -37.118318     -11.868580     -50.000000
182          -50.000000     -20.000000     -32.679492
183          -50.000000     -22.500000     -28.349365
184          -50.000000     -10.000000     -41.339746
185          -44.574716     -20.533563     -37.496240
186          -50.000000     -17.500000     -37.009619
187          -50.000000     -12.500000     -37.009619
188          -50.000000     -15.000000     -32.679492
189          -50.000000      40.000000     -50.000000
190          -50.000000      45.000000     -50.000000
191          -41.778704      -4.993705     -50.000000
192          -38.612159      -7.500000     -50.000000
193          -33.968305     -14.912021     -50.000000
194          -29.808134     -15.299206     -50.000000
195          -32.381950     -11.116318     -50.000000
196          -37.272413      -2.500000     -50.000000
197          -50.000000     -50.000000      10.000000
198          -18.119409     -40.275968     -44.883810
199          -19.999561     -50.000000     -32.679238
200          -17.499841     -50.000000     -37.009527
201          -13.801296     -43.534539     -43.627125
202          -17.670691     -45.514311     -41.028757
203          -12.499974     -50.000000     -37.009604
204          -14.999950     -50.000000     -41.339717
205           -9.999996     -50.000000     -41.339743
206           50.000000     -50.000000     -50.000000
207            2.500000     -45.669873     -50.000000
208            2.500000     -50.000000     -45.669873
209            7.500000     -45.669873     -50.000000
210           12.500000     -50.000000     -45.669873
211           12.500000     -45.669873     -50.000000
212           -2.500000     -45.669873     -50.000000
213           -2.500000     -50.000000     -45.669873
214           -5.000000     -41.339746     -50.000000
215            0.000000     -41.339746     -50.000000
216           40.000000     -50.000000     -50.000000
217           25.000000     -50.000000     -50.000000
218           35.000000     -50.000000     -50.000000
219           17.500000     -50.000000     -45.669873
220           20.000000     -50.000000     -50.000000
221           17.500000     -45.669873     -50.000000
222           45.000000     -50.000000     -50.000000
223           30.000000     -50.000000     -50.000000
224           -7.500000     -37.009619     -50.000000
225           -2.500000     -37.009619     -50.000000
226          -50.000000      35.000000     -50.000000
227          -43.906132     -12.318819     -43.906132
228          -41.535707     -17.707750     -41.535619
229          -45.580273     -13.642584     -39.345671
230          -39.163614     -14.508707     -45.130982
231          -50.000000      -5.000000     -41.339746
232          -50.000000      -7.500000     -37.009619
233          -50.000000      -2.500000     -37.009619
234          -50.000000      -5.000000     -32.679492
235          -50.000000     -10.000000     -32.679492
236          -50.000000     -50.000000      15.000000
237          -50.000000     -50.000000      20.000000
238          -50.000000     -50.000000      25.000000
239          -50.000000     -50.000000      35.000000
240          -50.000000     -50.000000      40.000000
241          -50.000000     -50.000000      45.000000
242          -50.000000     -50.000000      50.000000
243          -12.149772     -38.260433     -44.549551
244          -20.878503     -34.921557     -45.131633
245          -17.503152     -37.012688     -50.000000
246          -20.018914     -32.697904     -50.000000
247          -15.003678     -32.683072     -50.000000
248          -22.499997     -28.349367     -50.000000
249          -17.503865     -28.353131     -50.000000
250          -27.429593     -19.705765     -50.000000
251          -50.000000     -27.500000     -28.349365
252          -44.601749     -44.599380     -25.906509
253          -45.299275     -50.000000     -23.064713
254          -40.107840     -50.000000     -23.749310
255          -50.000000     -45.281278     -23.127360
256          -50.000000     -41.961524     -20.000000
257          -50.000000     -40.009865     -23.969437
258          -50.000000     -37.410249     -19.740929
259          -44.863807     -30.003309     -29.062462
260          -44.696086     -36.419219     -30.453589
261          -50.000000     -34.985040     -24.027875
262          -50.000000     -29.997504     -24.020679
263          -50.000000     -32.503195     -28.337456
264          -50.000000     -50.000000      -5.000000
265          -50.000000     -50.000000     -10.000000
266          -45.669873     -50.000000     -17.500000
267          -50.000000     -45.669873     -17.500000
268          -41.915838     -50.000000     -19.829498
269          -50.000000     -45.595094     -12.554490
270          -45.595844     -50.000000     -12.550709
271          -41.417247     -41.396822     -30.516803
272          -38.987986     -44.934698     -26.152455
273          -43.597233     -38.662954     -25.170046
274          -35.022956     -50.000000     -23.939761
275          -27.484181     -50.000000     -28.340232
276          -29.978526     -50.000000     -24.006840
277          -40.704075     -50.000000     -15.208258
278          -37.500000     -50.000000     -19.689111
279          -36.500973     -44.064924     -21.177969
280          -14.999884     -50.000000     -32.679425
281          -17.499927     -50.000000     -28.349323
282          -20.000000     -50.000000     -24.019238
283          -25.000000     -50.000000     -24.019238
284          -50.000000     -32.499991     -19.689117
285          -50.000000     -45.669873       7.500000
286          -46.597490     -50.000000       7.271682
287          -50.000000     -46.665516      -2.500000
288          -46.665516     -50.000000      -2.500000
289          -45.450821     -50.000000       2.304916
290          -50.000000     -45.233268       2.197964
291          -50.000000     -41.797485       5.792827
292          -40.831427     -33.420648     -28.316290
293          -44.224513     -22.636363     -27.507626
294          -50.000000     -27.499993     -19.689116
295          -50.000000     -20.000000     -24.019238
296          -50.000000     -24.999583     -24.019479
297          -50.000000     -22.499920     -19.689158
298           -7.500000     -28.349365     -50.000000
299           -6.557984     -38.611653     -44.605660
300          -10.000000     -32.679492     -50.000000
301          -33.740898     -42.949775     -26.616563
302          -29.756935     -45.210702     -29.543481
303          -19.988059     -40.016350     -39.427446
304          -21.272321     -44.590896     -37.590908
305          -24.999253     -37.986068     -37.612183
306          -24.647047     -43.258052     -33.355659
307          -19.999951     -45.879237     -29.792543
308          -24.739913     -44.573616     -27.549938
309          -42.992097     -23.914854     -33.069099
310          -38.087770     -25.000000     -38.090062
311          -39.710979     -27.879004     -32.952566
312          -19.999992     -24.019243     -50.000000
313          -24.999991     -24.019243     -50.000000
314          -35.009218     -29.418787     -34.372538
315          -31.257324     -41.730685     -33.440777
316          -35.970609     -40.031565     -30.879647
317          -30.856747     -34.372484     -35.392843
318          -35.974317     -34.436329     -30.284017
319          -32.773760     -25.228689     -37.896567
320          -39.827629     -27.503360     -27.820403
321          -28.387862     -22.720619     -45.212967
322          -32.970397     -22.161406     -42.838296
323          -37.694704     -18.636030     -36.179232
324          -28.223962     -27.189503     -39.841557
325          -24.954139     -26.614224     -45.240894
326          -17.259122     -36.135955     -41.283277
327          -25.327723     -32.111938     -38.279493
328          -21.819170     -30.196264     -42.647427
329          -11.813605     -32.770621     -43.480180
330           -7.815572     -44.158875     -44.158875
331           -7.500000     -50.000000     -37.009619
332           -4.999999     -50.000000     -41.339746
333           -2.500000     -50.000000     -37.009619
334           -5.000000     -50.000000     -32.679492
335           -9.449662     -39.844152     -39.844152
336          -12.954072     -34.835973     -39.045880
337            7.500000     -50.000000     -45.669873
338            1.232772     -45.048773     -45.048773
339            5.000000     -50.000000     -41.339746
340           -0.000000     -50.000000     -41.339746
341            2.500000     -50.000000     -37.009619
342            0.000000     -32.679492     -50.000000
343          -50.000000      50.000000     -45.000000
344          -50.000000      50.000000     -40.000000
345          -46.737187      27.500000     -50.000000
346          -50.000000      27.499983     -45.669863
347          -50.000000      30.000000     -50.000000
348          -50.000000      46.339746     -46.339746
349          -46.339746      50.000000     -46.339746
350          -46.339746      46.339746     -50.000000
351          -45.000000      50.000000     -50.000000
352          -40.000000      50.000000     -50.000000
353          -42.697734      27.900548     -50.000000
354          -50.000000      22.500000     -45.669873
355          -45.030875      23.001726     -50.000000
356          -50.000000      20.000000     -50.000000
357          -40.393609      24.011110     -50.000000
358          -45.734856       2.517272     -50.000000
359          -45.534180       7.603630     -50.000000
360          -50.000000       7.500000     -45.669873
361          -50.000000       2.500000     -45.669873
362          -43.442888      -4.272902     -43.346886
363          -45.594114       0.000000     -45.594114
364          -50.000000       0.000000     -41.339746
365          -41.795838       4.971253     -50.000000
366          -41.764488       0.037773     -50.000000
367          -38.704704       2.709364     -50.000000
368          -50.000000       4.999999     -41.339746
369          -50.000000      12.499999     -45.669873
370          -45.612929      17.448490     -50.000000
371          -40.008697      19.325190     -50.000000
372          -45.669873      12.500000     -50.000000
373          -50.000000      17.500000     -45.669873
374          -50.000000      14.999950     -41.339717
375          -40.673575      10.268333     -50.000000
376          -41.890199      14.884269     -50.000000
377          -30.544595     -17.411800     -44.782816
378          -24.999779     -15.359112     -50.000000
379          -27.498771     -11.029567     -50.000000
380          -34.608952     -14.321953     -42.301227
381          -36.170540      -9.062248     -44.592047
382          -34.645540      -7.118200     -50.000000
383          -45.591347     -17.760096     -31.085950
384          -50.000000     -17.500000     -28.349365
385          -50.000000     -12.500000     -28.349365
386          -50.000000     -15.000000     -24.019238
387          -50.000000     -17.499998     -19.689112
388          -44.569627      -9.715657     -36.360584
389          -43.402912     -15.371355     -35.147653
390          -45.718074     -12.500000     -31.236116
391          -50.000000      -7.500000     -28.349365
392          -50.000000     -10.000000     -24.019238
393          -50.000000       0.000000     -32.679492
394          -45.557285      32.546010     -50.000000
395          -46.660999      37.443317     -50.000000
396          -50.000000      37.467771     -45.688481
397          -50.000000      42.306624     -45.781518
398          -45.394968      41.855605     -50.000000
399          -37.388395      -1.592401     -43.395332
400          -30.659578     -10.751262     -44.510900
401          -29.993678      -6.702380     -50.000000
402          -32.462069      -2.390502     -50.000000
403          -27.500000      -2.368603     -50.000000
404          -34.686254       2.045509     -50.000000
405          -37.178340       6.201016     -50.000000
406          -32.500000       6.291651     -50.000000
407          -45.113021     -50.000000      11.753174
408          -50.000000     -41.339746      10.000000
409          -50.000000     -45.669873      12.500000
410          -50.000000     -45.683258      17.476817
411          -10.000000     -50.000000     -32.679492
412          -12.500000     -50.000000     -28.349365
413          -16.108588     -42.509693     -37.263742
414          -10.600800     -44.480297     -36.441551
415           46.339746     -46.339746     -50.000000
416           50.000000     -45.000000     -50.000000
417           50.000000     -40.000000     -50.000000
418           50.000000     -46.339746     -46.339746
419           46.339746     -50.000000     -46.339746
420           50.000000     -50.000000     -45.000000
421           50.000000     -50.000000     -40.000000
422           50.000000     -50.000000     -35.000000
423            2.500000     -37.009619     -50.000000
424            5.000000     -41.339746     -50.000000
425           10.000000     -41.339746     -50.000000
426           15.000000     -41.339746     -50.000000
427            6.070011     -43.608726     -44.032078
428           10.000000     -50.000000     -41.339746
429           15.000000     -50.000000     -41.339746
430           12.405667     -43.906758     -43.906758
431           12.500000     -50.000000     -37.009619
432           -2.306569     -42.404974     -42.404974
433           -1.211291     -45.324310     -38.428355
434           -1.146100     -36.849961     -44.204711
435            2.643053     -39.991567     -42.379106
436           -7.500000     -50.000000     -28.349365
437           32.500000     -50.000000     -45.669873
438           42.306624     -50.000000     -45.781518
439           37.462399     -50.000000     -45.691582
440           42.306624     -45.781518     -50.000000
441           37.462399     -45.691582     -50.000000
442           20.000000     -50.000000     -41.339746
443           22.500000     -45.669873     -50.000000
444           27.500000     -50.000000     -45.669873
445           27.500000     -45.669873     -50.000000
446           22.500000     -50.000000     -45.669873
447           32.500000     -45.669873     -50.000000
448           19.956667     -45.115260     -45.115260
449           20.000000     -41.339746     -50.000000
450           25.000000     -41.339746     -50.000000
451           30.000000     -41.339746     -50.000000
452           44.426594     -45.313516     -45.313516
453           30.000000     -45.294833     -45.294833
454           25.000000     -50.000000     -41.339746
455           34.988362     -50.000000     -41.346465
456           30.000000     -50.000000     -41.339746
457           -5.000000     -32.679492     -50.000000
458           -2.500000     -28.349365     -50.000000
459           50.000000     -35.000000     -50.000000
460           12.500000     -37.009619     -50.000000
461            7.500000     -37.009619     -50.000000
462           15.000000     -32.679492     -50.000000
463           17.500000     -37.009619     -50.000000
464           20.000000     -32.679492     -50.000000
465           22.500000     -37.009619     -50.000000
466           27.500000     -50.000000     -37.009619
467           22.500000     -50.000000     -37.009619
468           15.000000     -50.000000     -32.679492
469           17.500000     -50.000000     -37.009619
470          -50.000000      24.999896     -41.339686
471          -50.000000      32.500000     -45.669873
472          -50.000000      29.997584     -41.339389
473          -50.000000      34.987317     -41.340899
474          -50.000000      27.498310     -37.006395
475          -45.344496      -0.045840     -38.479460
476          -50.000000       2.500000     -37.009619
477          -50.000000       9.999996     -41.339743
478          -50.000000       5.000000     -32.679492
479          -50.000000       7.500000     -37.009619
480          -50.000000      -2.500000     -28.349365
481          -50.000000      19.999888     -41.339681
482          -50.000000       2.500000     -28.349365
483          -50.000000       0.000000     -24.019238
484          -38.682626     -12.380632     -35.577942
485          -39.967107      -9.212115     -40.018807
486          -39.427257      -4.137294     -39.424869
487          -42.948030      -4.082623     -35.683321
488          -45.042303      -4.177498     -30.709123
489          -50.000000     -45.000000      50.000000
490          -50.000000     -40.000000      50.000000
491          -45.669873     -50.000000      17.500000
492          -45.678680     -50.000000      22.500146
493          -50.000000     -45.750180      22.360903
494          -50.000000     -45.002195      27.704714
495          -50.000000     -50.000000      30.000000
496          -45.679354     -50.000000      27.500404
497          -50.000000     -46.016985      32.792377
498          -50.000000     -46.124553      37.639284
499          -45.669873     -50.000000      32.500000
500          -45.688481     -50.000000      37.467771
501          -50.000000     -45.759180      42.508143
502          -50.000000     -46.339746      46.339746
503          -46.339746     -46.339746      50.000000
504          -46.339746     -50.000000      46.339746
505          -45.781518     -50.000000      42.306624
506          -45.000000     -50.000000      50.000000
507          -40.000000     -50.000000      50.000000
508          -41.383108     -50.000000      25.000471
509          -50.000000       7.500000     -28.349365
510          -41.361455     -50.000000      39.962399
511          -50.000000     -37.274947      12.403238
512          -22.499954     -19.689137     -50.000000
513          -16.853463     -30.991105     -45.031271
514          -12.500612     -28.349962     -50.000000
515          -14.999998     -24.019239     -50.000000
516          -18.705789     -25.311532     -45.124478
517          -17.499996     -19.689113     -50.000000
518          -19.999947     -15.359015     -50.000000
519          -22.499848     -16.122658     -44.535427
520          -14.999986     -15.358992     -50.000000
521          -24.998946      -6.699338     -50.000000
522          -22.499901     -11.028914     -50.000000
523          -17.499975     -11.028871     -50.000000
524          -19.999774      -6.698860     -50.000000
525           -5.000000     -24.019238     -50.000000
526           -9.999999     -24.019238     -50.000000
527          -12.499999     -19.689111     -50.000000
528           -7.500000     -19.689111     -50.000000
529          -10.000000     -15.358984     -50.000000
530          -50.000000     -34.999979     -15.358998
531          -50.000000     -37.381830     -10.960654
532          -45.257525     -27.740002     -24.329078
533          -45.024847     -31.453900     -18.923029
534          -42.373122     -42.379951     -20.120327
535          -50.000000     -40.697774     -15.240021
536          -43.749822     -36.432369     -18.773024
537          -43.124466     -32.491904     -23.586123
538          -45.232354     -50.000000      -7.098129
539          -50.000000     -45.232354      -7.098129
540          -50.000000     -41.781410     -10.510405
541          -41.762418     -50.000000     -10.501234
542          -42.483859     -50.000000      -2.384153
543          -37.498674     -50.000000      -2.369369
544          -42.831823     -44.256883     -13.110812
545          -37.381848     -50.000000     -10.960642
546          -39.897971     -50.000000      -6.688432
547          -34.990335     -50.000000      -6.695389
548          -50.000000     -39.921623       1.917680
549          -50.000000     -42.425446      -2.424979
550          -50.000000     -40.000000      -6.698730
551          -50.000000     -37.499916      -2.368659
552          -44.304717     -37.509267      -9.721493
553          -50.000000     -32.499910     -11.028917
554          -35.000000     -50.000000     -15.358984
555          -32.492807     -50.000000     -19.684958
556          -27.496421     -50.000000     -19.687045
557          -30.000000     -50.000000     -15.358984
558          -37.551733     -37.491293     -23.469068
559          -28.235625     -44.234080     -22.778497
560          -31.373952     -39.822735     -23.326392
561          -32.500000     -50.000000     -11.028857
562          -27.500000     -50.000000     -11.028857
563          -35.800776     -43.480735     -13.505052
564          -31.593318     -41.418058     -18.467085
565          -36.749042     -39.944947     -17.661647
566          -22.500000     -50.000000     -19.689111
567          -17.500000     -50.000000     -19.689111
568          -14.889936     -44.760729     -30.740242
569          -15.000000     -50.000000     -24.019238
570          -17.262872     -44.504260     -25.687927
571          -22.213063     -43.057026     -22.410199
572          -50.000000      -5.000000     -24.019238
573          -50.000000      -7.500000     -19.689111
574           -0.000000     -50.000000     -24.019238
575          -24.309981     -45.333545     -18.206632
576          -25.000000     -50.000000     -15.358984
577          -20.000000     -50.000000     -15.358984
578          -50.000000     -34.999068       1.960899
579          -50.000000     -34.980038      -6.687542
580          -50.000000     -32.498988      -2.369282
581          -50.000000     -29.999583      -6.699011
582          -40.737071     -18.319724     -29.320844
583          -50.000000     -12.500000     -19.689111
584          -50.000000     -14.999998     -15.358985
585          -50.000000     -22.498957      -2.369312
586          -50.000000     -29.999965     -15.359008
587          -50.000000     -27.499878     -11.028939
588          -50.000000     -24.999958     -15.359012
589          -50.000000     -17.500000     -11.028857
590          -50.000000     -24.999682      -6.698944
591          -50.000000     -22.499927     -11.028906
592          -50.000000     -19.999988     -15.358992
593          -44.968260     -26.499005     -17.552202
594          -45.651093     -42.784609      12.497423
595          -29.998146     -50.000000      -6.698313
596          -39.758996     -50.000000      10.599595
597          -42.489202     -50.000000       6.843683
598          -37.451140     -50.000000       6.323273
599          -43.590122     -43.291413       7.649607
600          -44.610756     -44.610756      -1.140150
601          -40.055792     -50.000000       2.056392
602          -45.434209     -39.373573       4.574579
603          -50.000000     -37.355798       6.923294
604          -50.000000     -32.500000       6.291651
605          -50.000000     -33.929069      10.058758
606          -36.808648     -30.907149     -23.140728
607          -34.964212     -29.604611     -27.934746
608          -39.192824     -21.978700     -25.662882
609          -44.593405     -18.297949     -23.875693
610          -42.972296     -23.670636     -21.899987
611          -44.369473     -19.566890     -17.628299
612          -32.498730     -50.000000      -2.369336
613          -27.499813     -50.000000      -2.368711
614          -29.999067     -50.000000       1.960985
615           -4.017169     -38.165085     -40.268225
616           -8.366643     -27.447066     -43.775547
617           -5.247440     -33.202931     -41.897746
618          -12.712951     -38.404320     -35.519107
619          -27.314434     -39.360570     -26.410669
620          -19.175097     -37.086378     -35.340512
621          -18.992121     -40.984396     -30.374357
622          -25.573633     -35.438981     -31.494010
623          -21.737977     -38.755034     -26.001586
624          -35.519351     -22.851971     -31.092947
625          -28.909103     -26.066567     -34.334148
626          -23.790499     -21.830792     -42.971571
627          -30.103231     -29.564217     -30.044340
628          -30.878296     -34.743618     -27.320649
629          -30.559676     -20.857481     -35.818392
630          -34.729378     -24.998211     -25.325707
631          -36.736811     -25.784035     -20.336085
632          -34.455007     -17.526938     -29.170846
633          -33.672211     -13.979367     -33.641333
634          -25.667155     -20.316280     -38.107856
635          -27.164600     -15.618550     -40.589449
636          -31.867018     -16.227975     -38.135032
637          -22.667241     -26.180598     -38.562574
638          -18.025650     -31.449919     -37.695200
639          -22.225943     -29.596700     -33.907863
640          -14.975392     -27.408721     -40.823369
641          -14.360356     -33.458007     -33.457984
642           -2.500000     -50.000000     -28.349365
643           -0.000000     -50.000000     -32.679492
644           -9.678333     -31.363822     -37.482847
645           -7.077200     -45.435430     -31.314477
646           -4.903957     -43.392092     -35.570661
647           -5.864648     -37.433760     -35.629206
648            8.381929     -45.201448     -39.387188
649           10.000000     -50.000000     -32.679492
650            7.500000     -50.000000     -37.009619
651            2.500000     -50.000000     -28.349365
652            5.000000     -50.000000     -32.679492
653            3.316061     -43.091636     -38.196184
654            2.579138     -44.988995     -33.006335
655            5.000000     -32.679492     -50.000000
656            2.500000     -28.349365     -50.000000
657           10.000000     -32.679492     -50.000000
658            7.500000     -28.349365     -50.000000
659            1.670721     -31.101314     -45.192890
660          -12.500000     -50.000000     -19.689111
661            7.500000     -50.000000     -28.349365
662           12.500000     -50.000000     -28.349365
663          -30.000000       1.961524     -50.000000
664          -27.500000       6.291651     -50.000000
665          -35.000000      10.621778     -50.000000
666          -30.000000      10.621778     -50.000000
667          -32.453744      14.912668     -50.000000
668          -27.500000      14.951905     -50.000000
669          -50.000000      45.394201     -41.856048
670          -45.394968      50.000000     -41.855605
671          -46.650635      50.000000     -37.500000
672          -50.000000      46.660959     -37.443340
673          -50.000000      50.000000     -35.000000
674          -50.000000      39.962399     -41.361455
675          -50.000000      42.500000     -37.009619
676          -50.000000      37.493733     -36.976223
677          -50.000000      50.000000     -30.000000
678          -29.982305      19.271816     -50.000000
679          -44.858319      28.964367     -45.189890
680          -42.906836      24.412950     -43.119145
681          -36.447638      23.122513     -50.000000
682          -38.285221      28.028149     -50.000000
683          -44.428026      45.303174     -45.303174
684          -42.306624      50.000000     -45.781518
685          -42.306624      45.781518     -50.000000
686          -37.462399      50.000000     -45.691582
687          -35.000000      50.000000     -50.000000
688          -30.000000      50.000000     -50.000000
689          -37.500000      45.669873     -50.000000
690          -39.967771      41.358354     -50.000000
691          -40.351666      32.735647     -50.000000
692          -42.500000      37.009619     -50.000000
693          -37.500000      37.009619     -50.000000
694          -32.393832      23.550863     -50.000000
695          -33.935107      27.486306     -50.000000
696          -29.809168      27.832109     -50.000000
697          -35.734431      -6.160363     -36.480682
698          -45.141487      19.426080     -43.895121
699          -38.147627      21.500800     -44.698556
700          -37.485923      14.879331     -50.000000
701          -34.754238      19.129400     -50.000000
702          -44.259738       8.332015     -43.525441
703          -39.511698       6.191884     -45.088521
704          -42.507186       2.500000     -42.449523
705          -45.083737       5.412067     -38.496980
706          -50.000000      17.499841     -37.009527
707          -50.000000      12.499974     -37.009604
708          -50.000000      10.000000     -32.679492
709          -43.092625      14.381303     -42.991207
710          -45.322852      14.579006     -38.229551
711          -37.584944      11.417081     -44.226545
712          -34.815232       5.010737     -42.615593
713          -36.977976       0.000000     -36.981274
714          -24.999474      -9.973627     -43.743729
715          -30.501461     -10.618028     -38.179535
716          -32.326315      -5.529746     -41.747004
717          -32.498563      -1.013504     -39.294242
718          -43.813775     -13.326869     -26.489001
719          -45.178113     -10.796973     -22.091070
720          -42.050683     -14.647574     -20.360275
721          -41.319430      -9.797296     -31.360798
722          -36.004805     -10.757008     -29.575940
723          -43.839721      -6.703487     -26.092761
724          -45.382088       1.046244     -30.369248
725          -34.988362      50.000000     -41.346465
726          -44.491515      36.633169     -43.283266
727          -42.052461      42.051557     -42.051557
728          -39.967771      50.000000     -41.358354
729          -40.126239      50.000000     -32.658734
730          -37.500000      50.000000     -37.009619
731          -42.500000      50.000000     -37.009619
732          -29.789859       0.534342     -43.381937
733          -26.298194      -4.189455     -44.443623
734          -25.000000       1.961524     -50.000000
735          -22.499824      -2.368704     -50.000000
736          -20.000000       1.961524     -50.000000
737          -30.642501       6.712418     -45.178386
738          -17.500000      -2.368603     -50.000000
739          -14.999996      -6.698732     -50.000000
740          -15.000000       1.961524     -50.000000
741          -50.000000      14.999884     -32.679425
742          -50.000000      -2.500000     -19.689111
743          -41.138794     -50.000000      15.096249
744          -41.339746     -50.000000      20.000000
745          -37.249843     -50.000000      22.411316
746          -37.189209     -50.000000      17.630439
747          -37.346043     -50.000000      13.704041
748          -44.187864     -43.918910      17.376980
749          -50.000000     -41.341977      14.996136
750          -50.000000     -41.339746      20.000000
751          -50.000000     -37.311853      17.553369
752          -10.000000     -50.000000     -24.019238
753           -5.000000     -50.000000     -24.019238
754           -2.500000     -50.000000     -19.689111
755          -11.022629     -45.019573     -27.042748
756          -10.428838     -41.464304     -31.414536
757          -15.000000     -50.000000     -15.358984
758          -22.500000     -50.000000     -11.028857
759          -24.999660     -50.000000      -6.698678
760           45.394968     -41.855605     -50.000000
761           50.000000     -42.306624     -45.781518
762           46.650635     -37.500000     -50.000000
763           50.000000     -37.467771     -45.688481
764           50.000000     -39.962399     -41.361455
765           50.000000     -45.394201     -41.856048
766           45.394968     -50.000000     -41.855605
767           39.967771     -50.000000     -41.358354
768           46.650635     -50.000000     -37.500000
769           50.000000     -46.660959     -37.443340
770           42.500000     -50.000000     -37.009619
771           37.500000     -50.000000     -37.009619
772           50.000000     -42.500000     -37.009619
773           50.000000     -50.000000     -30.000000
774           50.000000     -45.557285     -32.546010
775           20.000000     -50.000000     -32.679492
776           25.000000     -50.000000     -32.679492
777           45.556738     -50.000000     -32.554947
778           46.687329     -50.000000     -27.720877
779           40.126239     -50.000000     -32.658734
780            4.365846     -35.054769     -42.848374
781            7.486613     -38.660484     -45.024866
782           15.073780     -38.495591     -45.262669
783            9.372147     -39.888763     -39.888763
784           16.230713     -45.661151     -39.163547
785           17.796449     -41.541959     -41.541959
786           13.270381     -43.461206     -35.776396
787           17.500000     -50.000000     -28.349365
788            0.000000     -36.981915     -36.981915
789            0.109366     -32.359445     -40.256339
790            5.020630     -38.240993     -37.441753
791           13.347753     -45.015890     -30.505259
792           -5.789408     -44.023304     -26.481174
793           -0.398165     -44.520900     -25.074335
794            5.000000     -50.000000     -24.019238
795           10.000000     -50.000000     -24.019238
796           15.000000     -50.000000     -24.019238
797           36.612238     -43.298753     -44.497958
798           39.967771     -41.358354     -50.000000
799           34.988362     -41.346465     -50.000000
800           42.500000     -37.009619     -50.000000
801           21.550038     -44.576616     -38.501692
802           24.623464     -43.062884     -43.062884
803           33.538368     -39.296132     -45.627398
804           37.500000     -37.009619     -50.000000
805           32.500000     -37.009619     -50.000000
806           27.500000     -37.009619     -50.000000
807           30.000000     -32.679492     -50.000000
808           21.600282     -38.373041     -44.479736
809           25.000000     -32.679492     -50.000000
810           27.545784     -38.016201     -44.153390
811           42.066027     -42.065120     -42.065120
812           36.788266     -43.694258     -38.453666
813           31.505349     -41.671080     -41.671080
814           30.000000     -45.306113     -37.967064
815           30.000000     -50.000000     -32.679492
816           32.500000     -50.000000     -37.009619
817           -1.834124     -26.713143     -43.450710
818           -2.638461     -22.199235     -45.602911
819            0.000000     -24.019238     -50.000000
820           -2.500000     -19.689111     -50.000000
821           17.500000     -28.349365     -50.000000
822           12.500000     -28.349365     -50.000000
823            3.392877     -26.060601     -45.067795
824            2.500000     -19.689111     -50.000000
825            5.000000     -24.019238     -50.000000
826           10.000000     -24.019238     -50.000000
827           35.000000     -32.679492     -50.000000
828           32.500000     -28.349365     -50.000000
829           50.000000     -32.500000     -45.669873
830           45.554350     -32.565508     -50.000000
831           50.000000     -30.000000     -50.000000
832           37.502441     -28.327649     -50.000000
833           40.125841     -32.660495     -50.000000
834           50.000000     -29.997584     -41.339389
835           11.038411     -34.966716     -43.921100
836           14.830338     -31.282937     -45.150189
837           18.641403     -44.621781     -28.926731
838           22.500000     -50.000000     -28.349365
839           20.000000     -24.019238     -50.000000
840           27.500000     -28.349365     -50.000000
841           22.500000     -28.349365     -50.000000
842           18.289002     -34.017650     -42.688726
843           21.473681     -30.561820     -45.240817
844           25.911401     -43.737229     -34.801430
845           19.518960     -42.113276     -33.774275
846           42.473434     -28.188615     -50.000000
847           46.642480     -27.829436     -50.000000
848           50.000000     -27.499983     -45.669863
849           50.000000     -25.000000     -50.000000
850           50.000000     -20.000000     -50.000000
851          -45.106451      23.547121     -38.259629
852          -50.000000      22.499487     -37.009323
853          -50.000000      19.999561     -32.679238
854          -50.000000      24.997363     -32.677970
855          -50.000000      22.500000     -28.349365
856          -50.000000      27.484181     -28.340232
857          -44.381309      28.604813     -37.551438
858          -45.296742      33.967517     -38.827902
859          -41.658279      31.503299     -41.707758
860          -50.000000      29.993114     -32.662027
861          -50.000000      32.500164     -37.002907
862          -42.599750       3.907098     -33.774033
863          -44.952681      10.085663     -35.516766
864          -45.824347       7.500000     -31.236116
865          -50.000000      12.500000     -28.349365
866          -44.650993      -1.386501     -24.668791
867          -50.000000       5.000000     -24.019238
868          -50.000000       2.500000     -19.689111
869          -42.634707      19.062999     -37.634528
870          -50.000000      17.499927     -28.349323
871          -50.000000      15.000000     -24.019238
872          -43.864585       5.000000     -27.273534
873          -45.251550      10.038904     -26.378484
874          -38.659680      -5.124615     -32.038045
875          -40.839499      -1.434439     -28.721741
876          -45.781518     -42.306624      50.000000
877          -50.000000     -42.045308      45.458775
878          -50.000000     -42.312508      39.675367
879          -50.000000     -37.428619      46.553302
880          -50.000000     -30.000000      50.000000
881          -50.000000     -35.000000      50.000000
882          -41.360567     -39.983138      50.000000
883          -45.694165     -37.480327      50.000000
884          -50.000000     -37.386519      41.283867
885          -50.000000     -37.341248      23.000093
886          -42.919454     -45.485959      22.273583
887          -50.000000     -41.821590      24.165421
888          -50.000000     -43.124759      35.308513
889          -50.000000     -39.824071      27.860031
890          -50.000000     -41.602540      31.754265
891          -44.072709     -44.697008      29.666693
892          -41.396630     -50.000000      30.002424
893          -37.255013     -50.000000      27.167961
894          -44.411473     -44.278662      38.353728
895          -41.420207     -50.000000      35.014546
896          -33.570826     -50.000000      28.767420
897          -36.597458     -50.000000      32.417719
898          -44.731141     -44.836396      44.507201
899          -41.864915     -45.389808      50.000000
900          -41.856048     -50.000000      45.394201
901          -37.439765     -50.000000      46.652421
902          -37.354785     -46.670982      50.000000
903          -35.000000     -50.000000      50.000000
904          -37.072572     -42.448510      50.000000
905          -30.000000     -50.000000      50.000000
906          -38.496943     -45.675236      24.754388
907          -37.009619     -50.000000      42.500000
908          -37.191230     -50.000000      37.657105
909          -32.984291     -50.000000      39.803554
910          -50.000000      10.000000     -24.019238
911          -50.000000     -10.000000     -15.358984
912          -50.000000     -12.500000     -11.028857
913          -50.000000      -2.500000     -11.028857
914          -50.000000      -5.000000     -15.358984
915          -50.000000      -7.500000     -11.028857
916          -50.000000       0.000000     -15.358984
917          -50.000000       7.500000     -19.689111
918          -50.000000       5.000000     -15.358984
919          -50.000000       2.500000     -11.028857
920          -37.009619     -37.500000      50.000000
921          -45.669873     -32.500000      50.000000
922          -32.494400     -50.000000       6.288418
923          -34.993312     -50.000000       1.957663
924          -34.946505     -50.000000      10.364946
925          -27.500000     -50.000000       6.291651
926          -25.000000     -50.000000      19.282032
927          -34.016247     -50.000000      19.802606
928          -32.705627     -50.000000      24.237453
929          -29.933699     -50.000000      19.534017
930          -50.000000     -22.500000      14.951905
931          -30.000000     -50.000000      10.621778
932          -27.500000     -50.000000      14.951905
933          -33.002860     -50.000000      15.199805
934          -40.811488     -40.820586      13.388961
935          -40.355669     -42.084512      42.080060
936          -50.000000     -39.399865      36.162133
937          -50.000000     -37.350423      32.186055
938          -50.000000     -32.500000      32.272413
939          -50.000000     -29.856240      10.527723
940          -50.000000     -27.529915      14.959921
941          -44.482699     -36.332908      14.057171
942          -50.000000     -32.743908      14.982714
943          -50.000000     -33.914043      19.843667
944          -50.000000     -29.850519      19.397837
945            5.000000     -15.358984     -50.000000
946            0.000000     -15.358984     -50.000000
947          -21.915527     -16.453266     -38.796122
948          -16.703611     -20.798403     -42.969704
949          -11.982845     -23.258384     -44.790288
950          -11.470176     -23.163298     -37.838969
951          -16.515138     -23.256935     -38.350693
952          -16.920405     -18.201442     -38.355699
953          -14.622553     -15.264062     -44.185225
954          -18.872753     -12.480329     -41.330455
955          -12.499993     -11.028861     -50.000000
956          -10.000000      -6.698730     -50.000000
957          -20.411529      -5.379031     -43.655248
958          -16.839140      -8.918640     -44.718091
959           -6.975788     -21.283743     -43.152653
960           -8.725559     -16.030887     -44.489493
961           -2.260637     -16.940556     -45.254178
962           -5.000000     -15.358984     -50.000000
963           -7.499999     -11.028858     -50.000000
964           -2.500000     -11.028857     -50.000000
965          -43.912552     -32.800582     -13.686974
966          -40.112025     -29.191998     -17.779260
967          -40.353696     -38.412761     -13.912094
968          -36.640871     -34.529329     -17.905874
969          -42.244569     -42.268366      -7.057891
970          -38.611246     -44.412696      -2.098989
971          -37.610854     -40.579715      -9.301927
972          -34.623800     -43.801534      -6.130817
973          -43.566426     -36.118322      -1.876184
974          -42.015610     -32.718158      -7.314572
975          -40.833062     -37.491357      -5.958405
976          -45.040726     -28.216037      -8.342966
977          -40.378494     -29.434384     -11.313460
978          -28.198249     -44.472821     -14.831707
979          -31.282900     -35.064548     -21.440282
980          -26.040802     -38.341537     -20.348523
981          -28.173770     -38.830269     -15.793136
982          -30.171971     -41.820757     -10.020780
983          -24.292309     -44.078785      -9.832434
984          -34.309170     -29.694698     -16.933989
985          -33.438249     -37.938218     -13.278061
986          -29.090904     -33.993121     -14.652602
987          -17.217714     -43.627842     -18.219032
988          -23.478408     -41.071522     -15.309525
989          -20.827587     -40.150367     -11.031751
990          -14.188811     -39.645852     -27.328081
991          -12.430800     -42.489752     -22.535909
992          -18.096560     -36.931518     -21.303812
993          -30.416397      -6.011191     -35.248248
994          -33.472374      -5.769848     -30.608913
995          -43.176199      -6.677217     -19.517445
996            2.500000     -50.000000     -19.689111
997          -20.399475     -45.024548     -13.397843
998          -20.000000     -50.000000      -6.698730
999          -17.500000     -50.000000     -11.028857
1000          -7.500000     -50.000000     -19.689111
1001          -0.000000     -50.000000     -15.358984
1002          -5.000000     -50.000000     -15.358984
1003         -10.000000     -50.000000     -15.358984
1004         -22.500000     -50.000000      -2.368603
1005         -15.000000     -50.000000      -6.698730
1006         -17.500000     -50.000000      -2.368603
1007         -45.098379     -32.085093       2.712766
1008         -50.000000     -27.498510      -2.369609
1009         -50.000000     -29.995419       1.958454
1010         -50.000000     -24.995641       1.958557
1011         -44.773215     -30.787145      -2.499836
1012         -50.000000     -20.000000       1.961524
1013         -37.302008     -14.992365     -24.851841
1014         -39.255214     -10.363139     -18.643052
1015         -45.347087     -22.917675      -0.409180
1016         -50.000000     -19.999935      -6.698774
1017         -50.000000     -17.499972      -2.368623
1018         -50.000000     -12.499983      -2.368616
1019         -50.000000      -9.999996      -6.698732
1020         -50.000000     -14.999987      -6.698739
1021         -44.327633     -13.240391     -13.488143
1022         -45.564358     -15.303273      -9.063753
1023         -42.962978     -25.770658      -3.850627
1024         -43.284837     -24.999893     -12.472287
1025         -44.606589     -20.246115      -9.169488
1026         -40.246662     -23.376595     -16.955431
1027         -50.000000     -25.004986      10.623114
1028         -50.000000     -22.496976       6.289298
1029         -50.000000     -27.476871       6.276198
1030         -35.522277     -44.104142      12.482910
1031         -39.691790     -39.464503       8.252162
1032         -27.592237     -43.184607      -3.715481
1033         -37.885381     -44.023774       5.922072
1034         -33.347009     -43.526819       0.518338
1035         -40.969517     -40.959318       1.779365
1036         -37.150750     -36.272815       0.774875
1037         -42.410455     -35.284213       6.104273
1038         -44.560825     -29.814160       7.650115
1039         -31.284186     -28.048347     -21.164124
1040         -34.939728     -24.507788     -15.367651
1041         -36.262238     -20.451153     -21.393016
1042         -38.764859     -17.700583     -17.831960
1043         -40.599333     -18.208087     -13.047922
1044         -25.000000     -50.000000      10.621778
1045         -27.499378     -45.286072       1.240688
1046         -24.999813     -50.000000       1.961416
1047         -20.000000     -50.000000       1.961524
1048         -22.500000     -50.000000       6.291651
1049          -4.216194     -31.140004     -36.930260
1050          -5.926178     -26.065542     -38.079536
1051         -10.182128     -35.786418     -30.615806
1052         -32.043082     -17.250632     -23.635996
1053         -12.851812     -34.107244     -26.032115
1054         -10.989519     -30.770875     -29.842991
1055         -24.809062     -32.643432     -22.677599
1056         -19.982999     -33.900443     -28.234053
1057         -24.528262     -30.549144     -28.807682
1058         -29.570538     -20.363306     -28.039362
1059         -24.686015     -23.792573     -31.324758
1060         -20.669249     -21.277049     -36.218632
1061         -15.994413     -29.770072     -29.247817
1062         -19.420923     -24.599877     -30.498638
1063         -26.506267     -28.652022     -16.985787
1064         -26.653643     -26.485055     -25.463193
1065         -26.292321     -16.568615     -32.665364
1066         -30.599925     -22.162537     -21.015682
1067         -31.573968     -12.177809     -26.304698
1068         -27.933074      -9.958141     -32.270602
1069         -24.908721     -12.286833     -36.527384
1070         -14.840438     -25.601533     -33.157821
1071          -9.068135     -27.290927     -33.099223
1072         -20.114468     -13.945786     -33.890585
1073          -0.773600     -41.768352     -29.929945
1074          -5.744760     -32.686720     -31.903710
1075          -5.585254     -38.895802     -30.218899
1076          -1.893530     -36.035731     -32.319314
1077           7.500000     -42.411045     -32.540656
1078           4.808013     -44.231771     -27.100272
1079           3.198180     -38.687356     -32.595838
1080          -0.363619     -24.792816     -37.898268
1081           7.513070     -30.108268     -44.251291
1082           0.399221     -30.120680     -34.163679
1083           3.818420     -28.086635     -39.961287
1084         -11.554991     -44.660547     -17.174518
1085         -12.500000     -50.000000     -11.028857
1086          10.558235     -44.409658     -25.808559
1087          12.500000     -50.000000     -19.689111
1088          -5.000000      -6.698730     -50.000000
1089         -12.500000       6.291651     -50.000000
1090         -17.500000       6.291651     -50.000000
1091         -25.760425       5.173616     -44.358188
1092         -22.500000       6.291651     -50.000000
1093         -25.000000      10.621778     -50.000000
1094         -20.000000      10.621778     -50.000000
1095         -22.500000      14.951905     -50.000000
1096         -31.306293      11.330875     -42.919063
1097         -31.630684      17.967045     -44.611951
1098         -27.500000      23.612159     -50.000000
1099         -32.978092      23.279910     -42.765710
1100         -22.500000      23.612159     -50.000000
1101         -25.000000      19.282032     -50.000000
1102         -25.042239      16.419668     -45.368716
1103         -50.000000      32.436945     -28.295325
1104         -44.382852      44.378174     -34.804506
1105         -45.556738      50.000000     -32.554947
1106         -50.000000      45.557285     -32.546010
1107         -43.597567      37.270884     -35.112403
1108         -50.000000      35.032636     -32.622281
1109         -50.000000      40.150404     -32.577471
1110         -46.687329      50.000000     -27.720877
1111         -50.000000      46.704150     -27.696982
1112         -50.000000      50.000000     -25.000000
1113         -50.000000      42.664190     -27.874186
1114         -50.000000      37.653481     -28.213781
1115         -27.339346      21.828673     -44.261368
1116         -37.943472      24.984261     -37.746754
1117         -27.451387      45.079135     -50.000000
1118         -25.000000      50.000000     -50.000000
1119         -20.000000      50.000000     -50.000000
1120         -15.000000      50.000000     -50.000000
1121         -27.500000      50.000000     -45.669873
1122         -27.500000      40.932667     -50.000000
1123         -35.955224      29.046666     -43.918720
1124         -31.839164      32.507697     -50.000000
1125         -36.011381      32.805473     -50.000000
1126         -33.608294      37.409716     -50.000000
1127         -29.450631      37.004983     -50.000000
1128         -36.617011      44.105365     -44.104969
1129         -32.700218      45.808986     -50.000000
1130         -31.083468      41.645764     -50.000000
1131         -32.500000      50.000000     -45.669873
1132         -30.000000      50.000000     -41.339746
1133         -35.111525      41.406770     -50.000000
1134         -36.142334      37.640972     -43.676702
1135         -36.578307      32.757632     -40.084430
1136         -27.468195      32.254051     -50.000000
1137         -25.000000      27.942286     -50.000000
1138         -20.004380      27.938506     -50.000000
1139         -22.494699      32.269353     -50.000000
1140         -24.993816      36.598970     -50.000000
1141         -27.619301      44.635249     -44.228483
1142         -23.258186      40.967996     -50.000000
1143         -28.797791      29.234717     -44.538988
1144         -29.256631      -0.675198     -35.317111
1145         -33.985209       0.218333     -31.896748
1146         -36.427679      17.029274     -41.431685
1147         -40.301028       9.278075     -38.869796
1148         -38.588977       3.694961     -29.739237
1149         -37.897381       5.478657     -35.893227
1150         -44.441825      15.820685     -33.139793
1151         -39.450909      14.273239     -35.255242
1152         -28.023421       6.285953     -38.904041
1153         -34.106863       9.474687     -37.545959
1154         -32.919186       3.941359     -37.281517
1155         -24.732005      -6.707375     -37.763556
1156         -26.902177      -2.373438     -39.619327
1157         -18.518070      -7.912007     -36.873991
1158         -45.366719       2.333378     -17.442010
1159         -37.726045      -8.291435     -23.385368
1160         -31.046576      -6.674181     -25.684436
1161         -38.757238      -2.900048     -23.837950
1162         -41.675767       0.000000     -20.176373
1163         -40.512048       1.932851     -24.820937
1164         -34.336959      45.332385     -38.837922
1165         -32.500000      50.000000     -37.009619
1166         -42.598628      50.000000     -27.922080
1167         -35.000000      50.000000     -32.679492
1168         -37.536629      50.000000     -28.267831
1169         -37.291220      37.290528     -37.290528
1170         -37.820116      45.319002     -30.760826
1171         -41.350319      41.371975     -30.353667
1172         -38.339197      43.599012     -35.758758
1173         -17.500000      23.612159     -50.000000
1174         -20.000000      19.282032     -50.000000
1175         -17.500000      14.951905     -50.000000
1176         -18.738779      -0.431468     -45.094742
1177         -23.155602       0.280224     -42.039617
1178         -19.753319      -2.191920     -37.854074
1179         -18.245718       4.576856     -45.322229
1180         -25.419287      11.401833     -40.884965
1181         -23.807417       1.818467     -36.214904
1182         -22.883772       6.873251     -37.625841
1183         -12.780414      -5.065735     -45.597289
1184         -12.500000      -2.368603     -50.000000
1185         -10.000000       1.961524     -50.000000
1186          -7.500000      -2.368603     -50.000000
1187          -2.500000      -2.368603     -50.000000
1188         -14.535538       2.160411     -42.866838
1189         -10.332021       4.656583     -45.274967
1190         -15.000000      10.621778     -50.000000
1191          -7.500000       6.291651     -50.000000
1192         -10.000000      10.621778     -50.000000
1193         -12.500000      14.951905     -50.000000
1194         -50.000000      35.022956     -23.939761
1195         -50.000000      29.978526     -24.006840
1196         -44.501264      15.157367     -27.541986
1197         -50.000000      25.000000     -24.019238
1198         -50.000000      20.000000     -24.019238
1199         -50.000000      12.500000     -19.689111
1200         -50.000000      17.500000     -19.689111
1201         -50.000000      -5.000000      -6.698730
1202         -50.000000      -7.499998      -2.368604
1203         -50.000000      -2.500000      -2.368603
1204         -44.215039      -3.768872     -13.183025
1205         -39.857342      -1.935144     -15.585757
1206         -45.583700      -0.245094      -9.666021
1207         -50.000000       0.000000      -6.698730
1208         -50.000000      50.000000     -20.000000
1209         -41.267707     -31.762712      12.371737
1210         -38.494821     -43.398544      19.431803
1211         -33.398505     -44.873432      17.615571
1212         -43.224296     -38.277555      19.414251
1213         -25.000000     -50.000000      50.000000
1214          -6.253280     -43.399858     -20.036541
1215          -2.451520     -45.407439     -16.776576
1216          -6.315797     -37.784455     -24.767453
1217         -16.171104     -42.060203     -11.950672
1218         -19.271861     -43.919879      -6.308169
1219          50.000000     -50.000000     -25.000000
1220          35.000000     -50.000000     -32.679492
1221          32.503195     -50.000000     -28.337456
1222          43.516502     -35.530410     -43.412169
1223          50.000000     -34.987317     -41.340899
1224          50.000000     -32.500164     -37.002907
1225          45.200897     -38.724920     -39.170610
1226          50.000000     -37.493733     -36.976223
1227          43.711966     -43.711966     -36.017737
1228          38.222801     -44.882134     -33.282947
1229          50.000000     -40.150404     -32.577471
1230          45.238200     -45.214841     -29.904878
1231          50.000000     -46.704150     -27.696982
1232          50.000000     -42.664190     -27.874186
1233          50.000000     -50.000000     -20.000000
1234          45.281278     -50.000000     -23.127360
1235          50.000000     -50.000000     -15.000000
1236          24.624459     -44.684622     -29.234070
1237          27.500000     -50.000000     -28.349365
1238          29.997504     -50.000000     -24.020679
1239          42.598628     -50.000000     -27.922080
1240          37.536629     -50.000000     -28.267831
1241          40.009865     -50.000000     -23.969437
1242           8.224305     -34.271852     -38.434642
1243          14.720479     -37.028469     -38.612538
1244          10.649274     -37.660354     -35.459963
1245          19.669316     -38.542050     -37.640791
1246          15.064697     -38.946502     -33.210299
1247          24.999583     -50.000000     -24.019479
1248          20.000000     -50.000000     -24.019238
1249          27.499993     -50.000000     -19.689116
1250          22.499920     -50.000000     -19.689158
1251           6.209999     -33.868854     -32.888304
1252          10.614226     -37.475765     -30.343731
1253          14.960031     -40.806663     -27.360282
1254           0.822709     -39.364164     -25.129144
1255           7.500000     -50.000000     -19.689111
1256           5.000000     -50.000000     -15.358984
1257           0.214322     -41.581623     -20.354397
1258           7.021957     -43.149842     -21.261821
1259          10.739570     -39.348156     -24.743838
1260          17.499998     -50.000000     -19.689112
1261          15.807887     -43.490221     -21.092205
1262          38.415531     -37.882367     -44.432823
1263          24.891157     -37.929475     -37.929475
1264          29.960276     -39.266818     -37.218934
1265          33.714526     -34.907655     -43.150254
1266          30.108934     -31.035787     -45.114511
1267          25.777564     -32.529587     -42.750315
1268          29.445039     -35.144154     -40.447555
1269          30.181423     -44.829515     -28.103360
1270          37.309716     -37.308966     -37.308966
1271          32.393690     -42.494564     -33.805801
1272          30.421540     -38.256688     -31.965523
1273          -0.163006     -20.416756     -41.559498
1274           3.290700     -18.911429     -45.011780
1275           5.978562     -23.532815     -37.959932
1276          17.526724     -27.163443     -44.028099
1277          15.000000     -24.019238     -50.000000
1278          17.499988     -19.689118     -50.000000
1279          12.392873     -23.983781     -44.440365
1280           6.770395     -22.154625     -43.144766
1281           7.500000     -19.689111     -50.000000
1282          12.500000     -19.689111     -50.000000
1283          10.000000     -15.358984     -50.000000
1284          15.000000     -15.358984     -50.000000
1285          20.000000     -15.358984     -50.000000
1286          22.499931     -19.689151     -50.000000
1287          24.999585     -24.019478     -50.000000
1288          29.997507     -24.020677     -50.000000
1289          32.500000     -19.689111     -50.000000
1290          27.499504     -19.689397     -50.000000
1291          12.500000     -11.028857     -50.000000
1292          10.000000      -6.698730     -50.000000
1293          -0.000000      -6.698730     -50.000000
1294           2.500000     -11.028857     -50.000000
1295           5.000000      -6.698730     -50.000000
1296           7.500000     -11.028857     -50.000000
1297           7.500000     -14.506040     -45.214228
1298          50.000000     -15.000000     -50.000000
1299          50.000000     -10.000000     -50.000000
1300          34.985042     -24.027874     -50.000000
1301          30.765487     -25.927196     -44.884574
1302          35.006043     -29.449466     -44.825473
1303          44.784351     -29.895561     -44.922752
1304          39.332392     -26.550426     -45.420817
1305          39.930326     -24.060051     -50.000000
1306          37.410254     -19.740926     -50.000000
1307          40.125199     -29.924974     -41.488891
1308          50.000000     -24.999896     -41.339686
1309          44.799244     -29.864909     -38.043140
1310          50.000000     -27.498310     -37.006395
1311          50.000000     -29.993114     -32.662027
1312          12.575351     -29.209867     -41.135562
1313          20.429473     -33.477390     -35.887950
1314          16.842608     -30.467515     -38.308446
1315          20.319791     -38.854957     -28.908545
1316          21.629898     -42.756370     -24.666388
1317          27.475321     -39.753586     -28.182049
1318          21.350944     -23.021463     -45.032844
1319          25.330168     -26.287286     -44.036142
1320          25.692515     -31.086318     -37.014035
1321          21.323027     -27.882749     -39.322634
1322          25.884231     -36.161731     -32.474999
1323          45.184615     -23.393055     -50.000000
1324          50.000000     -22.500000     -45.669873
1325          45.669873     -17.500000     -50.000000
1326          41.830842     -19.990578     -50.000000
1327          50.000000     -17.500000     -45.669873
1328         -45.426767      29.972738     -29.660570
1329         -43.276150      24.615669     -33.556883
1330         -45.562074      20.038286     -28.445154
1331         -44.652638      24.991105     -27.807268
1332         -41.601226      31.189527     -33.229228
1333         -32.380400      25.797190     -37.130863
1334         -41.822926      10.766903     -30.692511
1335         -43.453020       6.398900     -19.962686
1336         -35.968357      25.908242     -31.366830
1337         -40.911758      19.157346     -30.278974
1338         -36.245498      19.886599     -34.452318
1339         -45.412254      17.053768     -22.822817
1340         -42.490485      12.445310     -22.544287
1341         -39.495219      16.396836     -25.810400
1342         -37.786037       6.317601     -24.750456
1343         -34.462174      -0.238617     -26.029856
1344         -45.666608     -27.507234      50.000000
1345         -50.000000     -27.527521      46.152914
1346         -50.000000     -25.000000      50.000000
1347         -50.000000     -20.000000      10.621778
1348         -50.000000     -14.999916       1.961459
1349         -50.000000     -17.499496       6.291259
1350         -50.000000     -17.500000      14.951905
1351         -50.000000     -25.000000      19.282032
1352         -43.036060     -37.172510      44.515272
1353         -43.881543     -38.832606      39.286533
1354         -50.000000     -32.500000      45.669873
1355         -41.353029     -35.092203      50.000000
1356         -50.000000     -32.493211      40.649583
1357         -50.000000     -34.975071      36.564630
1358         -50.000000     -29.997582      36.602265
1359         -50.000000     -35.000000      27.942286
1360         -50.000000     -32.500000      23.612159
1361         -50.000000     -30.000000      27.942286
1362         -50.000000     -27.475087      23.631460
1363         -44.316742     -35.818690      25.411274
1364         -22.500000     -50.000000      14.951905
1365         -27.500000     -50.000000      23.612159
1366         -29.761804     -50.000000      28.079809
1367         -20.000000     -50.000000      19.282032
1368         -22.500000     -50.000000      23.612159
1369         -17.499821     -50.000000      23.611858
1370         -41.525028     -41.438440      25.390376
1371         -41.711961     -41.336494      33.971301
1372         -44.564877     -37.715986      30.718498
1373         -37.500985     -44.112850      29.478353
1374         -33.143274     -45.188813      26.614027
1375         -35.888001     -43.846028      35.592601
1376         -31.861695     -50.000000      32.334340
1377         -29.674433     -50.000000      36.414574
1378         -33.661821     -50.000000      35.725458
1379         -35.299349     -44.818694      44.775655
1380         -32.477340     -50.000000      45.393282
1381         -32.546010     -45.557285      50.000000
1382         -32.698015     -40.259731      50.000000
1383         -19.996338     -50.000000      27.940850
1384         -25.000000     -50.000000      27.942286
1385         -27.406040     -50.000000      32.264006
1386         -27.306672     -50.000000      45.730594
1387         -27.737665     -46.743199      50.000000
1388         -28.066516     -50.000000      40.876129
1389         -24.927469     -50.000000      36.569578
1390         -35.870846     -41.372541      24.171929
1391         -29.303944     -44.817565      30.231918
1392         -39.165006     -37.099978      40.522861
1393         -32.192103     -44.923600      39.072657
1394         -27.961000     -42.802981      50.000000
1395         -28.143614     -37.593976      50.000000
1396         -24.308192     -40.940331      50.000000
1397         -44.872405      11.333675     -17.475738
1398         -50.000000      10.000000     -15.358984
1399         -50.000000      15.000000     -15.358984
1400         -50.000000      17.500000     -11.028857
1401         -50.000000       7.500000     -11.028857
1402         -50.000000       5.000000      -6.698730
1403         -50.000000      12.500000     -11.028857
1404         -50.000000      10.000000      -6.698730
1405         -44.794966      -8.573113     -10.985580
1406         -40.185355      -8.593541     -13.630743
1407         -50.000000      -7.499974       6.291631
1408         -50.000000      -9.999985       1.961512
1409         -50.000000      -5.000000       1.961524
1410         -50.000000      -2.499999       6.291650
1411         -42.691702       2.344628     -13.038752
1412         -45.134162       7.285274     -13.688891
1413         -38.260637       9.638833     -20.358388
1414         -50.000000     -27.510424      41.110032
1415         -44.384137     -28.268902      44.195247
1416         -35.642458     -35.301144      43.859339
1417         -33.084322     -35.701187      50.000000
1418         -37.143069     -32.994987      50.000000
1419         -41.285996     -30.058230      50.000000
1420         -33.737261     -31.458548      50.000000
1421         -41.373904     -24.985177      50.000000
1422         -24.736154     -44.630507      13.721025
1423         -26.095185     -44.097123       7.170999
1424         -32.095295     -42.848312       6.998171
1425         -27.016943     -45.217991      18.424610
1426         -30.232391     -42.542437      21.614147
1427         -44.961147     -23.312572      13.995075
1428         -50.000000     -20.000000      19.282032
1429         -50.000000     -15.000000      19.282032
1430         -39.663543     -35.091815      16.649242
1431         -30.329946     -40.911579      14.040364
1432         -35.533400     -37.166678      13.630958
1433         -34.872906     -37.733630      37.702828
1434         -50.000000     -25.000000      27.942286
1435         -50.000000     -22.500000      23.612159
1436         -43.294326     -34.884207      35.429618
1437         -45.021840     -31.073710      32.376263
1438         -50.000000     -27.500000      32.272413
1439         -50.000000     -25.000000      36.602540
1440         -43.883876     -27.766893      16.496428
1441         -42.264584     -31.615613      21.228155
1442         -44.502931     -25.874619      22.083229
1443         -50.000000     -14.999900      10.621700
1444         -50.000000     -12.499902       6.291575
1445         -50.000000     -12.499978      14.951888
1446           2.240766     -14.146619     -43.493044
1447          -4.984983     -19.402437     -37.090523
1448         -14.752735     -18.522004     -33.530899
1449          -9.151666     -20.473629     -33.523987
1450         -15.114701     -13.430128     -36.922437
1451         -11.500731     -17.167805     -39.647265
1452         -11.229555     -10.707135     -42.887126
1453          -7.235761     -14.918159     -37.992658
1454          -7.984536      -6.893961     -44.969459
1455         -14.629365      -4.679874     -40.783816
1456          -4.503185     -13.188447     -41.933436
1457          -2.661317      -7.535179     -44.157842
1458         -14.345992      -0.212727     -38.376493
1459         -35.958315     -32.647392     -11.860671
1460         -35.828818     -37.786924      -5.014361
1461         -32.995225     -35.279614      -8.539223
1462         -29.158622     -37.094876      -5.585277
1463         -32.088869     -38.333873      -1.652256
1464         -40.256305     -30.991619       0.634243
1465         -37.379233     -30.573846      -4.449889
1466         -37.226333     -26.018247      -8.511976
1467         -26.148076     -37.766864     -11.286953
1468         -23.625157     -33.849424     -16.980428
1469         -22.920059     -38.885955      -6.537583
1470         -31.301101     -28.621725     -12.511852
1471         -28.276440     -33.200560      -9.391038
1472         -23.077765     -26.673533     -20.878757
1473         -24.434648     -26.644314     -12.301867
1474         -17.256040     -38.271321     -15.930622
1475         -20.238905     -35.227901     -12.295675
1476         -17.043544     -37.769485      -8.497938
1477         -17.116789     -30.578372     -21.443919
1478         -20.205696     -28.932792     -16.050149
1479         -10.617096     -36.970976     -20.384101
1480          -9.055431     -39.796439     -15.096884
1481         -14.128832     -33.659591     -16.500915
1482         -26.899609      -4.301252     -31.436301
1483         -27.616909      -0.005130     -27.590092
1484         -36.473982      -5.374766     -17.787362
1485         -32.498210      -9.839132     -20.263040
1486         -24.246000     -39.298005      -1.587106
1487           2.597299     -44.256404     -15.261427
1488           7.500000     -50.000000     -11.028857
1489           2.500000     -50.000000     -11.028857
1490         -14.457454     -44.982413      -7.992373
1491          -6.864153     -44.871989     -13.718292
1492          -2.500000     -50.000000     -11.028857
1493          -7.500000     -50.000000     -11.028857
1494         -10.000000     -50.000000      -6.698730
1495         -12.500000     -50.000000      -2.368603
1496          -5.000000     -50.000000      -6.698730
1497          -0.000000     -50.000000      -6.698730
1498         -20.972682     -42.807263       0.219402
1499         -16.194636     -45.095747      -1.514780
1500         -15.000000     -50.000000       1.961524
1501         -17.500000     -50.000000       6.291651
1502         -10.000000     -50.000000       1.961524
1503         -43.393344     -25.637458       3.392493
1504         -45.160212     -19.855484       6.874285
1505         -39.559055     -25.540150      -0.017044
1506         -44.413051      -6.791989      -4.244222
1507         -43.610805     -18.709675       1.814581
1508         -35.659801     -13.799125     -16.548561
1509         -35.509270     -10.279454     -12.982370
1510         -33.583086     -20.582653     -10.074806
1511         -41.559951     -18.527825      -4.371635
1512         -44.192827     -13.856083      -1.671425
1513         -42.663321     -11.633428      -7.199238
1514         -38.337748     -14.647185      -9.268813
1515         -37.302504     -22.494312      -3.853255
1516         -39.298394     -21.041331      -8.647713
1517         -42.106587     -23.354608       9.657384
1518         -35.736723     -32.014225      10.899375
1519         -39.094208     -27.174854      11.402102
1520         -35.312106     -36.414352       7.254998
1521         -27.080080     -40.100461       2.627059
1522         -32.482719     -38.870617       3.362413
1523         -31.449885     -34.054576       1.142077
1524         -35.752856     -32.363490       3.966080
1525         -36.857891     -28.128721       6.841207
1526         -37.509571     -23.226688       7.662383
1527         -27.780548     -22.899961     -14.548281
1528         -32.266318     -18.986796     -16.296486
1529         -20.000000     -50.000000      10.621778
1530         -15.000000     -50.000000      10.621778
1531         -17.500000     -50.000000      14.951905
1532         -12.500000     -50.000000      14.951905
1533         -19.360860     -44.168431       5.445841
1534          -3.491076     -28.031953     -31.429964
1535           0.043253     -19.338578     -36.630632
1536          -4.361763     -22.912350     -31.474105
1537          -0.000000     -27.608514     -27.608514
1538          -7.943515     -27.587970     -27.198039
1539          -6.287927     -31.915352     -23.312622
1540         -10.920215     -29.025579     -20.713622
1541         -28.851934     -14.894170     -19.471956
1542         -27.007333     -16.665934     -25.217691
1543         -13.835792     -25.876984     -25.482086
1544         -20.150111     -26.718017     -25.595866
1545         -24.617901     -21.157151     -26.910901
1546         -20.049783     -19.572606     -28.658395
1547         -15.719408     -22.088354     -28.200390
1548         -24.764172     -21.461367     -21.780766
1549         -27.037117      -9.898894     -20.866606
1550         -23.825422     -12.925887     -27.240042
1551         -21.894209     -17.020930     -23.827602
1552         -23.949748     -17.376716     -17.844233
1553         -24.967358     -12.171349     -16.512528
1554         -25.564571      -6.348525     -24.793168
1555         -20.048136      -8.322714     -30.336428
1556         -10.814701     -20.977233     -28.212717
1557         -15.820039     -14.108515     -30.722822
1558         -12.711157      -5.595587     -35.976865
1559         -13.947467      -9.518330     -32.704487
1560          -0.363959     -34.820864     -27.585913
1561           3.297695     -31.743731     -29.305568
1562           5.886757     -38.081138     -26.020621
1563           3.774643     -27.110685     -31.340530
1564           2.760032     -22.454334     -33.730648
1565           8.773003     -28.907977     -36.003701
1566          -9.622472     -43.313236      -8.982747
1567         -11.058274     -35.596075     -12.780398
1568          17.500000     -50.000000     -11.028857
1569          13.226303     -45.385550     -16.988743
1570          10.000000     -50.000000     -15.358984
1571          14.999998     -50.000000     -15.358985
1572          -5.000000       1.961524     -50.000000
1573          -5.000000      10.621778     -50.000000
1574          -7.500000      14.951905     -50.000000
1575          -0.000000      -3.007709     -45.575539
1576          -0.000000       1.961524     -50.000000
1577           2.500000      -2.368603     -50.000000
1578           7.500000      -2.368603     -50.000000
1579           5.000000       1.961524     -50.000000
1580           2.500000       6.291651     -50.000000
1581         -10.000000      50.000000     -50.000000
1582         -14.861468       8.170439     -44.316657
1583         -20.741725       7.841156     -42.408047
1584         -20.255300      14.603156     -43.516906
1585         -15.000000      19.282032     -50.000000
1586         -31.897987      19.981946     -38.196021
1587         -29.948990      13.110960     -37.565554
1588         -27.570488      17.073149     -40.591204
1589         -23.687920      26.655414     -44.317024
1590         -27.376637      26.667327     -39.619468
1591         -17.150742      23.962928     -44.571889
1592         -21.545619      21.306186     -42.745366
1593         -22.840140      16.511294     -38.168636
1594          -5.000000      50.000000     -50.000000
1595          -2.719973      45.535500     -50.000000
1596           0.000000      50.000000     -50.000000
1597         -40.323545      35.987362     -30.853087
1598         -43.011527      33.879460     -26.536928
1599         -44.547524      44.577813     -25.881714
1600         -44.878129      38.859897     -27.196460
1601         -45.281278      50.000000     -23.127360
1602         -50.000000      45.299275     -23.064713
1603         -50.000000      40.107840     -23.749310
1604         -44.646265      37.309088     -22.071504
1605         -50.000000      37.500000     -19.689111
1606         -50.000000      32.492807     -19.684958
1607         -25.806024      21.503068     -36.812839
1608         -34.299387      30.890119     -35.592192
1609         -27.500000      50.000000     -37.009619
1610         -30.000000      50.000000     -32.679492
1611         -15.005993      27.938386     -50.000000
1612         -20.194780      36.487874     -50.000000
1613         -17.531580      32.252792     -50.000000
1614         -15.000000      36.602540     -50.000000
1615         -12.506262      32.241056     -50.000000
1616          -7.523070      45.670770     -50.000000
1617         -12.473813      45.670674     -50.000000
1618         -14.918472      41.584740     -50.000000
1619         -17.280027      45.535500     -50.000000
1620         -22.103543      45.450033     -50.000000
1621         -22.500000      50.000000     -45.669873
1622         -12.500000      50.000000     -45.669873
1623         -17.500000      50.000000     -45.669873
1624         -18.680164      40.251299     -50.000000
1625         -25.000000      50.000000     -41.339746
1626         -20.000000      50.000000     -41.339746
1627         -22.500000      50.000000     -37.009619
1628         -27.046123      37.641541     -43.926667
1629         -31.536765      33.457002     -41.803447
1630         -26.831085      44.245462     -38.742212
1631         -31.531123      41.710841     -41.579354
1632         -31.403680      37.469735     -37.488951
1633         -23.239723      32.318924     -42.473770
1634         -19.039954      30.251535     -45.198388
1635         -20.074236      37.445157     -43.887259
1636         -22.500000      43.030232     -42.783122
1637         -14.447128      39.320635     -45.300236
1638         -27.354647      32.327956     -37.237004
1639         -28.757983       4.335866     -32.825641
1640         -34.046976       6.115512     -32.172762
1641         -31.329467       4.367091     -27.410203
1642         -33.482211      14.304267     -33.490858
1643         -36.515711      10.688322     -31.038289
1644         -37.214108      15.671203     -30.323489
1645         -28.438970       9.923916     -33.314276
1646         -32.976056       8.089381     -23.872615
1647         -21.567967      -2.116321     -32.187418
1648         -15.515759      -3.541498     -31.983443
1649         -37.101098       4.159306     -18.845199
1650         -31.111209      -3.750087     -20.951754
1651         -35.462140      -0.733212     -20.232961
1652         -32.253778      42.346064     -33.604845
1653         -39.852667      42.032072     -25.103621
1654         -40.009865      50.000000     -23.969437
1655         -32.503195      50.000000     -28.337456
1656         -34.985040      50.000000     -24.027875
1657         -37.410249      50.000000     -19.740929
1658         -29.843841      44.895900     -29.147018
1659         -29.997504      50.000000     -24.020679
1660         -27.500000      50.000000     -28.349365
1661         -34.891033      43.250301     -26.843163
1662         -34.871735      36.014834     -30.094965
1663          -0.000000      10.621778     -50.000000
1664          -2.500000       6.291651     -50.000000
1665         -10.000000      19.282032     -50.000000
1666         -12.500000      23.612159     -50.000000
1667         -14.734372      15.499511     -44.753870
1668         -17.631614       3.181779     -36.502216
1669         -23.444835       5.418541     -31.354211
1670         -22.287605      11.804936     -35.697686
1671         -18.952165       7.809873     -33.662145
1672          -9.034358      -1.812966     -43.392150
1673         -13.216436       7.245170     -37.325911
1674          -2.634409       0.440548     -42.854559
1675          -8.460701       4.786666     -40.158253
1676          -4.867825       6.833775     -44.510176
1677          -9.301429      10.694520     -43.295080
1678          -9.395682      15.748286     -45.057543
1679         -10.000326      36.291069     -50.000000
1680          -7.500000      32.248896     -50.000000
1681         -50.000000     -20.000000      50.000000
1682         -50.000000     -15.000000      50.000000
1683         -30.370708     -12.659300     -14.512769
1684         -50.000000      30.000000     -15.358984
1685         -50.000000      27.496421     -19.687045
1686         -50.000000      20.000000     -15.358984
1687         -50.000000      22.500000     -19.689111
1688         -50.000000      25.000000     -15.358984
1689         -44.078404      29.514966     -22.086345
1690         -45.653170      24.967754     -20.506515
1691         -42.986867      21.601111     -23.191554
1692         -43.490457      17.324168     -18.034249
1693         -43.978549     -10.174612       4.396770
1694         -50.000000       2.500000      -2.368603
1695         -50.000000       0.000000       1.961524
1696         -50.000000       2.500000       6.291651
1697         -50.000000       7.500000      -2.368603
1698         -50.000000       5.000000       1.961524
1699         -44.787246      -1.762499      -2.698368
1700         -37.305573      -4.154092     -11.087458
1701         -35.027947      -0.000698     -14.556160
1702         -41.619210      -2.621131      -7.411493
1703         -44.370007       2.634760      -5.582026
1704         -50.000000      41.915838     -19.829498
1705         -41.961524      50.000000     -20.000000
1706         -50.000000      45.669873     -17.500000
1707         -45.669873      50.000000     -17.500000
1708         -50.000000      50.000000     -15.000000
1709         -50.000000      50.000000     -10.000000
1710         -50.000000      50.000000      -5.000000
1711         -50.000000      35.000000     -15.358984
1712         -50.000000      15.000000      -6.698730
1713         -50.000000      20.000000      -6.698730
1714         -50.000000      22.500000     -11.028857
1715         -50.000000      24.999660      -6.698678
1716         -38.078770     -29.831058      17.184134
1717         -21.757514     -40.938499      10.137215
1718         -36.138489     -36.927315      20.480444
1719         -36.705502     -36.294598      25.815341
1720         -20.000000     -50.000000      50.000000
1721         -23.181313     -45.355731      50.000000
1722         -22.500000     -50.000000      40.932667
1723         -22.461334     -50.000000      46.466627
1724         -22.484340     -50.000000      32.271012
1725         -19.985301     -50.000000      36.573296
1726         -15.000000     -50.000000      50.000000
1727          -2.203203     -42.140938     -11.907122
1728          -3.628310     -38.882282     -16.942280
1729          -1.588093     -35.223548     -20.960488
1730         -17.499063     -50.000000      40.621008
1731         -10.000000     -50.000000      50.000000
1732         -12.500000     -50.000000       6.291651
1733         -10.000000     -50.000000      10.621778
1734          -7.500000     -50.000000       6.291651
1735         -11.481612     -37.828676      -8.105270
1736         -14.274893     -41.101653      -4.131359
1737         -23.116569     -36.603898       5.083210
1738         -18.913110     -43.974324      14.725259
1739         -17.237228     -45.072499      19.776539
1740         -15.000000     -50.000000      19.282032
1741         -10.000000     -50.000000      19.282032
1742          50.000000     -50.000000     -10.000000
1743          50.000000     -50.000000      -5.000000
1744          34.985040     -50.000000     -24.027875
1745          32.499991     -50.000000     -19.689117
1746          37.410249     -50.000000     -19.740929
1747          50.000000     -45.299275     -23.064713
1748          35.751697     -43.827952     -28.488407
1749          43.648619     -34.989337     -35.565281
1750          39.565349     -36.677698     -32.411948
1751          50.000000     -35.032636     -32.622281
1752          45.280491     -37.999589     -31.531864
1753          41.376283     -41.397341     -30.433907
1754          50.000000     -37.653481     -28.213781
1755          50.000000     -40.107840     -23.749310
1756          43.658845     -42.792326     -24.080160
1757          50.000000     -45.669873     -17.500000
1758          45.669873     -50.000000     -17.500000
1759          41.961524     -50.000000     -20.000000
1760          50.000000     -45.595844     -12.550709
1761          45.595094     -50.000000     -12.554490
1762          40.697774     -50.000000     -15.240021
1763          37.381830     -50.000000     -10.960654
1764          34.999979     -50.000000     -15.358998
1765          29.999965     -50.000000     -15.359008
1766          26.718551     -44.631007     -22.509379
1767          19.999988     -50.000000     -15.358992
1768          24.999958     -50.000000     -15.359012
1769          30.460430     -45.230039     -18.873953
1770          32.229613     -42.839400     -23.201962
1771          37.980645     -43.300306     -23.193102
1772          10.311485     -31.611824     -30.982382
1773          14.240578     -33.523426     -33.523426
1774          17.216478     -34.978681     -29.733571
1775           8.914611     -26.865909     -29.946070
1776          22.098332     -44.399634     -19.304123
1777           5.000000     -50.000000      -6.698730
1778           7.499998     -50.000000      -2.368604
1779          27.499878     -50.000000     -11.028939
1780           5.186494     -27.305089     -26.017990
1781           7.653647     -32.096261     -26.710365
1782          14.907794     -33.100260     -25.674229
1783          11.304392     -28.746543     -25.963862
1784          12.500000     -50.000000     -11.028857
1785           9.999996     -50.000000      -6.698732
1786          14.999987     -50.000000      -6.698739
1787          15.216115     -37.787168     -22.203298
1788          20.753872     -36.144895     -21.339749
1789           3.698709     -37.212973     -21.448170
1790           8.416241     -45.159624     -10.117093
1791           8.533103     -44.252840     -15.042957
1792           5.059557     -38.727882     -16.725702
1793           5.531135     -41.086194     -10.545321
1794          10.010778     -35.174122     -21.772036
1795          11.617618     -39.665503     -17.216343
1796          19.377616     -41.735410     -15.160062
1797          17.524985     -37.604474     -17.607414
1798          21.911141     -33.187352     -29.436900
1799          35.843407     -31.945995     -38.382971
1800          30.434925     -34.263788     -35.565536
1801          31.390298     -28.815029     -39.942419
1802          29.405296     -28.570513     -34.762266
1803          27.644789     -39.412689     -22.750545
1804          28.975130     -34.825319     -28.593699
1805          31.877094     -37.283602     -25.138327
1806          34.641526     -36.086262     -30.204387
1807          40.697780     -15.240017     -50.000000
1808          35.000000     -15.358984     -50.000000
1809          30.000000     -15.358984     -50.000000
1810          32.500000     -11.028857     -50.000000
1811          14.131674     -24.561396     -39.616385
1812          27.500000     -11.028857     -50.000000
1813          25.000000     -15.358984     -50.000000
1814           5.084770     -17.999799     -38.164533
1815          10.907656     -21.422135     -37.148780
1816           7.264182     -20.095601     -33.857507
1817          22.500000     -11.028857     -50.000000
1818          17.331546     -21.397087     -42.083424
1819          17.500000     -16.733713     -45.180510
1820          17.500000     -11.028857     -50.000000
1821          11.820092     -17.363090     -43.466319
1822          12.956774     -11.325543     -43.884781
1823          20.398384     -12.228072     -45.220032
1824          23.136633     -18.347375     -43.465218
1825          28.974069     -21.378011     -42.181193
1826          32.601637     -19.213861     -44.964683
1827          28.606204     -16.146730     -44.495826
1828          12.500000      -2.368603     -50.000000
1829          15.000000      -6.698730     -50.000000
1830          25.000000      -6.698730     -50.000000
1831          20.000000      -6.698730     -50.000000
1832          17.500000      -2.368603     -50.000000
1833          10.000000       1.961524     -50.000000
1834           5.016804      -2.956556     -45.679152
1835           9.170349      -4.901210     -43.591542
1836           5.541932      -9.413425     -44.682794
1837           8.159245     -12.407761     -40.209856
1838           3.426897     -10.464884     -40.144600
1839           2.714551      -5.131483     -41.786724
1840          37.381848     -10.960642     -50.000000
1841          50.000000      -5.000000     -50.000000
1842          46.665516      -2.500000     -50.000000
1843          50.000000      -0.000000     -50.000000
1844          45.595094     -12.554490     -50.000000
1845          41.781416     -10.510401     -50.000000
1846          45.232354      -7.098129     -50.000000
1847          40.000000      -6.698730     -50.000000
1848          50.000000     -12.499999     -45.669873
1849          50.000000      -7.500000     -45.669873
1850          50.000000     -32.436945     -28.295325
1851          35.525093     -23.928866     -42.949368
1852          33.428639     -24.363149     -38.221637
1853          38.618036     -26.566412     -37.391843
1854          42.372291     -22.271984     -42.330103
1855          50.000000     -19.999888     -41.339681
1856          33.648624     -19.424401     -40.019979
1857          37.290166     -17.453051     -43.652039
1858          40.424352     -29.587736     -32.560350
1859          43.559783     -24.572908     -35.998156
1860          50.000000     -22.499487     -37.009323
1861          50.000000     -24.997363     -32.677970
1862          45.384214     -27.493027     -31.977025
1863          50.000000     -27.484181     -28.340232
1864          15.163016     -26.675580     -35.055148
1865          19.171263     -29.361818     -32.613182
1866          25.295521     -35.237960     -25.030786
1867          25.393090     -23.745526     -38.083879
1868          24.129718     -27.217300     -32.857923
1869          20.701004     -24.140795     -35.561884
1870          36.035001     -31.109077     -30.292953
1871          29.977612     -29.979967     -29.979967
1872          22.500000      -2.368603     -50.000000
1873          27.500000      -2.368603     -50.000000
1874          44.712603     -16.915241     -43.120698
1875          50.000000     -17.499841     -37.009527
1876          50.000000     -14.999950     -41.339717
1877          50.000000     -12.499974     -37.009604
1878          41.231957     -12.576729     -41.156209
1879         -14.118227       2.378272     -32.877479
1880         -39.596014      27.404903     -25.884279
1881         -38.951764      22.228009     -26.495085
1882         -27.988561      27.374206     -34.175803
1883         -35.115486      30.996344     -27.071847
1884         -30.005041      30.058357     -29.789830
1885         -31.797571      24.453650     -28.430584
1886         -30.567154      22.265216     -33.102808
1887         -35.257571      13.043711     -26.438126
1888         -39.802568       9.048757     -15.083888
1889         -40.089513      13.522434     -17.562927
1890         -34.412054      19.892306     -27.729545
1891         -36.921988      18.108655     -21.333424
1892         -37.939985      23.795679     -21.430626
1893         -30.771922       3.900792     -21.717798
1894          -5.000000     -50.000000      50.000000
1895          -0.000000     -50.000000      50.000000
1896         -45.675676     -22.498735      50.000000
1897         -50.000000     -22.682227      44.668542
1898         -50.000000     -22.780305      40.009741
1899         -45.669873     -17.500000      50.000000
1900         -50.000000     -17.500000      23.612159
1901         -50.000000     -12.500000      23.612159
1902         -50.000000      -9.999967      10.621753
1903         -50.000000      -4.999993      10.621773
1904         -44.220891     -18.333190      12.720865
1905         -41.837293     -15.598566       7.262883
1906         -45.447860     -14.745351      16.388041
1907         -50.000000      -7.499991      14.951898
1908         -50.000000     -10.000000      19.282032
1909         -42.333158     -21.905642      18.247140
1910         -44.743963     -20.000000      23.664730
1911         -50.000000       2.500000      14.951905
1912         -41.060009     -32.353771      41.334472
1913         -44.733843     -28.996235      38.549430
1914         -43.584459     -29.056890      27.827248
1915         -39.930642     -34.124943      29.566878
1916         -50.000000     -20.000000      27.942286
1917         -50.000000     -15.000000      27.942286
1918         -50.000000     -22.500000      32.272413
1919         -50.000000     -17.533370      32.225710
1920         -50.000000     -20.200218      36.463427
1921         -12.500000     -50.000000      23.612159
1922          -7.500000     -50.000000      23.612159
1923          -5.000000     -50.000000      27.942286
1924         -10.000000     -50.000000      27.942286
1925         -14.998925     -50.000000      27.940481
1926         -12.498608     -50.000000      32.266688
1927         -14.996707     -50.000000      36.573298
1928         -17.494940     -50.000000      32.267306
1929         -23.138543     -41.669820      18.622951
1930         -25.889835     -44.194084      25.798638
1931         -19.845655     -43.601657      24.311153
1932         -15.176883     -45.596297      25.250757
1933         -18.528408     -40.187281      20.167339
1934         -36.854333     -38.466166      32.169306
1935         -32.438256     -40.390607      28.722957
1936         -18.307921     -44.769197      29.774277
1937         -29.484973     -42.506868      35.362878
1938         -30.765344     -41.589397      42.784674
1939         -23.563464     -43.028836      31.484224
1940         -24.997029     -43.467631      44.317623
1941         -22.381484     -44.663266      38.086021
1942         -28.885177     -37.997553      24.878779
1943         -27.290293     -40.114284      29.344153
1944         -20.000000     -41.339746      50.000000
1945         -36.102162     -32.390790      39.448198
1946         -29.315303     -37.394045      37.565466
1947         -29.944569     -32.470403      50.000000
1948         -26.149753     -38.072464      44.850608
1949         -29.071122     -34.222266      42.137262
1950         -25.113488     -32.789964      50.000000
1951         -22.500000     -37.009619      50.000000
1952         -44.386791      14.402816     -12.690749
1953         -45.210814      19.445008     -10.036773
1954         -43.324817       9.605147      -8.983285
1955         -45.348298      11.455628      -4.526206
1956         -50.000000      10.000000       1.961524
1957         -50.000000      12.500000      -2.368603
1958         -50.000000      17.500000      -2.368603
1959         -50.000000      22.500000      -2.368603
1960         -50.000000      20.000000       1.961524
1961         -31.622526      -7.206366     -13.742505
1962         -36.848454      -9.277429      -8.256802
1963         -50.000000       7.500000       6.291651
1964         -50.000000       7.500000      14.951905
1965         -50.000000      -4.999998      19.282031
1966         -50.000000      -2.499997      14.951903
1967         -45.407049      -5.265126       7.888100
1968         -50.000000       0.000000      10.621778
1969         -50.000000       5.000000      10.621778
1970         -38.632905      -6.073472      -3.698943
1971         -42.612855      -4.780182       1.042094
1972         -44.313729      -0.757513       5.218917
1973         -32.955783      10.949010     -19.528903
1974         -38.090113       5.220294     -11.163117
1975         -33.482452       6.630259     -14.284582
1976         -33.260528      -4.622234      -5.820045
1977         -41.554421     -23.744505      41.467143
1978         -41.343672     -20.000000      50.000000
1979         -37.914940     -27.895018      44.041346
1980         -32.105176     -30.267604      44.748303
1981         -36.652961     -27.864204      50.000000
1982         -31.861382     -28.261959      50.000000
1983         -37.210638     -22.411061      50.000000
1984         -33.848144     -24.843733      50.000000
1985         -24.967526     -38.879558      14.141327
1986         -27.443516     -36.418858       8.983381
1987         -27.825244     -37.502590      18.670536
1988         -39.075871     -20.277631      13.795333
1989         -43.381619     -14.810830      21.241141
1990         -32.544185     -31.852491      15.653788
1991         -35.842913     -24.779009      14.627275
1992         -29.162112     -35.552238      13.924329
1993         -33.028617     -34.296798      29.231813
1994         -35.325914     -31.613985      34.258433
1995         -43.979536     -22.823026      29.572161
1996         -41.840860     -27.296137      33.937828
1997         -44.542489     -22.602961      36.434573
1998         -38.659953     -21.688320      29.264878
1999         -39.411325     -24.982231      24.991058
2000         -35.606312     -31.090664      24.669120
2001         -37.840896     -24.685421      19.739388
2002         -44.207297     -12.126663      11.980128
2003           0.000000     -14.554990     -35.013797
2004          -5.947330     -21.699288     -26.742413
2005          -2.665760     -17.226840     -30.283751
2006          -7.739104     -15.113363     -32.816099
2007          -9.120121     -10.322293     -36.845571
2008          -4.167681     -11.140640     -34.883980
2009          -5.426112      -5.472525     -38.828558
2010          -0.007702      -8.412302     -36.956405
2011          -0.094911      -1.754920     -38.562981
2012         -10.710191      -0.859769     -34.884618
2013          -7.904596      -5.789986     -33.859315
2014         -24.332828     -34.195503      -0.960951
2015         -31.711449     -31.057429      -5.843750
2016         -34.660786     -26.788757      -0.902549
2017         -33.313453     -25.120740      -5.464124
2018         -28.976263     -25.039164      -8.030773
2019         -17.694282     -34.817018      -3.812613
2020         -19.675458     -32.557741      -7.960890
2021         -20.168991     -32.560038       1.355961
2022         -24.141935     -30.050311      -7.991982
2023         -28.162572     -19.282304     -10.317623
2024         -24.352217     -22.606718      -8.975971
2025         -21.020923     -22.574604     -13.732091
2026         -18.065131     -24.443997     -20.026158
2027         -18.346498     -28.027745      -9.948501
2028         -13.936207     -32.705513      -9.531781
2029         -14.750679     -28.141157     -16.781229
2030          -7.245093     -32.652772     -15.444194
2031          -6.281657     -36.487298     -10.933726
2032         -10.624415     -28.337928     -10.196044
2033         -25.369719       4.830091     -24.516165
2034         -21.558557      -6.538168     -21.479650
2035         -22.045119       0.127441     -26.315395
2036         -24.719700      -0.471231     -20.335631
2037         -24.360433      -6.910364     -17.112216
2038         -28.468455      -3.371211     -16.131407
2039         -30.491856      -1.275579     -11.391529
2040         -17.614968     -36.509210       3.161890
2041          -5.000000     -50.000000      19.282032
2042          -2.500000     -50.000000      14.951905
2043          -7.500000     -50.000000      14.951905
2044          12.499983     -50.000000      -2.368616
2045           2.517014     -45.176461      -8.151929
2046          -9.794883     -44.393042      -1.604620
2047          -2.656120     -44.312716      -6.142909
2048          -7.500000     -50.000000      -2.368603
2049           2.500000     -50.000000      -2.368603
2050          -2.500000     -50.000000      -2.368603
2051          -5.000000     -50.000000       1.961524
2052          -0.000000     -50.000000       1.961524
2053          -2.500000     -50.000000       6.291651
2054          -5.000000     -50.000000      10.621778
2055         -13.965850     -43.049453       2.648137
2056          -8.182525     -45.094858       3.798956
2057         -37.905167     -21.666585       2.914907
2058         -38.979969     -11.056355      -0.653600
2059         -38.577094     -16.649409       0.565552
2060         -31.809127     -20.531032      -3.543518
2061         -32.705046     -13.934752      -9.530909
2062         -35.937139     -15.447587      -4.201971
2063         -37.488151     -12.933912       4.584545
2064         -35.519299     -19.070630       9.635945
2065         -29.584771     -29.385627       8.788956
2066         -32.001204     -23.977723      10.022375
2067         -27.688301     -32.760708       4.910864
2068         -27.597951     -27.597851      -0.009610
2069         -31.835405     -28.911109       3.571918
2070         -30.402178     -22.000985       4.396395
2071         -24.563910     -15.581950     -12.436315
2072         -26.284162      -9.696486     -11.979644
2073         -14.408888     -42.546342       9.676764
2074         -12.371240     -44.176769      14.884531
2075         -22.578208     -34.597841       9.939992
2076         -17.302764     -37.813501       8.643135
2077           9.999985     -50.000000       1.961512
2078           5.000000     -50.000000       1.961524
2079          -0.333333     -31.069904     -23.777971
2080          -8.288811     -26.738961     -15.810199
2081          -2.563041     -28.835270     -19.679166
2082           5.014249     -11.361609     -35.268229
2083           2.777447     -16.792358     -30.985847
2084          -1.024527     -23.681831     -23.976193
2085           2.593785     -20.713273     -27.306568
2086          -6.130475     -23.866450     -22.090067
2087         -12.232485     -21.703592     -20.943022
2088         -21.504947     -12.400661     -20.564890
2089         -16.860160     -19.628783     -23.793411
2090         -15.453465     -14.216529     -25.397667
2091         -18.315998     -18.315998     -18.315998
2092         -19.554519      -9.776111     -25.024093
2093         -19.939410     -12.646961     -14.809741
2094         -15.507414     -14.487988     -16.492970
2095          -8.941988     -17.068757     -23.647582
2096         -18.635498      -4.326513     -25.209030
2097         -14.292449      -2.146902     -27.107443
2098         -14.213995      -8.361683     -25.258856
2099         -10.407131     -11.922815     -28.201796
2100         -10.307068      -4.992308     -28.906650
2101           4.185791     -32.093354     -21.476785
2102           8.542712     -20.772427     -28.981613
2103          13.012511     -22.710122     -31.739775
2104           0.124325     -10.260129     -32.116746
2105           0.841962     -39.724954      -8.020430
2106          -5.417594     -38.828026      -5.479324
2107          -8.587285     -33.217630      -5.944739
2108          32.499910     -50.000000     -11.028917
2109          22.499927     -50.000000     -11.028906
2110          19.999935     -50.000000      -6.698774
2111          24.999682     -50.000000      -6.698944
2112          18.570807     -44.912452     -11.123456
2113          13.668823     -43.515040     -12.151325
2114          14.999916     -50.000000       1.961459
2115          17.499972     -50.000000      -2.368623
2116           5.000000      50.000000     -50.000000
2117          10.000000      50.000000     -50.000000
2118          15.000000      50.000000     -50.000000
2119          -5.000000      19.282032     -50.000000
2120          -2.500000      14.951905     -50.000000
2121           0.241285       4.436387     -45.164014
2122          -3.049753      12.382554     -45.199962
2123           1.926887      12.377911     -45.728114
2124           2.500000      14.951905     -50.000000
2125           5.000000      10.621778     -50.000000
2126           7.500000       6.291651     -50.000000
2127          12.500000       6.291651     -50.000000
2128           4.365679       1.691694     -42.922148
2129           8.918173       0.153751     -45.143437
2130           4.588848       7.972406     -45.336597
2131          10.000000      10.621778     -50.000000
2132           5.000000      19.282032     -50.000000
2133           7.500000      14.951905     -50.000000
2134          50.000000       5.000000     -50.000000
2135          50.000000      10.000000     -50.000000
2136          25.000000      50.000000     -50.000000
2137         -10.000000      41.339746     -50.000000
2138          -7.500000      50.000000     -45.669873
2139          -5.000000      36.602540     -50.000000
2140          -5.081366      41.584745     -50.000000
2141          -2.500000      50.000000     -45.669873
2142          -1.319836      40.251299     -50.000000
2143         -14.823899      12.498830     -39.875133
2144         -17.680246      17.206175     -39.374182
2145         -16.366124      13.071812     -33.121266
2146         -10.446072      31.053212     -45.521870
2147         -10.000000      27.942286     -50.000000
2148          -5.000000      27.942286     -50.000000
2149          -7.500000      23.612159     -50.000000
2150          -0.000000      27.942286     -50.000000
2151          -2.500000      32.272413     -50.000000
2152          -2.500000      23.612159     -50.000000
2153           2.500000      23.612159     -50.000000
2154          -0.000000      19.282032     -50.000000
2155         -17.505191      27.735760     -40.654044
2156         -13.970023      20.418841     -41.920119
2157         -11.552729      26.497721     -43.590077
2158         -26.695995      16.280913     -32.217203
2159         -20.858367      15.720839     -32.503620
2160         -21.540709      25.606305     -36.883827
2161         -16.576317      23.113349     -38.058070
2162         -20.081882      20.089051     -35.313400
2163          -5.000000      45.172057     -45.037280
2164           2.109445      45.516037     -50.000000
2165           2.500000      50.000000     -45.669873
2166         -35.661750       9.669415     -10.848798
2167         -37.654986      37.536804     -23.081082
2168         -40.127678      32.796375     -22.414557
2169         -42.565422      42.550238     -20.466772
2170         -50.000000      50.000000      -0.000000
2171         -50.000000      40.704075     -15.208258
2172         -50.000000      27.500000     -11.028857
2173         -50.000000      32.500000     -11.028857
2174         -50.000000      29.998146      -6.698313
2175         -44.628912      38.909839     -16.611730
2176         -42.394106      33.842192     -17.914205
2177         -45.279805      33.064960     -13.645684
2178         -40.697774      50.000000     -15.240021
2179         -37.381830      50.000000     -10.960654
2180         -34.999979      50.000000     -15.358998
2181         -24.089807      24.451412     -31.574916
2182         -24.787816      29.912113     -29.539039
2183         -28.625715      36.020839     -32.497135
2184         -25.000000      50.000000     -32.679492
2185         -25.345984      43.047004     -33.004424
2186         -20.000000      50.000000     -32.679492
2187           0.000000      50.000000     -41.339746
2188         -22.331171      30.755063     -34.073138
2189         -17.716626      29.180279     -35.719240
2190         -15.015632      33.655276     -43.564675
2191          -9.995895      36.857633     -44.052729
2192         -12.532883      44.027330     -44.027912
2193         -10.000000      50.000000     -41.339746
2194         -15.000000      50.000000     -41.339746
2195         -17.500000      45.219272     -42.123526
2196         -17.500000      50.000000     -37.009619
2197         -12.500000      50.000000     -37.009619
2198         -20.435746      44.016900     -36.880526
2199         -25.000000      37.975021     -37.771468
2200         -18.970728      34.892872     -38.061297
2201         -15.879179      40.321275     -40.362213
2202         -21.729470      36.494903     -33.241258
2203          12.500000      14.951905     -50.000000
2204         -28.805385       9.465588     -26.657804
2205         -29.887031      15.175477     -27.425766
2206         -24.444320      10.705285     -29.686484
2207         -27.995055      10.692023     -21.514282
2208         -17.225050       1.867024     -28.850756
2209         -20.095904       5.898812     -27.495862
2210         -23.011416      15.582920     -27.715674
2211         -28.847169       2.104446     -15.644384
2212         -28.423575      39.838705     -27.004753
2213         -35.810150      43.075938     -19.512405
2214         -30.295719      43.925702     -22.701533
2215         -32.499991      50.000000     -19.689117
2216         -27.499993      50.000000     -19.689116
2217         -24.547083      44.453958     -27.164413
2218         -22.500000      50.000000     -28.349365
2219         -24.999583      50.000000     -24.019479
2220         -31.413389      36.783886     -22.334546
2221         -35.467836      30.968955     -21.218729
2222         -28.455008      33.824513     -26.000261
2223           0.258461       9.087383     -42.346592
2224          -7.305659      20.464324     -43.626985
2225         -10.344987      16.451221     -39.235230
2226         -10.497746      11.760877     -36.772121
2227         -13.915354       7.239251     -31.309692
2228         -19.388594      10.978630     -27.663234
2229         -17.269575      15.431564     -28.749332
2230         -12.728788      11.951650     -29.693048
2231          -5.315702       0.404152     -37.444036
2232           0.892771       3.610622     -36.814994
2233          -7.870353       5.651808     -33.588707
2234          -5.733425       9.620383     -37.671618
2235          -3.208462       5.400044     -39.674105
2236          -4.720634      14.848171     -40.609424
2237           0.196694      36.485059     -50.000000
2238           2.500000      32.272413     -50.000000
2239           7.500003      23.612158     -50.000000
2240          15.000091      27.942234     -50.000000
2241          10.000000      27.942286     -50.000000
2242           5.000000      27.942286     -50.000000
2243           7.500000      32.272413     -50.000000
2244           3.259150      40.931690     -50.000000
2245           5.000000      36.579023     -50.000000
2246          -5.478976      31.966018     -45.070490
2247          -8.731420      31.981271     -40.841306
2248         -50.000000     -17.283551      45.509948
2249         -50.000000     -12.463925      45.643219
2250         -50.000000     -10.000000      50.000000
2251         -50.000000     -18.750917      40.530435
2252         -50.000000     -14.925717      36.739460
2253         -45.669873     -12.500000      50.000000
2254         -50.000000      -7.527357      45.688616
2255         -45.718969      -7.500000      50.000000
2256         -50.000000      -5.000000      50.000000
2257         -50.000000       0.000000      50.000000
2258         -50.000000     -14.919241      41.469625
2259         -50.000000      -2.700218      45.808986
2260         -50.000000     -10.000000      41.339746
2261         -50.000000      -9.719034      36.560328
2262         -50.000000     -12.500000      32.272413
2263         -50.000000      -7.500000      32.272413
2264         -50.000000      -7.500000      23.612159
2265         -50.000000     -10.000000      27.942286
2266         -33.747369      -9.423900      -2.583376
2267         -27.573808     -14.231375      -8.310312
2268         -45.157694      27.856068     -13.710032
2269         -41.650518      25.959822     -17.565857
2270         -44.737710      22.117396     -14.677071
2271         -39.279380      30.263662     -15.389029
2272         -39.963457      21.071806     -17.528532
2273         -40.474167      19.139722     -12.311540
2274         -38.810947      13.601882     -10.209506
2275         -50.000000      15.000000       1.961524
2276         -50.000000      10.000000      10.621778
2277         -50.000000      12.500000       6.291651
2278         -50.000000      17.500000       6.291651
2279         -50.000000      15.000000      10.621778
2280         -39.395913      -5.092763       5.046526
2281         -40.778909      -7.499975       9.379487
2282         -42.854454       2.638736       0.438049
2283         -44.717520       5.092979       5.432297
2284         -43.414065       9.507275      -0.071213
2285         -37.534340      -0.390873      -2.847527
2286         -34.252399       1.484672      -8.158007
2287         -38.829518       5.432876      -5.473638
2288         -50.000000       5.000000      19.282032
2289         -50.000000      12.500000      23.612159
2290         -50.000000      10.000000      19.282032
2291         -50.000000      12.500000      14.951905
2292         -50.000000      17.500000      14.951905
2293         -44.239549      44.237514     -14.653130
2294         -50.000000      45.595844     -12.550709
2295         -45.595094      50.000000     -12.554490
2296         -41.781410      50.000000     -10.510405
2297         -45.232354      50.000000      -7.098129
2298         -46.665516      50.000000      -2.500000
2299         -50.000000      46.665516      -2.500000
2300         -50.000000      45.232354      -7.098129
2301         -50.000000      41.762418     -10.501234
2302         -50.000000      37.381848     -10.960642
2303         -50.000000      34.990335      -6.695389
2304         -50.000000      39.897971      -6.688432
2305         -50.000000      37.498674      -2.369369
2306         -50.000000      42.483859      -2.384153
2307         -43.870928      20.054208      -4.983342
2308         -43.671890      24.457216      -9.575175
2309         -39.926893      21.317498      -7.821242
2310         -50.000000      24.999813       1.961416
2311         -50.000000      27.499813      -2.368711
2312         -50.000000      34.993312       1.957663
2313         -44.339889      27.782081      -4.541590
2314         -50.000000      32.498730      -2.369336
2315         -50.000000      29.999067       1.960985
2316         -50.000000      45.450821       2.304916
2317         -50.000000      50.000000       5.000000
2318         -50.000000      50.000000      20.000000
2319         -50.000000      50.000000      15.000000
2320         -50.000000      27.500000       6.291651
2321         -50.000000      22.500000       6.291651
2322         -50.000000      20.000000      10.621778
2323         -50.000000      25.000000      10.621778
2324         -50.000000       5.000000      50.000000
2325         -50.000000      10.000000      50.000000
2326         -50.000000      15.000000      50.000000
2327         -32.570043     -27.474956      20.334980
2328         -19.838257     -36.832547      13.864427
2329         -28.907117     -32.720328      22.581130
2330         -17.503152     -37.012688      50.000000
2331         -17.500000     -45.669873      50.000000
2332         -12.500000     -50.000000      40.932667
2333         -17.500000     -50.000000      45.669873
2334         -12.500000     -50.000000      46.454483
2335         -18.954859     -42.975662      42.768007
2336         -17.491004     -42.680599      35.142725
2337         -15.000525     -41.340257      50.000000
2338         -12.500000     -45.669873      50.000000
2339          -0.000045     -35.021942     -14.569880
2340           2.197372     -30.413225     -16.626739
2341          -1.658397     -27.529619     -13.958884
2342          -1.262952     -34.650553      -8.210661
2343          22.498957     -50.000000      -2.369312
2344           5.000000     -50.000000      50.000000
2345          10.000000     -50.000000      50.000000
2346         -13.049448     -44.855465      37.885382
2347          -9.999219     -50.000000      36.573195
2348          -7.499638     -50.000000      32.266568
2349          -7.500000     -50.000000      45.669873
2350          -7.500000     -45.669873      50.000000
2351          -7.556335     -50.000000      40.154017
2352          -2.782648     -50.000000      41.021192
2353          -7.500000     -44.183109      10.425651
2354           2.499999     -50.000000       6.291650
2355          -0.000000     -50.000000      10.621778
2356          20.000000     -50.000000       1.961524
2357          -9.837897     -37.394024      -0.414277
2358         -13.256922     -31.403127      -4.540597
2359         -14.315664     -33.134046       0.250284
2360         -22.592543     -30.808525       5.410460
2361         -16.593256     -30.763404       4.716515
2362         -15.196945     -39.328218      16.445969
2363         -12.420976     -43.283979      21.547104
2364          -7.731701     -45.489173      20.714655
2365          -0.000000     -50.000000      27.942286
2366          -4.999809     -50.000000      36.573158
2367          -2.500000     -50.000000      32.272413
2368          -3.284538     -45.330947      29.838615
2369          -5.040592     -43.703458      24.851598
2370          32.679492      15.000000     -50.000000
2371          37.315467      12.402330     -50.000000
2372          32.500000      -2.368603     -50.000000
2373          37.500000      -2.368603     -50.000000
2374          37.355956       6.923399     -50.000000
2375          35.000000       1.961524     -50.000000
2376          32.500000       6.291651     -50.000000
2377          30.000000       1.961524     -50.000000
2378          17.499496     -50.000000       6.291259
2379           7.499974     -50.000000       6.291631
2380          12.499902     -50.000000       6.291575
2381           2.499997     -50.000000      14.951903
2382           4.999993     -50.000000      10.621773
2383          -2.500000     -50.000000      23.612159
2384          -0.000000     -50.000000      19.282032
2385           2.500000     -50.000000      23.612159
2386           4.999998     -50.000000      19.282031
2387           9.999967     -50.000000      10.621753
2388          14.999900     -50.000000      10.621700
2389           5.000000     -50.000000      27.942286
2390          27.498510     -50.000000      -2.369609
2391          29.999583     -50.000000      -6.699011
2392          29.995419     -50.000000       1.958454
2393          50.000000     -50.000000      -0.000000
2394          50.000000     -50.000000      10.000000
2395          45.232354     -50.000000      -7.098129
2396          46.665516     -50.000000      -2.500000
2397          50.000000     -46.665516      -2.500000
2398          50.000000     -45.232354      -7.098129
2399          35.710500     -44.014604     -17.828538
2400          50.000000     -41.915838     -19.829498
2401          50.000000     -37.500000     -19.689111
2402          37.603399     -37.543591     -23.262284
2403          43.055457     -34.697703     -28.047637
2404          44.781687     -37.250406     -23.231181
2405          50.000000     -35.022956     -23.939761
2406          41.892225     -41.944036     -17.470650
2407          50.000000     -40.704075     -15.208258
2408          50.000000     -32.492807     -19.684958
2409          34.980038     -50.000000      -6.687542
2410          42.909528     -45.118293     -12.985325
2411          40.000000     -50.000000      -6.698730
2412          50.000000     -41.762418     -10.501234
2413          41.781410     -50.000000     -10.510405
2414          36.375146     -43.893320     -10.359733
2415           7.880499     -15.408978     -31.980596
2416           4.086476     -24.098981     -21.771535
2417          31.183672     -44.223946     -13.155705
2418          27.225057     -41.239040     -17.787161
2419          24.999895     -43.864937     -12.037439
2420          32.428720     -38.284671     -19.107512
2421          15.014333     -28.343377     -29.307455
2422          19.925971     -30.006747     -24.805553
2423           8.574101     -22.804864     -24.150392
2424          13.344281     -23.501715     -26.207638
2425          23.766961     -36.633417     -16.206348
2426           6.693284     -44.569638      -2.729746
2427           6.264414     -40.267722      -5.519074
2428          27.314802     -45.140642      -7.308910
2429          34.899268     -39.160115     -13.568585
2430          25.284245     -32.512664     -18.779722
2431          10.832189     -28.221078     -21.003345
2432          15.790115     -30.024842     -21.455000
2433          15.306640     -45.148430      -4.261399
2434          10.684220     -43.030336      -6.189950
2435          15.276514     -33.002315     -17.106500
2436          20.544433     -30.659728     -18.856057
2437           7.798654     -33.026124     -14.733607
2438           9.505253     -36.944929      -7.738705
2439           9.016882     -37.876517     -12.944831
2440           4.366243     -35.547432     -10.980503
2441          12.085386     -30.457330     -14.168074
2442          20.266751     -33.804311     -12.280300
2443          15.415340     -37.669197     -12.826360
2444          20.542519     -38.902120     -10.824252
2445          25.000645     -28.831304     -27.470637
2446          34.395197     -28.293016     -34.305785
2447          37.421871     -26.070643     -29.571296
2448          30.025387     -23.605458     -34.377299
2449          27.939299     -25.330368     -30.081176
2450          29.124407     -28.901833     -24.172288
2451          29.571744     -33.365887     -21.386322
2452          35.032685     -31.132229     -25.221779
2453          34.957150     -12.155973     -45.099961
2454          34.980308      -6.687361     -50.000000
2455          30.000000      -6.698730     -50.000000
2456          29.728774     -10.962989     -45.144095
2457          19.666527     -18.068409     -38.320949
2458          17.651551     -20.206400     -33.624427
2459          24.702812     -18.225053     -36.018830
2460          26.478299      -6.837844     -45.097077
2461          25.104864     -11.990885     -42.671348
2462          13.082050     -15.168498     -36.182472
2463          21.484711      -7.127834     -43.991022
2464          17.738938     -13.432636     -40.662417
2465          15.634391      -6.056268     -42.224156
2466          12.905227     -10.691312     -38.756636
2467          22.143830     -10.187179     -38.831259
2468          27.383187     -14.962333     -39.058769
2469          32.164185     -17.079956     -34.398184
2470          32.282775     -14.119226     -40.593109
2471          15.000000       1.961524     -50.000000
2472          15.000000      10.621778     -50.000000
2473          17.500000       6.291651     -50.000000
2474          15.527175      -1.181854     -44.924362
2475          20.396492      -2.410699     -45.413789
2476          25.000000       1.961524     -50.000000
2477          20.000000       1.961524     -50.000000
2478          27.500000       6.291651     -50.000000
2479          25.000000      10.621778     -50.000000
2480          22.500000       6.291651     -50.000000
2481          29.850423      10.526164     -50.000000
2482          33.927531      10.059535     -50.000000
2483          12.781404       3.567369     -43.940417
2484           5.188928      -1.077397     -37.418962
2485          11.189529      -0.513743     -38.937428
2486          15.157603       2.501308     -39.432950
2487           9.735413      -6.298897     -37.423491
2488           4.616810      -5.742446     -33.351941
2489           8.826503      -9.054024     -31.580879
2490          39.921792       1.917793     -50.000000
2491          45.233268       2.197964     -50.000000
2492          38.063054      -6.676814     -44.328641
2493          42.425488      -2.424951     -50.000000
2494          50.000000       2.500000     -45.669873
2495          50.000000      -2.500000     -45.669873
2496          45.037410      -1.402786     -45.297301
2497          44.547366      -7.772674     -42.940551
2498          50.000000      -9.999996     -41.339743
2499          50.000000      -4.999999     -41.339746
2500          43.640236     -28.234179     -27.033910
2501          50.000000     -29.978526     -24.006840
2502          37.191333     -21.364950     -36.275331
2503          43.088668     -17.830394     -37.053847
2504          37.400634     -15.249045     -37.114849
2505          36.178421     -10.608622     -39.496985
2506          50.000000     -25.000000     -24.019238
2507          50.000000     -22.500000     -28.349365
2508          50.000000     -19.999561     -32.679238
2509          42.317698     -21.177660     -30.139007
2510          45.378087     -17.983950     -32.562366
2511          45.241000     -23.048221     -26.197786
2512          50.000000     -14.999884     -32.679425
2513          19.688538     -24.894956     -27.858377
2514          24.457243     -27.334072     -22.007179
2515          23.544583     -21.469584     -31.035848
2516          38.591417     -25.135893     -24.272459
2517          32.714764     -25.981236     -26.715701
2518          30.337902      -2.049320     -45.060424
2519          25.120075      -2.110433     -43.665231
2520          44.350650     -12.326040     -36.411285
2521          50.000000      -7.500000     -37.009619
2522          50.000000     -10.000000     -32.679492
2523          40.723519      -7.585436     -39.102014
2524         -10.641007       1.743658     -27.270746
2525         -32.460085      24.715018     -23.016035
2526         -27.279574      25.959929     -26.095704
2527         -30.931664      29.244762     -24.762585
2528         -26.643077      19.840030     -25.979260
2529         -30.540258      16.624692     -21.783459
2530         -35.846103      15.314160     -15.321289
2531         -28.265961      21.851144     -21.272426
2532         -21.017858       9.073167     -21.202328
2533         -35.201249      22.192447     -15.853477
2534         -34.523644      26.309809     -18.694087
2535         -25.370825       7.797590     -17.860207
2536         -31.009486      15.994797     -13.885118
2537         -27.807510      13.539346     -16.989443
2538          -2.500000     -45.669873      50.000000
2539          -2.342996     -50.000000      45.796552
2540           1.224062     -50.000000      41.826599
2541           2.700218     -50.000000      45.808986
2542           2.500000     -45.669873      50.000000
2543         -43.267525     -18.335987      44.226653
2544         -41.363305     -15.000000      50.000000
2545         -37.222646     -17.433522      50.000000
2546         -37.118318     -11.868580      50.000000
2547         -50.000000       7.500000      23.612159
2548         -50.000000      10.000000      27.942286
2549         -50.000000      -5.000000      27.942286
2550         -50.000000       0.000000      19.282032
2551         -50.000000       2.500000      23.612159
2552         -50.000000       0.000000      27.942286
2553         -50.000000      -2.500000      23.612159
2554         -44.166611     -11.471614      26.414350
2555         -41.594456     -17.007771      27.538470
2556         -44.421126      -6.056186      13.768063
2557         -39.702811     -14.944686      15.399454
2558         -37.771757     -12.535055      10.324701
2559         -42.390954      -8.450140      18.743730
2560         -44.461239      -4.343506      22.505464
2561         -39.165671     -18.930468      22.392938
2562         -39.303454     -12.955186      24.386048
2563         -44.791094       3.699440      14.994960
2564         -45.465996       8.266598      16.942588
2565         -36.791440     -25.544703      35.860756
2566         -36.692159     -26.880470      30.341002
2567         -33.471026     -27.804618      39.876905
2568         -43.605269     -17.145214      33.826948
2569         -41.199917     -18.873609      38.828698
2570         -33.783392     -21.220077      21.028745
2571         -10.367128     -44.444320      26.733354
2572         -12.212664     -43.918830      32.371569
2573         -14.621658     -40.790025      27.736840
2574         -19.746538     -35.286855      20.600024
2575         -24.628561     -35.514142      22.152293
2576         -23.333511     -38.086062      26.395337
2577         -18.486293     -38.805141      25.151287
2578         -14.551883     -37.754075      22.155301
2579         -27.485722     -35.764784      32.563538
2580         -18.974992     -37.455501      31.045313
2581         -23.398758     -38.721441      38.499093
2582         -25.848697     -32.868472      27.657113
2583         -12.500000     -37.009619      50.000000
2584         -17.288851     -37.783077      44.694753
2585         -13.373869     -39.215369      34.531732
2586         -17.193742     -37.043370      37.502966
2587         -27.467149     -28.368332      50.000000
2588         -29.769698     -24.178781      50.000000
2589         -28.215258     -30.301923      36.458454
2590         -24.809663     -33.480025      39.034823
2591         -26.918561     -28.145103      43.447747
2592         -22.762189     -33.781255      43.939229
2593         -22.499997     -28.349367      50.000000
2594         -20.018914     -32.697904      50.000000
2595         -24.999991     -24.019243      50.000000
2596         -41.025757      14.398533      -4.328079
2597         -38.150142      10.508162      -6.129920
2598         -45.079891      10.333810       6.619658
2599         -44.472925      16.289039       0.148540
2600         -44.400387      20.856333       6.426547
2601         -42.575897      21.875942       0.976121
2602         -26.719744       0.752895      -7.910933
2603         -26.301425      -4.296301      -9.039539
2604         -28.980903      -9.750705      -5.891402
2605         -43.771864       7.011296      10.924827
2606         -43.404623      -1.129978      16.819141
2607         -41.592319       0.857798      10.367255
2608         -37.768665       3.440648       7.116788
2609         -34.371598      -4.283711      -0.329093
2610         -36.812787      -0.879374       3.612405
2611         -35.045371      -7.671276       4.094714
2612         -28.530754       9.192089     -13.394189
2613         -33.407918       8.493688      -6.452398
2614         -28.941116      -5.297887      -2.946913
2615         -28.928833       5.200610      -9.421191
2616         -30.857021      -0.455416      -2.448418
2617         -28.055082       4.122899      -4.195684
2618         -35.214339     -20.088547      42.954551
2619         -32.206133     -24.605207      44.582689
2620         -32.751023     -19.826299      50.000000
2621         -27.429593     -19.705765      50.000000
2622         -24.458213     -33.482288      15.230550
2623         -22.506741     -29.478571      11.240143
2624         -26.404161     -29.967233      18.749525
2625         -30.563695     -22.607240      16.242745
2626         -33.039147     -17.250311      15.632896
2627         -35.834273     -14.176054      19.173203
2628         -26.806187     -26.831539      14.444723
2629         -22.995091     -24.331132       9.840812
2630         -26.907295     -20.902415      11.118034
2631         -30.273082     -28.889907      30.188125
2632         -28.110660     -25.559840      38.421983
2633         -32.131549     -27.429035      34.758842
2634         -37.746336     -20.077404      34.653013
2635         -36.110059     -16.885756      29.601588
2636         -33.258577     -21.904880      28.587981
2637         -31.312595     -26.085829      25.537231
2638         -34.432133      -7.879489      10.618533
2639         -38.189129      -8.396100      14.603471
2640           0.822208     -13.017874     -27.688164
2641          -4.893021     -13.057345     -26.997965
2642          -2.843190     -18.550456     -24.130208
2643          -4.340248      -8.227297     -30.353323
2644          -1.697115      -2.205875     -33.374883
2645          -5.549667      -1.494710     -28.956668
2646         -23.112418     -29.166688      -2.691182
2647         -27.649424     -21.642887      -0.255777
2648         -24.487096     -24.037463      -3.945530
2649         -25.261805     -18.185997      -5.679142
2650         -18.115004     -28.412838      -0.634575
2651         -16.473283     -19.677548     -13.425328
2652         -19.475943     -22.362445      -7.096386
2653         -20.991947     -17.586688      -8.986544
2654          -9.429468     -30.538333      -0.126476
2655         -13.084532     -24.330838     -13.090187
2656         -13.521596     -26.392723      -5.917314
2657         -10.094885     -21.228457     -16.139999
2658          -5.193943     -28.945123      -9.404655
2659          -7.566954     -23.717218     -10.787897
2660          -8.620647     -28.050356      -4.742097
2661         -19.532628       3.881721     -22.811107
2662         -15.622708      -9.574946     -17.802151
2663         -20.340242       4.851329     -17.064046
2664         -22.714261       0.792775     -13.526636
2665         -18.622163      -3.495100     -18.449659
2666         -14.466595       0.944489     -22.908666
2667         -16.524224     -15.094053     -10.569274
2668         -11.680810     -18.743775     -11.117010
2669         -19.299130      -7.351246     -12.130419
2670         -23.166750      -4.215291     -13.004993
2671         -12.347969     -34.708124       6.630412
2672         -10.107869     -38.588914      19.656922
2673          -2.234795     -44.287436      19.280519
2674          -2.467693     -44.342049      13.424935
2675          -7.362173     -41.950997      16.855910
2676          12.307840     -44.326887       3.191573
2677           2.000812     -41.712776      -3.028234
2678          -4.295607     -42.842270       0.549726
2679           0.677934     -44.389582       2.957745
2680           5.968577     -45.147729       7.242356
2681          -1.638888     -42.596912       7.892064
2682          -4.227495     -37.076658       0.933689
2683          -8.478530     -39.941886       5.823564
2684         -33.139407     -15.204032       1.563967
2685         -28.858417     -14.652214      -2.526437
2686         -32.140758     -12.380627       8.438854
2687         -28.960408     -16.224144      12.443835
2688         -29.026957     -17.132790       7.244876
2689         -25.260126     -17.115430       1.516786
2690         -24.025767     -24.190818       4.586218
2691         -23.304091     -18.751885       6.895658
2692         -22.349499     -10.339333      -6.438666
2693         -11.698204     -36.902104      12.194876
2694         -16.822133     -32.702726      10.986566
2695           6.234612     -43.022372       2.530066
2696           1.012288     -25.643456     -18.064583
2697          -4.867098     -21.792246     -15.674694
2698          -0.287979     -20.924700     -19.337445
2699           5.947694     -13.536795     -27.586343
2700           1.293329     -16.472070     -21.640355
2701           6.213875     -16.639987     -23.481516
2702         -10.648048     -15.987907     -16.447838
2703          -5.012729     -15.767336     -19.040299
2704         -12.646265     -13.169101     -20.757327
2705         -14.789715     -10.335802     -12.500582
2706          -7.932633     -10.946467     -22.588120
2707         -11.491972      -4.040987     -22.135245
2708          -6.896852      -5.740418     -24.648606
2709          -2.159538      -8.503492     -24.155181
2710           9.005226     -26.954261     -16.048428
2711          13.797193      -9.284694     -32.591894
2712          15.940808     -14.384714     -31.730946
2713          20.145094     -16.835100     -29.512279
2714          14.732416     -17.027062     -27.240881
2715           1.674643      -7.009277     -28.390801
2716           6.752692      -8.729534     -25.915270
2717          -3.903934     -14.636390     -13.052698
2718           0.892216     -36.577655      -3.752522
2719           5.301642     -36.974296      -0.747111
2720           4.605692     -33.360118      -5.747668
2721          -1.966461     -28.721111      -5.409706
2722          -2.216946     -32.602975      -2.122158
2723           4.064465     -25.926321     -14.041930
2724          -1.020949     -23.241047      -9.903449
2725          20.000000     -50.000000      10.621778
2726          31.886540     -42.265983      -6.883765
2727          21.930984     -44.556942      -7.171046
2728          17.341881     -41.018756      -7.155528
2729          24.995641     -50.000000       1.958557
2730          22.496976     -50.000000       6.289298
2731          17.567250     -42.893694       0.140669
2732          22.332152     -45.376426       0.487659
2733          45.233268     -50.000000       2.197964
2734          50.000000     -50.000000       5.000000
2735          50.000000     -50.000000      20.000000
2736          50.000000     -50.000000      25.000000
2737          27.476871     -50.000000       6.276198
2738          45.000000     -50.000000      50.000000
2739          50.000000     -50.000000      50.000000
2740          50.000000     -50.000000      45.000000
2741          50.000000      20.000000     -50.000000
2742          50.000000      25.000000     -50.000000
2743          20.000000      50.000000     -50.000000
2744          12.500000      32.272413     -50.000000
2745          10.000000      36.575103     -50.000000
2746          15.000000      36.570422     -50.000000
2747          20.000002      36.578369     -50.000000
2748          17.500064      32.268673     -50.000000
2749          20.000547      27.941971     -50.000000
2750          25.001892      27.941194     -50.000000
2751           7.500000      45.669873     -50.000000
2752          17.500000      45.669873     -50.000000
2753           7.500000      50.000000     -45.669873
2754          12.500000      40.932667     -50.000000
2755           7.651830      40.137671     -50.000000
2756          12.500000      46.454483     -50.000000
2757          17.500000      40.621123     -50.000000
2758          12.499999      50.000000     -45.669873
2759          17.500000      50.000000     -45.669873
2760           4.441594      -1.274315     -29.106738
2761          -0.040151      17.433475     -43.964435
2762           3.513923      21.452203     -45.069541
2763           3.378264       7.866224     -38.399993
2764           6.244438       3.751748     -38.270896
2765           0.766512      13.980657     -39.561350
2766           7.461762       2.534333     -32.900080
2767           5.421944      14.480339     -42.828065
2768          12.603383      10.473926     -44.112958
2769          10.721304       5.349862     -36.669572
2770           7.818843       7.619630     -41.049613
2771          10.377351      16.613144     -44.891461
2772          10.000003      19.282031     -50.000000
2773          12.500015      23.612151     -50.000000
2774          15.000003      19.282031     -50.000000
2775          17.500341      23.611962     -50.000000
2776          27.500000      14.951905     -50.000000
2777          17.500000      14.951905     -50.000000
2778          50.000000      50.000000     -50.000000
2779          50.000000      45.000000     -50.000000
2780          50.000000      40.000000     -50.000000
2781          45.000000      50.000000     -50.000000
2782          40.000000      50.000000     -50.000000
2783          50.000000      15.000000     -50.000000
2784          45.669873       7.500000     -50.000000
2785          45.669873      12.500000     -50.000000
2786          41.797485       5.792827     -50.000000
2787          41.339746      10.000000     -50.000000
2788          50.000000       7.500000     -45.669873
2789          50.000000      12.500000     -45.669873
2790          45.669873      17.500000     -50.000000
2791          50.000000      17.500000     -45.669873
2792          41.339746      15.000000     -50.000000
2793          41.372047      20.000000     -50.000000
2794          50.000000      35.000000     -50.000000
2795          50.000000      30.000000     -50.000000
2796          34.764132      27.627610     -50.000000
2797          38.670673      27.432605     -50.000000
2798         -50.000000      27.500000      14.951905
2799          35.000000      50.000000     -50.000000
2800          27.500000      45.985833     -50.000000
2801          30.000000      50.000000     -50.000000
2802          22.500000      45.810978     -50.000000
2803          22.500000      50.000000     -45.669873
2804          27.499983      50.000000     -45.669863
2805          -7.363685      41.627479     -41.600979
2806          -5.000000      50.000000     -41.339746
2807          -7.500000      50.000000     -37.009619
2808          -3.225668      37.046977     -43.123251
2809           0.611312      42.067550     -42.421159
2810         -13.093828      29.935714     -37.850596
2811         -12.558875      18.401030     -33.762468
2812           3.314819      27.346955     -44.246916
2813          -5.259390      26.786858     -43.808465
2814          -0.953488      31.157971     -42.362788
2815          -0.410346      23.329855     -41.741267
2816          -1.838487      19.119942     -38.174998
2817         -14.166196      25.831649     -34.086832
2818         -14.282808      19.806443     -29.175316
2819          -7.768812      23.438467     -37.440777
2820          -8.211293      28.543694     -37.057297
2821         -22.968731      23.161738     -26.845725
2822         -19.155463      19.994037     -27.688329
2823         -18.578606      24.285103     -31.131008
2824           0.244571      45.581060     -38.594198
2825           4.999999      50.000000     -41.339746
2826           9.999996      50.000000     -41.339743
2827           5.725835      44.680865     -43.807436
2828           2.500000      50.000000     -37.009619
2829         -32.703596      13.938809      -9.546729
2830         -36.361579      35.672585     -17.021650
2831         -39.161947      40.583500     -14.092619
2832         -33.595078      19.389712     -11.108793
2833         -34.136595      29.016467     -14.450848
2834         -45.233268      50.000000       2.197964
2835         -42.425446      50.000000      -2.424979
2836         -43.520134      37.068455     -10.812452
2837         -41.667886      30.852562     -10.610730
2838         -43.790127      33.788381      -5.219863
2839         -38.135693      35.278660     -11.030960
2840         -40.000000      50.000000      -6.698730
2841         -37.456818      45.121935      -8.106961
2842         -34.980038      50.000000      -6.687542
2843         -32.499910      50.000000     -11.028917
2844         -30.857435      34.642403     -17.159332
2845         -32.052516      44.652762     -13.798531
2846         -29.999965      50.000000     -15.359008
2847         -26.094256      37.481005     -20.338316
2848         -30.066647      40.187707     -17.169082
2849         -21.435748      27.888986     -26.078646
2850         -23.945448      31.777537     -23.743548
2851         -16.811516      29.362079     -29.827258
2852         -23.332139      34.685728     -27.990710
2853         -22.538490      39.566868     -25.482254
2854         -15.000000      50.000000     -32.679492
2855         -10.000000      50.000000     -32.679492
2856         -17.884507      45.614626     -31.014121
2857         -19.414826      40.781637     -30.130591
2858         -17.500000      50.000000     -28.349365
2859         -17.584358      35.581001     -29.695988
2860          -5.000000      50.000000     -32.679492
2861          -2.500000      50.000000     -37.009619
2862         -14.253621      33.482411     -33.580343
2863         -10.615361      37.422215     -37.513410
2864          -9.376068      44.393655     -36.773444
2865         -14.672115      43.363735     -34.344933
2866         -16.706655      38.291922     -34.429464
2867          22.500000      14.951905     -50.000000
2868          20.000000      10.621778     -50.000000
2869          20.000000      19.282032     -50.000000
2870          15.863524      15.037904     -44.612725
2871          15.852392      30.108356     -44.811907
2872          17.201675      25.024084     -44.940009
2873          22.501390      23.611357     -50.000000
2874          30.001975      27.941146     -50.000000
2875          25.008338      19.277218     -50.000000
2876          27.509960      23.606409     -50.000000
2877          29.844248      19.395014     -50.000000
2878          37.151425      23.008294     -50.000000
2879          37.254812      17.490583     -50.000000
2880          32.443163      23.591054     -50.000000
2881          33.911546      19.879328     -50.000000
2882          30.927217      16.970487     -45.163516
2883         -23.565769      14.038448     -21.976491
2884         -22.113933      18.863392     -23.488096
2885         -14.079811       8.090798     -24.581625
2886         -17.179928      13.121623     -21.993208
2887         -15.234429       5.373048     -20.313385
2888         -23.477966       6.792909     -12.002174
2889         -12.500000      50.000000     -28.349365
2890         -24.318662      42.825151     -21.363719
2891         -20.000000      50.000000     -24.019238
2892         -27.299869      45.020509     -17.203785
2893         -22.499920      50.000000     -19.689158
2894         -24.999958      50.000000     -15.359012
2895         -19.093220      43.835005     -24.669315
2896         -15.000000      50.000000     -24.019238
2897         -28.318018      31.429605     -20.980997
2898         -16.254088      18.723710     -23.310879
2899          -0.661826      11.199248     -34.709815
2900          -6.252407      17.486600     -34.960852
2901          -8.170948      12.110476     -32.023083
2902          -9.622810       7.184978     -27.777967
2903         -12.849319      15.820146     -26.339186
2904          -9.710414      11.822547     -25.557720
2905          -2.957870       3.782012     -29.511048
2906           2.489635       5.533407     -31.349234
2907          -3.976346       8.817453     -31.174250
2908          -0.787868      16.287997     -34.020090
2909           8.114104      21.544817     -42.097567
2910           5.230739      34.531564     -43.210384
2911           9.573304      27.532591     -43.667695
2912          12.221286      33.705260     -42.319486
2913          10.284268      38.537269     -44.651417
2914           4.150520      23.156584     -38.377831
2915           5.601673      28.619387     -38.820735
2916          -1.864646      36.770093     -36.919023
2917          -4.076057      31.703008     -37.756346
2918           2.970635      33.717067     -37.924512
2919         -50.000000      50.000000      30.000000
2920         -50.000000      50.000000      35.000000
2921         -50.000000      50.000000      40.000000
2922         -50.000000      50.000000      45.000000
2923         -50.000000      50.000000      50.000000
2924         -50.000000      40.000000      50.000000
2925         -50.000000      45.000000      50.000000
2926         -50.000000      12.498608      32.266688
2927         -44.409798     -10.632319      44.432741
2928         -44.977770     -12.263777      37.249185
2929         -41.634322     -10.000000      50.000000
2930         -50.000000      -5.765343      41.310587
2931         -41.778704      -4.993705      50.000000
2932         -45.371229      -5.003173      45.473809
2933         -45.669873      -2.500000      50.000000
2934         -50.000000       2.342996      45.796552
2935         -45.734856       2.517272      50.000000
2936         -41.764488       0.037773      50.000000
2937         -40.764507     -13.690879      40.768393
2938         -50.000000       9.999219      36.573195
2939         -50.000000       2.782648      41.021192
2940         -50.000000      -1.224062      41.826599
2941         -50.000000      -4.608829      36.740179
2942         -50.000000      -2.463930      32.274734
2943         -50.000000       7.499638      32.266568
2944         -50.000000       0.216417      36.757568
2945         -50.000000       2.500000      32.272413
2946         -50.000000       5.000000      27.942286
2947         -50.000000       4.999809      36.573158
2948         -44.199610      -6.681397      36.613156
2949         -42.227640     -10.824354      32.501777
2950         -45.136873      -7.062162      29.638448
2951         -29.003566      -9.002461       0.746453
2952         -23.897809     -11.987334      -1.083460
2953         -29.723340      -7.559867       6.263963
2954         -39.087373      18.582043      -1.510027
2955         -37.657303      25.216445     -10.996114
2956         -35.943742      18.949070      -5.889910
2957         -42.978623      15.227551       5.817526
2958         -44.352107      12.998880      11.242988
2959         -45.252940      18.024239      10.632582
2960         -37.047651      -3.069585      11.152876
2961         -37.780783       6.126228       0.554438
2962         -39.943501       8.483918       5.815829
2963         -39.276414      12.750062       2.108696
2964         -31.808561       4.966084      -0.396835
2965         -50.000000      15.000000      19.282032
2966         -50.000000      17.499821      23.611858
2967         -50.000000      14.998925      27.940481
2968         -50.000000      19.996338      27.940850
2969         -44.800349      13.028643      28.816912
2970         -44.488152       5.808211      21.197919
2971         -50.000000      22.500000      14.951905
2972         -50.000000      20.000000      19.282032
2973         -44.820288      12.609556      22.260262
2974         -43.123457      12.689564      17.182526
2975         -44.566919      17.865032      15.891800
2976         -45.669873      50.000000       7.500000
2977         -50.000000      46.597490       7.271682
2978         -50.000000      50.000000      10.000000
2979         -50.000000      45.113021      11.753174
2980         -50.000000      42.489202       6.843683
2981         -50.000000      37.451140       6.323273
2982         -50.000000      30.000000      10.621778
2983         -50.000000      32.494400       6.288418
2984         -42.581070      42.574054      -7.274590
2985         -44.601403      44.601403      -1.477734
2986         -45.240752      38.818418      -4.731972
2987         -50.000000      40.055792       2.056392
2988         -44.621392      36.554559      -0.027192
2989         -38.839008      25.240060      -4.882705
2990         -44.709307      27.333252       3.501033
2991         -45.168476      33.151502       4.072351
2992         -39.922486      26.414606       0.187630
2993         -37.200029      30.689346      -6.664968
2994         -41.624614      31.444742       0.437194
2995         -50.000000      25.000000      50.000000
2996         -50.000000      30.000000      50.000000
2997         -50.000000      35.000000      50.000000
2998         -50.000000      27.306672      45.730594
2999         -46.737187      27.500000      50.000000
3000         -50.000000      17.494940      32.267306
3001         -50.000000      14.996707      36.573298
3002         -50.000000      45.678680      22.500146
3003         -50.000000      50.000000      25.000000
3004         -45.750180      50.000000      22.360903
3005         -45.175296      45.073590       5.007755
3006         -41.797485      50.000000       5.792827
3007         -50.000000      45.669873      17.500000
3008         -45.683258      50.000000      17.476817
3009         -45.669873      50.000000      12.500000
3010         -50.000000      19.985301      36.573296
3011         -50.000000      31.861695      32.334340
3012         -50.000000      34.946505      10.364946
3013         -50.000000      33.002860      15.199805
3014         -50.000000      22.500000      23.612159
3015         -50.000000      27.500000      23.612159
3016         -50.000000      25.000000      19.282032
3017         -45.289904      27.279496       9.051094
3018         -43.917316      22.824882      11.900755
3019         -40.310529      25.771453       7.245139
3020         -44.826148      26.172861      15.761058
3021         -41.339746      50.000000      10.000000
3022         -50.000000       7.500000      45.669873
3023         -45.534180       7.603630      50.000000
3024         -50.000000      12.500000      40.932667
3025         -50.000000      12.500000      46.454483
3026         -50.000000       7.556335      40.154017
3027         -50.000000      22.500000      40.932667
3028         -50.000000      17.500000      45.669873
3029         -50.000000      22.461334      46.466627
3030         -50.000000      20.000000      50.000000
3031         -45.030875      23.001726      50.000000
3032         -45.612929      17.448490      50.000000
3033         -45.669873      12.500000      50.000000
3034         -25.947466     -25.848172      26.853729
3035         -26.918148     -24.493416      20.828472
3036         -18.019722     -31.507589      16.542358
3037         -22.880606     -29.741976      22.756934
3038         -15.003678     -32.683072      50.000000
3039         -10.000000     -44.226497      44.392229
3040         -12.500410     -39.896607      40.547696
3041         -10.000000     -41.339746      50.000000
3042         -10.000000     -32.679492      50.000000
3043          -5.000000     -41.339746      50.000000
3044          -7.500000     -37.009619      50.000000
3045           1.483049     -29.014564      -9.145257
3046          24.998702     -42.140549      -2.889804
3047           2.463930     -50.000000      32.274734
3048           4.608829     -50.000000      36.740179
3049          -0.216417     -50.000000      36.757568
3050          20.000000     -50.000000      50.000000
3051          15.000000     -50.000000      50.000000
3052           7.527357     -50.000000      45.688616
3053          12.463925     -50.000000      45.643219
3054           7.500000     -45.669873      50.000000
3055          12.500000     -45.669873      50.000000
3056          10.000000     -50.000000      27.942286
3057          15.000000     -50.000000      27.942286
3058          -7.499508     -43.760606      37.491554
3059          -6.758657     -41.511214      31.134404
3060           0.000000     -41.339746      50.000000
3061          -2.500000     -42.244529      42.550371
3062           0.605520     -44.923121      38.822664
3063           5.765343     -50.000000      41.310587
3064          -5.847699     -38.188230      11.632307
3065           3.246300     -44.063782      11.509423
3066          20.943139     -44.818673       8.279554
3067          15.987756     -41.944742       7.642085
3068          -5.365911     -33.262785       5.400094
3069         -11.467236     -28.208883       6.633121
3070         -13.459707     -27.685857       1.763889
3071         -13.276834     -23.079845       5.919175
3072          -5.548816     -27.616242       4.407173
3073         -17.989597     -24.758515       7.541281
3074         -17.779202     -27.807671      11.518589
3075         -11.115690     -33.619963      18.665992
3076          -7.135434     -37.265612      23.669604
3077          -3.253945     -39.401983      20.873993
3078           1.099405     -41.045627      23.280704
3079           2.811064     -44.258598      28.239591
3080          -0.018653     -43.188793      33.596058
3081          -1.659483     -40.462197      28.426734
3082          35.531495      14.125438     -44.138241
3083          38.267266       9.810106     -45.492718
3084          35.821126      -0.940144     -43.757948
3085          35.790315       5.352688     -44.100856
3086          30.537312       4.538058     -45.242502
3087          30.000000     -50.000000      50.000000
3088          25.000000     -50.000000      50.000000
3089           3.669416     -43.669543      17.735786
3090          11.428261     -44.984929       8.655227
3091           8.120411     -45.419619      12.616213
3092           7.499991     -50.000000      14.951898
3093          17.500000     -50.000000      14.951905
3094           4.434675     -45.135589      22.773103
3095          12.500000     -50.000000      23.612159
3096           7.500000     -50.000000      23.612159
3097          10.000000     -50.000000      19.282032
3098          12.499978     -50.000000      14.951888
3099          15.000000     -50.000000      19.282032
3100          17.500000     -50.000000      23.612159
3101          15.053494     -44.398721      13.240198
3102          25.004986     -50.000000      10.623114
3103          29.856240     -50.000000      10.527723
3104          27.529915     -50.000000      14.959921
3105          25.000000     -50.000000      19.282032
3106          20.000000     -50.000000      19.282032
3107          22.500000     -50.000000      14.951905
3108           7.547420     -45.767568      29.405135
3109           9.719034     -50.000000      36.560328
3110           7.500000     -50.000000      32.272413
3111          12.500000     -50.000000      32.272413
3112          10.000000     -50.000000      41.339746
3113          14.925717     -50.000000      36.739460
3114          14.919241     -50.000000      41.469625
3115          20.000000     -50.000000      27.942286
3116          22.500000     -50.000000      32.272413
3117          16.986209     -45.327325      25.914143
3118          17.533370     -50.000000      32.225710
3119          20.200218     -50.000000      36.463427
3120          30.325922     -44.494893      -1.566943
3121          34.999068     -50.000000       1.960899
3122          32.498988     -50.000000      -2.369282
3123          37.499916     -50.000000      -2.368659
3124          41.797485     -50.000000       5.792827
3125          30.855816     -45.525774       4.351566
3126          32.500000     -50.000000       6.291651
3127          33.929069     -50.000000      10.058758
3128          50.000000     -45.450821       2.304916
3129          39.921623     -50.000000       1.917680
3130          42.425446     -50.000000      -2.424979
3131          45.669873     -50.000000      12.500000
3132          50.000000     -50.000000      15.000000
3133          45.669873     -50.000000       7.500000
3134          50.000000     -45.113021      11.753174
3135          50.000000     -46.597490       7.271682
3136          37.355798     -50.000000       6.923294
3137          41.339746     -50.000000      10.000000
3138          32.743908     -50.000000      14.982714
3139          37.274947     -50.000000      12.403238
3140          44.523581     -44.523581      -4.286838
3141          50.000000     -42.483859      -2.384153
3142          50.000000     -39.897971      -6.688432
3143          50.000000     -37.381848     -10.960642
3144          39.684826     -37.680969     -15.257821
3145          44.217386     -36.107478     -17.657161
3146          50.000000     -35.000000     -15.358984
3147          37.338427     -33.731465     -17.872930
3148          42.378559     -31.497134     -21.513325
3149          44.525494     -38.188222     -12.352957
3150          44.478010     -30.409397     -16.399453
3151          50.000000     -32.500000     -11.028857
3152          50.000000     -27.496421     -19.687045
3153          50.000000     -30.000000     -15.358984
3154          37.696393     -43.364792      -3.618173
3155          41.603429     -41.605673      -8.839899
3156          37.052127     -39.064049      -8.483233
3157          12.068889     -11.501461     -27.212164
3158           6.472653     -20.040341     -19.545491
3159          29.432726     -38.083086     -13.756699
3160          25.575368     -37.588065      -9.762428
3161          33.058883     -34.287849     -14.733159
3162          35.824184     -34.127378      -9.676065
3163          17.625850     -25.091261     -20.881905
3164          11.562538     -20.810122     -20.334277
3165          16.641936     -20.207522     -23.191960
3166           8.691008     -21.684569     -14.773503
3167          27.960728     -28.176754     -17.703691
3168          23.173741     -22.039395     -19.107674
3169          27.955101     -32.753062     -14.453783
3170          11.189415     -38.931511      -0.511248
3171          12.026862     -37.631796       5.521649
3172          16.840063     -38.789882       3.445428
3173          29.691138     -37.093408      -5.823485
3174          21.895734     -38.019274      -5.388506
3175          22.955602     -27.653879     -14.224559
3176          24.104024     -32.271888      -8.369601
3177          14.892247     -25.989060     -14.197164
3178           9.516157     -27.852902     -10.716897
3179          10.852953     -34.125079       1.832768
3180          13.936145     -32.705519      -9.531855
3181          16.114061     -36.348461      -3.462543
3182          11.389899     -32.538140      -3.114584
3183          17.619912     -29.383474     -11.259628
3184           9.102787     -31.870134      -7.614996
3185          18.315469     -34.450289      -7.631879
3186          28.120110     -21.837478     -26.400039
3187          27.655506     -22.733186     -21.413453
3188          34.877977     -21.196090     -29.276985
3189          30.159843     -20.193614     -30.689271
3190          31.786168     -25.667866     -20.955770
3191          34.064365     -29.049575     -14.555090
3192          37.243153     -28.068509     -19.380374
3193          26.834362     -16.483714     -30.027364
3194          35.190994     -11.300385     -33.516749
3195          35.853518     -15.837976     -30.624846
3196          19.674017      -4.086017     -39.754613
3197          30.693037      -6.613564     -42.193793
3198          28.099825      -9.892852     -38.132606
3199          36.273646      -6.333464     -36.269624
3200          17.290315      -3.208903     -35.299532
3201          21.104712     -11.825935     -34.035211
3202          24.226254      -5.544092     -37.897123
3203          17.779872      -8.552492     -36.640589
3204          25.060129      -8.421456     -33.601894
3205          32.559417      -7.053323     -32.959020
3206          29.492274     -11.019090     -32.586040
3207          19.673129       7.357808     -44.196770
3208          19.408093       0.755407     -41.424645
3209          26.478851      11.924030     -43.937469
3210          25.329032       4.658309     -43.686749
3211          31.902006       9.593971     -41.529700
3212          15.627739       7.487122     -39.384832
3213          20.322649       3.144204     -36.682273
3214          12.510764      -1.309326     -33.809714
3215          15.496408       3.086262     -34.470619
3216           9.763235      -2.767424     -29.050295
3217          13.258179      -5.670633     -25.825680
3218          15.315438      -4.774986     -30.530415
3219          24.489724       1.310174     -39.413423
3220          50.000000       5.000000     -41.339746
3221          44.207414       3.146732     -43.156513
3222          41.839410      -2.500000     -41.484309
3223          50.000000      -0.000000     -41.339746
3224          50.000000       2.500000     -37.009619
3225          50.000000       7.500000     -37.009619
3226          45.521269      -4.883376     -38.520327
3227          50.000000      -2.500000     -37.009619
3228          45.217286     -11.307461     -31.090788
3229          50.000000      -5.000000     -32.679492
3230          44.464648     -25.584400     -21.665348
3231          50.000000     -22.500000     -19.689111
3232          50.000000     -25.000000     -15.358984
3233          39.625543     -21.903041     -19.418974
3234          40.665993     -13.610634     -32.134293
3235          39.191340     -17.427360     -26.659425
3236          43.022029     -19.809458     -22.710022
3237          50.000000     -20.000000     -24.019238
3238          50.000000     -17.499927     -28.349323
3239          44.497441     -15.586414     -28.213261
3240          50.000000     -12.500000     -28.349365
3241          50.000000     -17.500000     -19.689111
3242          50.000000      -7.500000     -28.349365
3243          21.888930     -19.115567     -24.388640
3244          35.312098     -19.933235     -21.483982
3245          19.290634       0.420129     -32.271252
3246          30.332686       1.060605     -40.644050
3247          38.622797       4.942962     -38.485926
3248          43.241299      -7.159013     -34.319736
3249          35.312545      -0.219237     -37.100030
3250          40.465825      -2.894163     -36.194978
3251          38.841454      -5.598148     -31.535332
3252          -6.169057       4.684018     -24.506492
3253          -6.016437      -0.514891     -23.152305
3254         -10.038438       4.154766     -20.814129
3255         -23.166152      23.367234     -20.547144
3256         -28.891000      26.216091     -17.114914
3257         -23.792946      18.303226     -18.534310
3258         -28.607571      19.752541     -16.341728
3259         -21.610870      13.474964     -16.441908
3260         -17.074811       9.707357     -16.450005
3261         -30.749735      23.327067     -13.129740
3262         -24.781229      12.962371     -11.496525
3263         -28.045502      18.305953     -10.121472
3264         -35.491170       7.890833       8.317302
3265           2.761775     -42.934258      44.891902
3266           5.000000     -41.339746      50.000000
3267           7.500000     -37.009619      50.000000
3268         -36.236266     -14.919099      44.871712
3269         -29.808134     -15.299206      50.000000
3270         -33.968305     -14.912021      50.000000
3271         -32.381950     -11.116318      50.000000
3272         -36.350342      -9.378472      44.016454
3273         -38.612159      -7.500000      50.000000
3274         -34.645540      -7.118200      50.000000
3275         -37.272413      -2.500000      50.000000
3276         -44.329359       4.125422      27.470263
3277         -42.345027       9.170994      25.534162
3278         -43.584760      -1.745536      29.316078
3279         -40.264195      -6.661205      26.014632
3280         -41.904542       0.957614      23.319467
3281         -36.770357     -11.082885      29.111038
3282         -36.768505      -3.293169      17.199994
3283         -32.958784     -10.542617      16.287503
3284         -36.603017      -9.237385      21.411004
3285         -38.088816      -2.911748      22.518342
3286         -34.013843     -14.362457      24.316049
3287         -35.119582      -7.229039      26.075258
3288         -38.485823      10.658407      12.222203
3289         -40.388603       5.998187      16.971584
3290         -40.695142       9.665301      20.635347
3291         -38.161470       1.570523      19.343835
3292         -31.433577     -22.484699      36.002178
3293         -28.022395     -21.834105      41.952540
3294         -35.467119     -13.768604      35.701000
3295         -28.706390     -19.489125      22.255283
3296         -24.148803     -28.424152      33.683889
3297         -10.707439     -37.669864      30.214464
3298         -12.787669     -34.066240      26.488652
3299         -15.835459     -29.269001      22.266302
3300         -21.375813     -29.341466      29.298762
3301         -18.759126     -33.810774      26.309818
3302         -20.590370     -24.798114      31.680622
3303         -14.521259     -33.458364      33.326482
3304         -16.720824     -32.564428      41.644570
3305         -21.200601     -33.066292      35.143860
3306         -11.847395     -34.499649      44.579407
3307          -8.835614     -36.599191      35.366654
3308         -12.425971     -33.743149      38.409045
3309         -23.745034     -23.862447      44.683285
3310         -22.603609     -27.205001      38.571253
3311         -20.001532     -27.821279      44.258091
3312         -19.999992     -24.019243      50.000000
3313         -17.503865     -28.353131      50.000000
3314         -31.969094     -13.518213      41.514363
3315         -30.273507     -17.960916      38.831042
3316         -27.498771     -11.029567      50.000000
3317         -24.999779     -15.359112      50.000000
3318         -14.693202     -28.800155      45.028138
3319         -12.500612     -28.349962      50.000000
3320         -22.499954     -19.689137      50.000000
3321         -17.499996     -19.689113      50.000000
3322         -25.617129      15.149054      -7.033619
3323         -34.750641      11.792692      -1.206217
3324         -30.160470       9.704930      -0.959396
3325         -37.973452      13.468194       7.459314
3326         -36.967282      23.011346       3.911399
3327         -36.511750      17.616112       3.141171
3328         -39.645155      18.969107       6.994418
3329         -21.710591       2.030214      -7.441920
3330         -25.000925       0.005372      -2.478443
3331         -22.112559      -3.107371      -5.863377
3332         -23.910328      -6.225277      -1.851539
3333         -36.289075       3.497635      12.758332
3334         -32.150204       3.625434       6.611090
3335         -29.505184      -1.980451       3.061018
3336         -31.094921      -3.533630      10.130518
3337         -27.742285      10.958998      -5.210166
3338         -23.811381      -2.869522       2.837687
3339         -23.260298       6.418802      -3.210952
3340         -26.155039       5.086375       2.073325
3341         -22.007596       1.912154       1.697433
3342         -29.785269      -9.656464      12.228574
3343         -26.497028      -2.488566       7.313636
3344         -28.043866     -16.600194      44.572779
3345         -24.402751     -22.061520      37.816265
3346         -22.305314     -18.746326      43.410702
3347         -20.143131     -26.179188      15.632040
3348         -23.772072     -20.477194      17.932598
3349         -27.157760     -15.726557      18.551046
3350         -23.649798     -16.512254      14.594329
3351         -28.268997     -10.594759      18.650393
3352         -20.809183     -20.491652      12.869497
3353         -25.514765     -23.449952      32.610691
3354         -22.875072     -21.746556      26.782909
3355         -30.954888     -17.510122      32.318999
3356         -30.108213     -14.593986      27.553170
3357         -30.775771     -11.370095      31.419357
3358         -28.060086     -11.979231      23.711980
3359         -26.574893     -18.220690      27.166935
3360         -30.419306      -4.686609      16.806923
3361           2.873374      -8.359736     -22.147584
3362          -0.068969     -12.038652     -19.166735
3363           9.656846     -12.969013     -23.020376
3364          -0.000000      -2.472522     -25.001474
3365           1.857701       3.867795     -25.350424
3366         -19.885650     -21.535058      -0.028583
3367         -19.032341     -15.864958      -4.309536
3368         -12.877622     -22.514973       0.827908
3369         -14.696263     -21.080895      -4.340887
3370          -6.426409     -24.420691      -0.274822
3371          -9.045587     -20.643767      -5.966790
3372          -5.180934     -18.813176      -9.565465
3373          -4.807709     -24.510523      -5.780971
3374         -10.976765      -6.250664     -16.796885
3375          -5.897930       2.130659     -18.810469
3376         -14.506579       1.471493     -16.264381
3377         -17.742489       3.633233     -11.673423
3378         -17.798733      -1.820606     -13.194112
3379         -10.132063      -0.547896     -18.419409
3380         -12.841283     -15.778040      -5.061486
3381         -15.246182      -9.358544      -6.842317
3382          -9.624329     -10.005757     -10.891458
3383          -6.970051     -14.355261      -6.612780
3384         -11.462621      -3.214943     -11.878090
3385         -17.109695      -2.252194      -7.676712
3386          -8.183863     -32.019399      12.107645
3387          -5.410416     -36.007459      17.516565
3388           0.046321     -39.143890      14.475777
3389           7.895763     -40.691473       9.037162
3390           0.885224     -36.814343       3.614295
3391           2.429376     -38.554067       9.143391
3392          -2.448184     -37.026127       7.732475
3393         -26.408055     -12.211799       5.623271
3394         -25.351013     -12.408603      11.921193
3395         -25.916824      -6.579391      10.526184
3396         -20.462796     -13.120213       3.467219
3397         -16.534423     -19.265233       4.807282
3398         -18.904905     -15.565058       9.330327
3399         -17.843503      -7.662190      -0.613676
3400         -13.502672     -28.164324      15.076673
3401         -13.580126     -25.231131      10.575294
3402           6.237559     -34.751032       6.799070
3403         -12.854138     -19.928514      10.098611
3404           3.501585     -18.196126     -15.686308
3405          -0.096523     -18.209467     -11.651431
3406           6.222795     -11.721642     -19.528369
3407          -6.271326      -9.624343     -16.445682
3408          -5.804020      -3.157938     -16.898159
3409          -0.574086      -5.882426     -18.777232
3410          -0.606341     -10.697224     -14.122245
3411          -3.876421      -9.713500      -9.915793
3412          14.167451     -20.513665     -15.228973
3413          17.433776      -8.530627     -27.072144
3414          22.837740     -12.464981     -26.658354
3415          19.044085     -14.618824     -23.478529
3416          14.073780     -14.796707     -21.379344
3417           6.749680      -3.038429     -23.758917
3418           8.960281      -7.057748     -21.736173
3419          -0.897381     -17.068020      -6.428163
3420           1.643009     -29.467822       0.671994
3421          -0.000000     -25.001474      -2.472522
3422           7.120984     -30.471293       1.905102
3423           2.997021     -28.736376      -4.268133
3424          -1.704947     -24.830474       2.391789
3425           4.578862     -23.661928      -8.814170
3426           2.296297     -20.961685      -4.926540
3427          20.702538     -44.675780      13.976208
3428          32.606126     -39.708434      -2.194699
3429          19.823870     -38.499100      -0.826007
3430          25.474095     -43.773128       4.555370
3431          22.094556     -37.986758       3.637259
3432          26.404108     -39.613269       1.358510
3433          50.000000     -37.498674      -2.369369
3434          44.426607     -44.995700       5.074642
3435          50.000000     -40.055792       2.056392
3436          50.000000     -42.489202       6.843683
3437          27.527521     -50.000000      46.152914
3438          27.510424     -50.000000      41.110032
3439          25.000000     -50.000000      36.602540
3440          22.500000     -50.000000      23.612159
3441          45.750180     -50.000000      22.360903
3442          45.683258     -50.000000      17.476817
3443          50.000000     -45.669873      17.500000
3444          45.002195     -50.000000      27.704714
3445          41.821590     -50.000000      24.165421
3446          50.000000     -50.000000      30.000000
3447          50.000000     -45.678680      22.500146
3448          50.000000     -45.679354      27.500404
3449          29.118141     -44.403761       9.064055
3450          32.719632     -45.213977      12.796747
3451          37.341248     -50.000000      23.000093
3452          35.000000     -50.000000      27.942286
3453          30.000000     -50.000000      27.942286
3454          37.311853     -50.000000      17.553369
3455          41.339746     -50.000000      20.000000
3456          41.341977     -50.000000      14.996136
3457          46.376274     -50.000000      46.376274
3458          35.000000     -50.000000      50.000000
3459          40.000000     -50.000000      50.000000
3460          42.802786     -50.000000      45.855037
3461          32.500000     -50.000000      45.669873
3462          46.226036     -50.000000      42.582417
3463          46.307290     -50.000000      37.696623
3464          50.000000     -50.000000      35.000000
3465          50.000000     -50.000000      40.000000
3466          37.462399     -45.691582      50.000000
3467          42.306624     -45.781518      50.000000
3468          46.339746     -46.339746      50.000000
3469          50.000000     -46.339746      46.339746
3470          50.000000     -45.000000      50.000000
3471          50.000000     -45.781518      42.306624
3472          50.000000      22.500000     -45.669873
3473          41.673794      24.948141     -50.000000
3474          45.775916      27.396057     -50.000000
3475          45.675257      22.500000     -50.000000
3476          50.000000      27.500000     -45.669873
3477          45.811782      32.196529     -50.000000
3478          45.055686      37.217109     -50.000000
3479          19.335264      45.200512     -43.842691
3480          19.999888      50.000000     -41.339681
3481          15.413561      37.181257     -44.745188
3482          22.500408      32.267496     -50.000000
3483          22.500000      40.932667     -50.000000
3484          25.000009      36.598616     -50.000000
3485          20.607955      38.229931     -44.469959
3486          20.000395      32.945015     -42.150659
3487          39.971026      36.832413     -50.000000
3488          27.500000      40.932667     -50.000000
3489          35.000064      36.575066     -50.000000
3490          27.500000      32.272413     -50.000000
3491          30.000055      36.578991     -50.000000
3492          50.000000      20.000000     -41.339746
3493          50.000000      25.000000     -41.339746
3494          23.623257      28.476484     -44.106646
3495          29.060436      29.407488     -44.729263
3496           7.500000      50.000000     -37.009619
3497          11.566742      43.934119     -43.321935
3498          17.044316      41.175746     -40.962643
3499          14.999950      50.000000     -41.339717
3500          12.499974      50.000000     -37.009604
3501          17.499841      50.000000     -37.009527
3502           8.114967       2.712795     -25.207351
3503          12.280945       2.869098     -29.562487
3504           3.449350      17.868952     -36.455975
3505           6.234600      10.261660     -34.807881
3506           3.058860      12.398490     -31.545125
3507           7.326303       7.233739     -30.776448
3508          12.396959       8.425574     -32.142645
3509          12.690276      15.149253     -39.805212
3510           8.969728      16.750278     -35.843470
3511          11.229579      10.766874     -36.919723
3512          15.158807      20.465220     -43.287664
3513           9.001669      24.620461     -38.163731
3514          23.305565      17.836438     -44.501388
3515          45.759180      42.508143     -50.000000
3516          46.339746      46.339746     -50.000000
3517          46.339746      50.000000     -46.339746
3518          50.000000      37.462399     -45.691582
3519          50.000000      46.339746     -46.339746
3520          50.000000      50.000000     -45.000000
3521          32.500000      45.669873     -50.000000
3522          37.429971      41.333482     -50.000000
3523          37.437310      46.563225     -50.000000
3524          32.496360      40.642264     -50.000000
3525          42.050628      45.464850     -50.000000
3526          42.053298      40.671200     -50.000000
3527          50.000000      42.306624     -45.781518
3528          42.306624      50.000000     -45.781518
3529          37.467771      50.000000     -45.688481
3530          50.000000      50.000000     -40.000000
3531          44.575011      15.000000     -44.575011
3532          42.773147       9.318053     -42.773147
3533          50.000000      10.000000     -41.339746
3534          50.000000      15.000000     -41.339746
3535          50.000000      12.500000     -37.009619
3536          42.947871      22.536362     -42.951259
3537          39.307368      18.807161     -44.952348
3538          50.000000      32.500000     -45.669873
3539          42.036283      33.447500     -50.000000
3540          41.955612      29.574911     -50.000000
3541          39.294310      26.852485     -44.258782
3542          33.681544      27.019270     -42.790422
3543          32.500329      32.272223     -50.000000
3544          37.808405      32.004066     -50.000000
3545         -50.000000      32.477340      45.393282
3546         -50.000000      41.339746      20.000000
3547         -50.000000      37.189209      17.630439
3548         -45.393902      31.336582      17.727803
3549         -50.000000      29.933699      19.534017
3550         -50.000000      34.016247      19.802606
3551         -50.000000      32.705627      24.237453
3552         -50.000000      29.761804      28.079809
3553         -50.000000      37.249843      22.411316
3554         -50.000000      37.255013      27.167961
3555         -50.000000      33.570826      28.767420
3556         -50.000000      45.679354      27.500404
3557         -45.002195      50.000000      27.704714
3558          32.500000      50.000000     -45.669873
3559          34.987317      50.000000     -41.340899
3560          28.758643      44.926311     -44.992091
3561          24.242942      42.924886     -43.151260
3562          24.999896      50.000000     -41.339686
3563          29.997584      50.000000     -41.339389
3564          27.498310      50.000000     -37.006395
3565          -3.345045      43.338831     -35.559078
3566           0.000000      50.000000     -32.679492
3567           2.871896      39.202978     -38.292591
3568         -11.620678      30.340014     -30.225802
3569          -8.002886      20.297013     -29.460725
3570          -9.160652      25.738240     -31.137912
3571          -2.149767      21.527104     -32.122426
3572          -0.755077      27.326163     -35.918994
3573         -12.685274      24.046828     -26.839482
3574          -3.954842      26.234149     -30.649069
3575          -6.220345      30.487682     -32.737201
3576           1.409049      38.516114     -33.479762
3577         -16.854907      23.901567     -21.888707
3578         -14.607210      28.183504     -24.103409
3579          14.954566      26.637036     -40.398444
3580           4.193670      43.481443     -35.100709
3581           9.999985      44.635466     -36.571541
3582           8.207652      39.787476     -39.487805
3583           5.000000      50.000000     -32.679492
3584         -30.079697      17.519032      -2.348505
3585         -20.748991      29.960987     -20.089110
3586         -19.161824      24.486222     -16.886005
3587         -32.544813      35.708704     -11.925634
3588         -37.333505      40.060543      -9.205935
3589         -30.316274      23.880651      -7.915469
3590         -32.863925      28.160288      -9.465348
3591         -28.293644      30.584766     -11.705606
3592         -39.921623      50.000000       1.917680
3593         -37.499916      50.000000      -2.368659
3594         -37.891854      36.494295      -5.489653
3595         -36.405225      43.288951      -2.864916
3596         -34.999068      50.000000       1.960899
3597         -16.620610      33.167522     -21.052438
3598         -32.657054      42.156839      -8.446344
3599         -31.404542      44.973665      -4.012520
3600         -32.498988      50.000000      -2.369282
3601         -29.999583      50.000000      -6.699011
3602         -27.499878      50.000000     -11.028939
3603         -22.499927      50.000000     -11.028906
3604         -20.612190      36.203042     -21.376511
3605         -24.799917      34.833021     -15.431488
3606         -26.588440      43.199576     -11.989352
3607         -24.998733      40.030684     -15.912732
3608         -20.027343      33.907645     -16.888203
3609         -14.600384      33.271974     -25.652425
3610         -16.373368      38.735391     -24.951712
3611          -9.611994      45.516293     -30.016756
3612          -7.500000      50.000000     -28.349365
3613         -10.000000      50.000000     -24.019238
3614           2.500000      50.000000     -28.349365
3615          -2.500000      50.000000     -28.349365
3616         -13.369206      43.078019     -27.318142
3617         -10.582912      35.768830     -29.384763
3618          -3.654574      45.326899     -30.716050
3619          -5.382124      36.154711     -32.428861
3620          -8.721611      40.808792     -32.112225
3621          15.883710      31.806165     -38.609601
3622          20.527519      13.203966     -42.045236
3623          19.009877       8.005327     -35.508817
3624          21.403605      23.068854     -42.448492
3625          17.818111      17.364241     -39.462719
3626          20.557927      27.342066     -38.975444
3627          26.857376      27.419094     -39.668240
3628          23.034375      16.170197     -37.950965
3629          28.851819      22.416317     -43.996730
3630          34.500972      20.179817     -42.466601
3631          33.039592      15.457384     -39.121693
3632          27.779037      17.229000     -40.650534
3633         -18.311389      18.311389     -18.331796
3634         -13.199750      15.122804     -17.941604
3635          -9.561376      11.048429     -20.476112
3636         -11.986402       7.569923     -16.913202
3637         -18.975689       8.337999      -7.970916
3638         -18.399689       4.588021      -4.206973
3639         -16.280565      11.203482     -11.467134
3640         -20.843172      13.181169      -8.118735
3641         -17.499998      50.000000     -19.689112
3642         -12.500000      50.000000     -19.689111
3643         -10.926588      44.853813     -22.906867
3644          -5.000000      50.000000     -24.019238
3645          -7.500000      50.000000     -19.689111
3646         -19.582478      44.700887     -18.595363
3647         -22.585404      45.755055     -13.866318
3648         -19.999988      50.000000     -15.358992
3649         -14.783363      42.053439     -20.485635
3650         -14.999998      50.000000     -15.358985
3651         -17.500000      50.000000     -11.028857
3652         -23.062731      27.688114     -14.600940
3653         -23.319191      31.531004     -11.286998
3654         -11.639528      20.272496     -20.645011
3655          -3.963202      15.516509     -30.056628
3656          -5.029220       9.731899     -25.957503
3657          -8.420892      16.110671     -22.790940
3658           2.080577       9.930959     -27.272984
3659           1.622951      16.570693     -29.131035
3660           8.492690      10.057928     -26.619999
3661           5.136238      13.879891     -26.762996
3662          12.128111      21.452761     -35.731971
3663           8.678834      33.472412     -37.842099
3664          11.115209      28.663425     -35.947922
3665           9.800540      24.891642     -32.855966
3666          12.933517      38.645021     -36.141615
3667           4.773644      24.559475     -32.488711
3668           6.065660      20.204149     -29.347650
3669           5.898158      34.775059     -33.023268
3670           4.494963      29.820548     -31.595753
3671           0.073930      32.602036     -32.723457
3672         -50.000000      45.688481      37.467771
3673         -50.000000      36.597458      32.417719
3674         -50.000000      37.191230      37.657105
3675         -46.016985      50.000000      32.792377
3676         -50.000000      41.420207      35.014546
3677         -50.000000      45.669873      32.500000
3678         -50.000000      41.396630      30.002424
3679         -46.307290      50.000000      37.696623
3680         -50.000000      46.339746      46.339746
3681         -50.000000      45.781518      42.306624
3682         -46.226036      50.000000      42.582417
3683         -46.376274      50.000000      46.376274
3684         -46.339746      46.339746      50.000000
3685         -42.802786      50.000000      45.855037
3686         -45.000000      50.000000      50.000000
3687         -40.000000      50.000000      50.000000
3688         -50.000000      41.856048      45.394201
3689         -50.000000      41.361455      39.962399
3690         -46.660999      37.443317      50.000000
3691         -50.000000      37.439765      46.652421
3692         -50.000000      37.009619      42.500000
3693         -45.394968      41.855605      50.000000
3694         -50.000000      17.499063      40.621008
3695         -45.610175      14.996611      33.582848
3696         -41.795838       4.971253      50.000000
3697         -44.607722      13.017841      38.307508
3698         -40.673575      10.268333      50.000000
3699         -37.178340       6.201016      50.000000
3700         -38.704704       2.709364      50.000000
3701         -42.438057      10.552359      33.286152
3702         -41.532746      -5.898946      42.111502
3703         -39.810893      -1.748763      45.220322
3704         -42.591383       2.499358      43.190386
3705         -36.209777      -7.029596      36.059180
3706         -44.529197       7.214471      38.245468
3707         -41.881693      -1.024684      35.848263
3708         -43.987399       4.376025      33.211702
3709         -38.556473      -4.340953      31.257717
3710         -21.967448      -7.297772       6.039285
3711         -34.148266      22.084458      -0.682438
3712         -31.367478      31.680295      -5.918780
3713         -27.842306      22.058522      -3.679470
3714         -33.537659      26.792492      -4.477045
3715         -40.324129      17.328227      12.392430
3716         -30.968166       1.604725      15.744167
3717         -32.324026      10.396975       5.135979
3718         -28.316357       7.219801       6.369093
3719         -50.000000      25.000000      27.942286
3720         -50.000000      24.927469      36.569578
3721         -50.000000      22.484340      32.271012
3722         -43.287193      17.676212      23.065035
3723         -44.479236      22.758522      26.349653
3724         -45.549466      20.056638      30.716563
3725         -41.238854      17.337910      29.474541
3726         -39.675615      13.566450      26.263586
3727         -32.017407       8.201132      12.094742
3728         -36.826705       8.197786      23.773251
3729         -34.154044      13.090085      14.835679
3730         -37.616976      14.362453      21.561859
3731         -42.398518      22.345981      18.290581
3732         -40.042427      17.721938      18.433839
3733         -38.210235      18.950968      24.307253
3734         -44.458686      44.746835      10.936526
3735         -50.000000      41.138794      15.096249
3736         -50.000000      39.758996      10.599595
3737         -50.000000      37.346043      13.704041
3738         -43.576826      38.637541       7.175050
3739         -43.166477      32.312628       8.968742
3740         -41.060489      41.069472       1.594370
3741         -39.773246      35.997935       2.406390
3742         -34.947601      28.221454       0.685225
3743         -38.388994      29.918063       4.435082
3744         -37.355798      50.000000       6.923294
3745         -35.094410      34.799128       0.236547
3746         -35.393833      40.123311       2.598162
3747         -36.451176      21.657512      10.005616
3748         -40.393609      24.011110      50.000000
3749         -42.500000      37.009619      50.000000
3750         -44.528019      25.789793      45.318451
3751         -45.557285      32.546010      50.000000
3752         -50.000000      28.066516      40.876129
3753         -42.697734      27.900548      50.000000
3754         -38.285221      28.028149      50.000000
3755         -40.351666      32.735647      50.000000
3756         -43.401981      19.455752      35.464480
3757         -50.000000      41.383108      25.000471
3758         -44.997478      45.045202      23.543463
3759         -41.339746      50.000000      20.000000
3760         -41.821590      50.000000      24.165421
3761         -40.238533      44.035151       7.304585
3762         -43.425564      43.549036      18.590473
3763         -41.341977      50.000000      14.996136
3764         -37.311853      50.000000      17.553369
3765         -44.006495      26.002391      38.279572
3766         -50.000000      27.406040      32.264006
3767         -50.000000      33.661821      35.725458
3768         -50.000000      32.984291      39.803554
3769         -50.000000      29.674433      36.414574
3770         -44.748816      32.074937      31.076259
3771         -43.772396      28.974150      26.759444
3772         -43.893256      35.721619      15.605488
3773         -44.651929      27.347485      20.813462
3774         -35.121008      29.163786       8.622496
3775         -41.077083      29.754250      15.526437
3776         -39.195117      24.625782      14.306669
3777         -37.274947      50.000000      12.403238
3778         -33.929069      50.000000      10.058758
3779         -43.270924      11.162077      43.854504
3780         -44.551310      20.412687      44.419384
3781         -40.008697      19.325190      50.000000
3782         -41.890199      14.884269      50.000000
3783         -20.119249     -23.610610      22.717164
3784         -16.803543     -24.848866      19.146697
3785          -9.619540     -29.673404      45.476695
3786          -7.500000     -28.349365      50.000000
3787          -3.921912     -37.152653      31.806760
3788          -6.356542     -36.481756      43.154471
3789          -5.000000     -32.679492      50.000000
3790          -2.500000     -37.009619      50.000000
3791           2.500000     -37.009619      50.000000
3792           0.000000     -32.679492      50.000000
3793          -2.500000     -28.349365      50.000000
3794           2.500000     -28.349365      50.000000
3795           7.446522     -26.235031      -4.586023
3796           5.082623     -17.978259      -9.218755
3797          31.211243     -40.607087       2.879779
3798          27.540871     -35.138498      -0.898629
3799           8.799389     -42.795053      24.665360
3800           8.835926     -44.673355      38.453358
3801           5.716343     -44.627002      34.032749
3802          22.500000     -45.669873      50.000000
3803          22.780305     -50.000000      40.009741
3804          17.283551     -50.000000      45.509948
3805          22.682227     -50.000000      44.668542
3806          18.750917     -50.000000      40.530435
3807          17.500000     -45.669873      50.000000
3808          15.000000     -44.226497      44.693274
3809           8.390546     -43.772674      43.769950
3810          10.000000     -41.339746      50.000000
3811          15.000000     -41.339746      50.000000
3812          12.500000     -44.851022      28.568208
3813          -2.173958     -36.883900      36.743223
3814           2.620692     -36.982373      43.475927
3815           4.713757     -41.205948      38.963797
3816          12.500000     -37.009619      50.000000
3817          -6.114758     -32.537647      30.628040
3818          -4.193334     -32.356487      25.062810
3819          -1.182222     -32.955131      11.161653
3820           4.836123     -38.171746      17.286716
3821           5.354551     -38.863624      25.581964
3822           2.202645     -33.381178      15.299938
3823           0.184919     -34.718192      20.085900
3824          25.000000     -50.000000      27.942286
3825          27.500000     -50.000000      32.272413
3826          32.500000     -50.000000      23.612159
3827          27.475087     -50.000000      23.631460
3828          29.850519     -50.000000      19.397837
3829          33.914043     -50.000000      19.843667
3830          19.603379     -40.240139      10.842633
3831          24.580915     -41.399868      11.160531
3832          12.434215     -37.405969      11.839296
3833          18.193317     -35.653649       9.054412
3834          12.385036     -32.142810       8.442124
3835          -0.054611     -28.168230       5.960176
3836          -7.860669     -25.947603      11.106921
3837          -4.625966     -29.566337       9.167848
3838          -6.920965     -22.342586       6.198416
3839         -10.938828     -18.627428       4.866009
3840          -2.237443     -23.839072       7.482278
3841          -4.548690     -29.364191      20.001548
3842          -9.690285     -29.382954      23.637463
3843          -8.398314     -28.010543      16.582117
3844         -15.442709     -22.441272      14.948241
3845         -11.941007     -25.861447      19.925048
3846           6.040303     -39.680509      30.780584
3847           0.361868     -35.001596      27.699096
3848           1.090179     -37.877168      31.803561
3849           3.617332     -35.937790      35.740349
3850          40.323773      15.856266     -40.323773
3851          36.897049      11.082252     -37.871737
3852          33.316131       5.144016     -38.956605
3853          32.500000     -45.669873      50.000000
3854          27.500000     -45.669873      50.000000
3855          20.000000     -41.339746      50.000000
3856          22.500000     -37.009619      50.000000
3857          25.000000     -41.339746      50.000000
3858          10.100725     -42.560550      16.453441
3859          16.759053     -43.459545      20.572724
3860          11.696002     -45.170890      20.844120
3861          22.305427     -44.720026      23.333994
3862          17.385538     -39.056763      15.303877
3863          28.101439     -44.022646      15.268784
3864          26.723057     -45.519485      20.951477
3865          23.306745     -42.582768      18.598716
3866          20.417635     -39.868378      22.390006
3867          15.507966     -40.353196      26.599587
3868          11.194324     -38.352563      24.892800
3869           8.525720     -36.308616      21.121329
3870          11.855398     -36.118827      16.972177
3871          11.450341     -43.121160      33.977728
3872          16.361629     -44.925539      39.128174
3873          12.976590     -40.439547      40.443627
3874          21.210726     -43.417630      28.343859
3875          22.929053     -44.995679      34.231845
3876          18.505377     -41.914412      34.291644
3877          12.764810      -1.622420     -22.288557
3878          35.998719     -44.102490       2.070916
3879          34.781479     -43.170926       8.422400
3880          41.287846     -41.306574       2.073037
3881          45.091874     -44.788513      14.335046
3882          50.000000     -39.758996      10.599595
3883          50.000000     -41.138794      15.096249
3884          35.136135     -45.101119      18.096336
3885          42.779678     -42.410751       9.878470
3886          37.791718     -44.101605      13.569243
3887          50.000000     -34.990335      -6.695389
3888          44.406803     -38.242080      -1.579540
3889          43.138317     -35.380287      -6.339941
3890          41.445913     -33.397781     -12.709127
3891          50.000000     -32.498730      -2.369336
3892          39.411663     -28.244656     -11.947346
3893          41.592477     -25.570634     -16.348123
3894          44.713010     -29.686282      -9.404229
3895          50.000000     -29.998146      -6.698313
3896          50.000000     -27.500000     -11.028857
3897          45.615099     -26.532161     -13.356826
3898          50.000000     -20.000000     -15.358984
3899          36.689233     -36.689397      -3.843110
3900          32.441498     -33.897716      -2.418595
3901          36.689892     -31.409473      -5.067380
3902          50.000000     -22.500000     -11.028857
3903          50.000000     -24.999660      -6.698678
3904          13.754738      -8.499503     -21.475993
3905          10.605355     -14.713214     -16.113514
3906          10.862601     -26.456976       3.916609
3907          28.813443     -19.522278     -17.640731
3908          30.681856     -31.547871      -6.805834
3909          34.761260     -27.890493      -8.861655
3910          11.047102     -20.933508      -8.958240
3911          19.026498     -23.050409     -11.936096
3912          18.315997     -18.315998     -18.315998
3913          23.343983     -16.958927     -17.902068
3914          12.148347     -16.695836     -11.637310
3915          24.100582     -21.103808     -13.078266
3916          29.041478     -25.275861     -13.021669
3917          25.590606     -26.812910      -7.772798
3918          16.057521     -33.725199       2.021308
3919          26.398735     -30.959516      -3.845707
3920          20.926221     -32.639087      -3.664999
3921          18.625172     -26.081445      -7.300162
3922          12.900660     -25.825775      -6.481071
3923          14.367423     -26.773102      -0.749964
3924          16.086988     -30.399642      -5.022618
3925          17.128389     -17.877083     -11.247619
3926          29.329274     -17.283646     -22.986324
3927          33.872356     -14.840581     -25.677931
3928          28.271836     -12.917910     -26.123624
3929          37.745095     -15.403504     -21.917013
3930          34.691357     -21.792025     -13.932473
3931          37.694135     -22.684959      -8.978145
3932          36.994620      -9.562018     -28.306588
3933          32.038968     -10.399510     -28.297635
3934          24.127603       0.617061     -33.976123
3935          30.176580      -3.240413     -35.231493
3936          34.033124      -3.705248     -29.510488
3937          22.468713      -5.406457     -30.193389
3938          22.369705      -7.588210     -22.911407
3939          28.266803      -5.787492     -30.367494
3940          23.840158       7.052200     -37.418528
3941          26.832452      12.109284     -37.886575
3942          30.028334       7.700804     -35.628559
3943          17.976479      13.050580     -34.694375
3944          17.520563      -4.583193     -23.029539
3945          19.833281       6.318058     -30.691555
3946          16.857304      -0.372024     -27.822316
3947          28.053844       3.599398     -31.654241
3948          44.360517       7.009340     -37.792442
3949          43.692484       1.425302     -36.777759
3950          42.109816      10.861582     -34.221463
3951          50.000000      -0.000000     -32.679492
3952          50.000000      10.000000     -32.679492
3953          50.000000       5.000000     -32.679492
3954          45.363385      -3.764528     -30.506041
3955          43.402878      -7.780734     -27.717675
3956          50.000000      -5.000000     -24.019238
3957          50.000000      -2.500000     -28.349365
3958          44.475312     -20.566952     -17.119278
3959          39.854988     -21.415052     -13.791288
3960          39.625695     -17.341354     -16.981513
3961          50.000000     -17.500000     -11.028857
3962          41.846458     -12.887479     -23.780853
3963          44.775269     -15.561831     -19.554678
3964          50.000000     -15.000000     -24.019238
3965          50.000000     -10.000000     -24.019238
3966          50.000000     -15.000000     -15.358984
3967          50.000000     -12.500000     -19.689111
3968          44.946843      -6.168856     -22.905225
3969          50.000000      -7.500000     -19.689111
3970          50.000000      -2.500000     -19.689111
3971          26.180764     -13.240746     -20.230465
3972          28.796475     -14.583348     -15.894979
3973          33.728711     -16.283844     -16.366490
3974          39.719778     -12.171902     -18.412325
3975          36.548393     -10.403923     -22.361487
3976          22.141591       2.217226     -27.081656
3977          22.162244      -1.462210     -22.225372
3978          29.408066      -7.679080     -24.990435
3979          28.306723      -8.539401     -20.019126
3980          33.457663       3.327749     -32.306768
3981          39.104162       4.196187     -32.991699
3982          41.160101      -0.687797     -31.290014
3983          38.835018      -5.017851     -23.780544
3984          38.554375      -0.856186     -26.830832
3985          -4.134758      10.498060     -18.557477
3986          -2.075331       5.343461     -20.176463
3987          -1.401931       0.447396     -17.324505
3988          -7.337522       4.161232     -14.444713
3989         -12.886019       7.181635     -11.462055
3990         -22.596461      21.052837     -13.627312
3991         -18.631835      15.886037     -11.960521
3992         -24.809748      24.079005      -9.344107
3993         -22.347127      19.463579      -7.100110
3994         -33.333071      15.427060       9.798598
3995           7.893448     -38.305640      44.613637
3996           5.000000     -32.679492      50.000000
3997          10.000000     -32.679492      50.000000
3998          15.000000     -32.679492      50.000000
3999         -36.545231      15.544169      29.665558
4000         -30.449912      -6.194111      35.714163
4001         -28.933168     -10.408086      44.788132
4002         -29.993678      -6.702380      50.000000
4003         -31.016599      -5.965623      42.436295
4004         -35.145662      -4.362042      45.439818
4005         -34.686254       2.045509      50.000000
4006         -32.462069      -2.390502      50.000000
4007         -24.998946      -6.699338      50.000000
4008         -27.500000      -2.368603      50.000000
4009         -38.404680       3.888109      30.187087
4010         -36.931661      10.320478      29.248923
4011         -34.992503      -2.135647      26.988694
4012         -32.879374      -1.765907      20.661111
4013         -33.999968       3.198648      22.541180
4014         -32.733588      -5.837095      30.969419
4015         -31.084014      -6.341989      22.957489
4016         -28.802026      -8.189108      27.507208
4017         -33.835189       9.135191      18.806167
4018         -25.929210     -16.556112      35.836639
4019         -28.121826     -10.682986      37.225871
4020         -19.636248     -19.966992      36.039830
4021         -20.975002     -17.626411      24.399211
4022         -16.319942     -26.080567      34.335992
4023         -10.768487     -30.001794      31.596195
4024         -15.862431     -24.076819      25.720840
4025         -18.358349     -20.915714      29.058165
4026         -14.893570     -28.378465      28.534569
4027         -13.784317     -28.044165      39.274439
4028          -8.541542     -30.438187      40.480812
4029          -5.828005     -32.104221      36.055243
4030         -17.029508     -22.649470      42.280670
4031         -14.999998     -24.019239      50.000000
4032          -9.999999     -24.019238      50.000000
4033         -24.382012     -12.467399      42.630933
4034         -22.499901     -11.028914      50.000000
4035         -19.999947     -15.359015      50.000000
4036         -19.999774      -6.698860      50.000000
4037         -10.991953     -25.086379      43.532088
4038         -12.499999     -19.689111      50.000000
4039          -7.500000     -19.689111      50.000000
4040         -32.281470       2.487472      27.605167
4041         -29.074237       4.194695      20.243158
4042         -17.499960     -16.802379      45.421889
4043         -14.999986     -15.358992      50.000000
4044         -10.000000     -15.358984      50.000000
4045         -17.499975     -11.028871      50.000000
4046         -15.261736     -19.253331      38.760713
4047         -21.010479      13.434907      -2.934793
4048         -26.272089      11.252509       1.864580
4049         -24.666034      17.428899      -2.640947
4050         -29.499581      16.668580       4.349773
4051         -32.119895      24.124795       6.185685
4052         -33.204394      19.240950       6.543758
4053         -18.490220      -0.042240      -1.653188
4054         -17.505430      -5.684315       4.102153
4055         -27.927258       4.756333      11.293845
4056         -24.826681       2.467931       7.500820
4057         -26.627740      -0.392227      12.314130
4058         -16.519058      10.108300      -1.973429
4059         -21.399552       9.945878       0.832176
4060         -18.825978      -0.790476       4.858341
4061         -18.337649       5.829580       1.274445
4062         -22.040378       7.718293       5.792146
4063         -24.529251      -7.135285      17.375085
4064         -21.675058      -3.072814      11.764582
4065         -17.233433      -1.599273       9.550930
4066         -22.077005     -14.384838      38.456348
4067         -17.337401     -14.777244      40.405441
4068         -18.326937     -18.326937      18.307861
4069         -19.868869     -12.992257      15.034716
4070         -21.013832     -12.220456      21.213873
4071         -24.397009      -8.115040      22.703320
4072         -14.814379     -15.782928      13.813323
4073         -23.268221     -14.974208      30.816040
4074         -25.639069     -10.589296      32.395217
4075         -23.420069      -9.967635      27.701418
4076         -26.919656      -5.549596      31.844133
4077         -19.640226     -13.103559      26.335489
4078         -26.258243      -1.959801      21.305276
4079           5.591087      -5.556550     -18.340866
4080          10.434195      -8.712966     -16.467407
4081           4.011917       8.769271     -20.644963
4082           3.646755       1.114255     -19.898344
4083          11.134299       4.667377     -20.249781
4084         -14.708375     -14.704667       0.792062
4085         -13.829012     -10.520720      -2.047990
4086          -7.754949     -17.196158       0.446132
4087          -2.762256     -19.815890      -1.480938
4088          -2.578861     -12.511057      -4.056887
4089          -6.427504      -5.325072     -11.926023
4090          -4.331850      -0.283686     -11.929198
4091         -13.258934       3.956576      -5.276197
4092         -10.098359       2.041508      -9.776403
4093          -8.813079      -9.507158      -2.445094
4094         -12.052878      -4.424874      -4.714944
4095          -7.380237      -6.989733      -6.937077
4096          -6.812847      -1.678976      -6.731409
4097         -12.721483      -1.951903       0.986055
4098         -10.155581       0.252470      -3.101527
4099          -3.652764     -28.599210      14.241667
4100           7.189506     -34.522925      13.690005
4101           3.838605     -32.283369      10.563784
4102         -18.470195      -9.677179      10.262066
4103         -15.482848     -11.895470       5.948153
4104         -12.725494      -7.990679       2.849039
4105          -9.344650     -22.690701      16.123195
4106          -3.968335     -24.323675      17.646424
4107           6.492737     -28.428916       8.534944
4108           2.968770     -24.184250       7.574498
4109          -7.192368     -18.910166      11.935063
4110         -10.189436     -12.849107      11.615572
4111          -9.982590     -13.080272       5.054676
4112           0.165763     -20.204199       3.693953
4113           3.862079     -11.486991     -11.486991
4114          -0.518748      -5.704455     -12.509897
4115           5.120250      -4.005653     -12.676503
4116          -0.779567      -7.605137      -5.439177
4117           3.161256     -11.053358      -6.252275
4118          16.152647     -13.859828     -15.161312
4119          19.543818     -11.517528     -19.088269
4120           8.661748      -0.470332     -16.667724
4121          12.621502      -3.953138     -17.489396
4122          10.033570     -13.672162      -8.068958
4123          14.573410     -16.181821      -7.263906
4124           2.431997     -14.498333      -2.292253
4125           5.103122     -24.811509       0.861545
4126           6.264744     -18.978358      -2.109997
4127           3.802042     -17.036942       1.948091
4128          26.118075     -39.098847      15.712066
4129          23.579827     -36.483987       9.030636
4130          35.497098     -35.604498       2.552466
4131          30.529582     -37.612255       9.453447
4132          22.924691     -32.665537       1.698609
4133          26.997732     -34.543410       5.254844
4134          50.000000     -34.993312       1.957663
4135          44.610790     -36.929558       4.094092
4136          50.000000     -37.451140       6.323273
4137          50.000000     -34.946505      10.364946
4138          50.000000     -29.999067       1.960985
4139          50.000000     -32.494400       6.288418
4140          40.121908     -34.570683       4.379536
4141          37.350423     -50.000000      32.186055
4142          29.997582     -50.000000      36.602265
4143          32.500000     -50.000000      32.272413
4144          34.975071     -50.000000      36.564630
4145          26.980020     -44.776240      43.772134
4146          32.446647     -50.000000      40.178924
4147          26.564110     -43.965407      38.077829
4148          46.016985     -50.000000      32.792377
4149          39.479116     -50.000000      36.220830
4150          50.000000     -45.669873      32.500000
4151          41.602540     -50.000000      31.754265
4152          43.055159     -50.000000      35.806132
4153          26.732153     -44.516846      26.436172
4154          31.250202     -45.113619      30.107233
4155          39.738344     -45.523839      23.126617
4156          39.824071     -50.000000      27.860031
4157          44.461430     -44.458871      21.707691
4158          50.000000     -37.346043      13.704041
4159          50.000000     -41.339746      20.000000
4160          50.000000     -37.189209      17.630439
4161          45.145942     -44.065448      29.428832
4162          50.000000     -41.383108      25.000471
4163          50.000000     -41.396630      30.002424
4164          38.141676     -44.477115      29.966350
4165          33.167793     -40.802681      15.607405
4166          34.834482     -44.858151      25.564682
4167          41.706471     -41.723487      17.498231
4168          36.957979     -41.573280      21.671382
4169          50.000000     -40.000000      50.000000
4170          34.988362     -41.346465      50.000000
4171          45.198044     -45.151902      44.448963
4172          34.984620     -44.898752      44.898752
4173          37.709981     -50.000000      45.745650
4174          41.869864     -50.000000      40.566565
4175          37.250157     -50.000000      40.947819
4176          43.994120     -45.248455      37.933374
4177          50.000000     -45.688481      37.467771
4178          39.967771     -41.358354      50.000000
4179          45.394968     -41.855605      50.000000
4180          50.000000     -41.420207      35.014546
4181          50.000000     -41.856048      45.394201
4182          50.000000     -41.361455      39.962399
4183          50.000000      17.500000     -37.009619
4184          44.639664      27.924870     -44.677638
4185          50.000000      30.000000     -41.339746
4186          43.273331      36.704589     -44.313898
4187          50.000000      34.988362     -41.346465
4188          50.000000      32.500000     -37.009619
4189          22.499487      50.000000     -37.009323
4190          20.913222      44.416691     -37.946678
4191          18.730111      37.572006     -35.851555
4192          25.688653      35.536520     -43.688511
4193          24.901409      37.963674     -37.778660
4194          22.019346      33.346856     -37.061678
4195          37.353973      35.953318     -43.903996
4196          32.491554      37.846767     -45.359689
4197          31.339502      41.694281     -41.724207
4198          31.563094      33.531896     -41.982758
4199          45.048089      20.492371     -38.300500
4200          50.000000      27.500000     -37.009619
4201          50.000000      22.500000     -37.009619
4202          43.945304      26.801019     -38.362530
4203          27.988977      31.789524     -37.590658
4204          10.000000      50.000000     -32.679492
4205           7.457584      45.645470     -31.211627
4206          15.784749      43.929579     -35.113006
4207          14.999884      50.000000     -32.679425
4208          19.999561      50.000000     -32.679238
4209          13.898726       6.743898     -25.458240
4210          18.755909       8.693618     -26.250103
4211           8.284151      15.261200     -30.420022
4212          14.632459      12.106262     -28.123895
4213          14.310240      17.199189     -31.455594
4214          16.671118      23.814233     -36.425779
4215          25.269336      21.743757     -38.029722
4216          45.078858      45.078858     -45.078858
4217          45.394201      50.000000     -41.856048
4218          50.000000      39.967771     -41.358354
4219          50.000000      45.394968     -41.855605
4220          50.000000      46.650635     -37.500000
4221          36.600447      44.419274     -43.301935
4222          42.117586      42.118560     -41.938029
4223          39.962399      50.000000     -41.361455
4224          46.660959      50.000000     -37.443340
4225          42.500000      50.000000     -37.009619
4226          50.000000      50.000000     -35.000000
4227          50.000000      50.000000     -30.000000
4228          33.510938      14.254605     -33.510938
4229          44.769855      15.212672     -36.795263
4230          50.000000      15.000000     -32.679492
4231          42.327104      19.322931     -33.669407
4232          37.993773      25.000000     -37.802269
4233          32.466843      25.663222     -37.504671
4234          36.589991      19.015411     -36.313752
4235          41.703407      31.517300     -41.784353
4236          36.365171      31.288309     -40.735484
4237         -33.935107      27.486306      50.000000
4238         -44.497258      34.264274      41.985279
4239         -43.055159      50.000000      35.806132
4240         -44.550857      38.516238      21.116148
4241         -42.967116      33.048464      21.870855
4242         -45.483997      33.943818      26.348573
4243         -44.421298      38.261743      28.919645
4244         -45.021144      43.674027      28.506764
4245         -41.602540      50.000000      31.754265
4246         -39.824071      50.000000      27.860031
4247         -37.350423      50.000000      32.186055
4248          33.885200      45.310657     -38.902932
4249          32.500164      50.000000     -37.002907
4250          37.493733      50.000000     -36.976223
4251          28.550383      44.398320     -37.521792
4252          29.993114      50.000000     -32.662027
4253          24.997363      50.000000     -32.677970
4254         -13.931754      24.047048     -17.359317
4255         -15.881883      23.843677     -12.467879
4256          -3.654699      18.269124     -25.006769
4257          -6.566613      20.782665     -21.542277
4258           1.782137      21.960687     -26.335934
4259           0.000000      41.680705     -29.792741
4260           5.342051      39.900594     -30.614645
4261          -8.181442      31.191929     -26.288050
4262          -5.978215      25.074053     -24.377345
4263           0.000000      27.649936     -27.496275
4264         -10.329665      25.816010     -20.774909
4265          -2.617001      34.840010     -27.577205
4266           2.253483      35.879175     -29.245655
4267          -9.919459      32.499500     -20.697346
4268         -13.203630      36.850127     -20.930913
4269         -14.544904      29.143846     -18.872168
4270          -7.500959      28.878910     -17.922734
4271          15.554319      26.512686     -32.163391
4272          19.297240      33.619773     -32.594587
4273          10.701178      41.579483     -31.532755
4274          14.242193      33.489215     -33.584073
4275          19.111726      40.895500     -30.305310
4276          14.971986      38.102388     -31.468147
4277           7.500000      50.000000     -28.349365
4278          12.500000      50.000000     -28.349365
4279          27.484181      50.000000     -28.340232
4280          22.500000      50.000000     -28.349365
4281         -28.563934      21.865025       1.499928
4282         -17.721150      30.564333     -13.845253
4283         -23.070053      23.908910      -2.590425
4284         -27.498510      50.000000      -2.369609
4285         -26.038034      37.218223      -8.536912
4286         -30.967395      37.461048      -5.467122
4287         -29.477917      34.125127      -1.487032
4288         -28.418650      27.624923      -5.033737
4289         -22.829890      34.058505      -6.122354
4290         -23.903891      29.117186      -6.854460
4291         -32.766113      44.947725       2.019287
4292         -30.548845      40.624688      -0.609410
4293         -29.995419      50.000000       1.958454
4294         -32.500000      50.000000       6.291651
4295         -27.476871      50.000000       6.276198
4296         -15.454455      35.940632     -16.044719
4297         -26.345374      43.481696      -5.170510
4298         -26.495130      45.434719      -0.554695
4299         -24.999682      50.000000      -6.698944
4300         -22.498957      50.000000      -2.369312
4301         -19.999935      50.000000      -6.698774
4302         -21.394524      44.330369      -8.794051
4303         -19.991856      35.336057     -10.771049
4304         -20.272819      41.204734     -14.022185
4305           5.272216      44.075806     -26.748825
4306           0.000000      50.000000     -24.019238
4307           5.000000      50.000000     -24.019238
4308          -8.371431      37.636929     -23.380041
4309          -5.812120      43.444638     -26.322278
4310          -0.569662      44.665891     -25.213656
4311          -6.159469      38.564676     -27.940848
4312          21.954559      29.275615     -33.379809
4313          22.796305      10.537528     -33.063043
4314          20.314444      20.296415     -35.402073
4315          19.368841      16.920699     -31.779270
4316          28.266885      26.817578     -33.579425
4317          25.824817      15.337058     -33.058207
4318          29.949862      21.627546     -34.619522
4319           9.266137      14.431436     -23.964614
4320         -11.149375      20.563969     -14.549145
4321         -11.864200      15.011331     -12.070836
4322          -5.945908      16.471767     -16.590247
4323          -7.104045      10.702897     -13.600298
4324           2.180153       1.093703     -12.930241
4325           2.095164       5.609255     -16.350918
4326         -13.526101      11.207097      -6.663659
4327         -15.461112      17.167221      -6.054317
4328         -13.041706      19.798063      -9.795109
4329          10.721323      10.767539     -20.612725
4330          -2.500000      50.000000     -19.689111
4331         -11.601613      45.003144     -17.072882
4332         -10.000000      50.000000     -15.358984
4333          -7.050406      43.195014     -19.620109
4334          -5.000000      50.000000     -15.358984
4335         -14.731413      44.166307     -12.603516
4336          -9.789720      40.308067     -14.081478
4337         -12.500000      50.000000     -11.028857
4338         -14.999987      50.000000      -6.698739
4339         -17.896477      28.021718      -8.256102
4340          -6.638845      24.024959     -16.821031
4341           5.304804      17.675467     -23.215634
4342          -2.134285      18.777291     -19.772311
4343          -0.805239      13.099490     -22.504515
4344           6.207459      13.645209     -19.686252
4345          10.887212      22.733365     -28.420216
4346           9.598204      29.575820     -29.879007
4347           8.707338      34.620874     -28.602901
4348           4.977485      22.122850     -20.913682
4349           6.018128      25.759756     -24.211455
4350           4.624609      31.947377     -26.695374
4351           0.992597      13.407881     -16.358093
4352         -43.692721      44.443248      38.451857
4353         -43.826004      37.604739      36.978367
4354         -42.249821      42.060332      32.927042
4355         -41.869864      50.000000      40.566565
4356         -39.479116      50.000000      36.220830
4357         -44.849257      44.837019      44.492546
4358         -37.709981      50.000000      45.745650
4359         -42.306624      45.781518      50.000000
4360         -37.500000      45.669873      50.000000
4361         -35.000000      50.000000      50.000000
4362         -42.600894      39.983149      42.599058
4363         -39.967771      41.358354      50.000000
4364         -37.500000      37.009619      50.000000
4365         -35.111525      41.406770      50.000000
4366         -38.703501      22.310643      43.892826
4367         -36.447638      23.122513      50.000000
4368         -34.754238      19.129400      50.000000
4369         -40.846521      16.790012      41.068693
4370         -37.485923      14.879331      50.000000
4371         -38.411440      13.129003      36.951267
4372         -37.909197       9.903648      44.963474
4373         -38.986502       7.872982      39.837327
4374         -35.000000      10.621778      50.000000
4375         -32.500000       6.291651      50.000000
4376         -34.409765       5.653354      43.845194
4377         -34.522693       6.623650      34.956945
4378         -32.752808      -0.489865      33.430384
4379         -36.012884      -0.208157      41.607121
4380         -36.997177       1.756737      36.403867
4381         -28.813988      -1.708795      37.963813
4382         -30.000000       1.961524      50.000000
4383         -27.500000       6.291651      50.000000
4384         -16.067814      -7.973615      15.708362
4385         -19.777620      -7.652596      19.235600
4386         -14.535774      -5.638464       8.278798
4387         -23.475989       2.289166      16.897693
4388         -18.100031      -2.911112      14.934677
4389         -27.588937      27.589037      -0.010271
4390         -22.823181      29.478569      -1.607151
4391         -22.493426      19.429391       1.906492
4392         -35.570462      18.644969      15.963412
4393         -26.959154       7.489270      15.857969
4394         -26.021345      11.063396       9.132445
4395         -23.152673       8.062053      12.315299
4396         -24.482868      16.356308       5.555853
4397         -30.976058      19.321428      12.949501
4398         -35.889016      17.697085      39.268704
4399         -42.612530      25.040559      31.827112
4400         -38.955940      25.132748      24.972775
4401         -39.509525      22.112127      29.039957
4402         -37.063808      19.546445      34.386150
4403         -34.873650      20.105168      28.366641
4404         -31.768459       7.482352      24.280504
4405         -32.141619      13.947059      26.362974
4406         -28.718657      12.280220      13.780825
4407         -31.237197      12.872713      21.344203
4408         -30.212814      16.141690      17.416774
4409         -29.145488      28.530572       5.101006
4410         -34.108931      20.905433      21.425764
4411         -33.642126      24.330776      14.945479
4412         -37.582862      23.983956      19.167940
4413         -36.737038      34.970554       6.620984
4414         -40.859624      40.842478      12.755848
4415         -38.643277      35.115313      12.464183
4416         -38.285707      39.461633       8.544431
4417         -29.704661      33.791808       3.900502
4418         -34.132983      42.378427       7.826787
4419         -30.516929      39.039538       4.493133
4420         -30.991168      34.359338       9.122501
4421         -31.192438      27.640237      11.720618
4422         -36.703370      27.164282      44.956146
4423         -39.937634      34.147576      44.829853
4424         -41.149832      29.294050      42.862811
4425         -36.011381      32.805473      50.000000
4426         -37.794719      24.868376      37.919741
4427         -41.494882      41.533784      24.927946
4428         -39.526031      45.315095      21.747325
4429         -40.580403      39.199031      17.740504
4430         -37.341248      50.000000      23.000093
4431         -32.743908      50.000000      14.982714
4432         -33.914043      50.000000      19.843667
4433         -35.409708      43.678278      15.763151
4434         -42.387687      31.641823      35.917814
4435         -40.295402      34.003554      28.699139
4436         -38.497095      30.741610      24.448149
4437         -36.529826      29.387431      32.579209
4438         -36.693310      36.501903      20.029979
4439         -35.748584      28.748259      19.929594
4440         -33.217589      32.494088      13.684338
4441         -31.339590      44.801251      12.056663
4442         -29.856240      50.000000      10.527723
4443         -27.529915      50.000000      14.959921
4444         -32.756557      25.684655      26.209437
4445         -36.192216      17.347204      44.842472
4446         -32.393832      23.550863      50.000000
4447         -29.982305      19.271816      50.000000
4448         -31.486872      26.138067      44.304984
4449         -29.809168      27.832109      50.000000
4450           0.689107     -31.245820      24.321451
4451         -11.305724     -15.205838      18.523293
4452         -12.781336     -21.096038      22.723888
4453         -14.173397     -18.260190      27.042363
4454          -4.536873     -27.231276      25.239582
4455          -9.403689     -25.099935      28.245048
4456          -7.489544     -26.968092      34.607880
4457          -4.487593     -26.029821      30.236693
4458          -5.000000     -27.472972      44.502691
4459          -5.000000     -24.019238      50.000000
4460          -0.836622     -30.538073      34.519701
4461          -1.236324     -31.818766      42.456404
4462           0.000000     -24.019238      50.000000
4463           3.370210     -31.089521      45.130070
4464           7.500000     -28.349365      50.000000
4465           1.270007     -26.172751      44.568861
4466           5.000000     -24.019238      50.000000
4467          17.200444     -28.830556       6.733297
4468           7.451089     -22.097819       5.792759
4469          11.087886     -22.035499      -1.212542
4470          11.386433     -16.746796      -3.417377
4471          30.788905     -31.691730       2.083465
4472          36.431958     -31.520461       6.075483
4473          32.383128     -27.507435      -3.861233
4474          27.597851     -27.597951      -0.009610
4475          11.471083     -37.426455      29.851518
4476           9.413356     -37.271137      36.001517
4477          20.230939     -42.110974      42.356128
4478          15.729041     -38.581255      44.938081
4479          17.500000     -37.009619      50.000000
4480          16.995692     -37.679716      31.150952
4481           2.252853     -30.179341      38.814922
4482           6.538904     -33.048437      40.048014
4483          11.964689     -34.636006      43.715780
4484          -0.000000     -27.487466      27.641290
4485          11.797848     -30.332050      13.331447
4486           2.873487     -28.123816      14.478743
4487           0.473380     -27.006055      19.392321
4488           7.953848     -29.692573      16.844829
4489           6.253805     -33.678105      26.263833
4490           4.780289     -29.544730      21.874016
4491          26.942798     -42.235693      31.921213
4492          30.804234     -42.846375      22.376068
4493          22.838077     -30.795436       7.931470
4494          21.430658     -35.091100      13.841608
4495          16.735967     -31.725151      14.428428
4496          18.209415     -27.436061      11.724749
4497          13.088279     -25.032389       9.129815
4498          20.000000     -32.679492      50.000000
4499          -2.581838     -23.088216      12.496335
4500          -4.154284     -15.536522       7.953380
4501           0.438279     -19.871055       9.190642
4502          -6.423547     -23.353839      22.442621
4503          -8.679665     -19.385804      20.032250
4504           0.317099     -21.597368      20.761567
4505           5.473064     -31.632285      32.071723
4506          32.082914      17.712900     -29.715328
4507          38.913867      15.089264     -32.598889
4508          36.572258       8.929130     -31.520430
4509          50.000000      12.500000     -28.349365
4510          30.000000     -41.339746      50.000000
4511          27.500000     -37.009619      50.000000
4512          37.500000     -37.009619      50.000000
4513          22.372160     -34.196676      45.625200
4514          25.000000     -32.679492      50.000000
4515          32.500000     -37.009619      50.000000
4516          26.098651     -39.087301      44.110807
4517          15.118823     -37.309059      21.005989
4518          20.417582     -30.744848      17.959929
4519          25.046403     -38.974776      25.102973
4520          21.929113     -35.440686      19.615984
4521          28.683860     -37.198370      20.070666
4522          19.249372     -35.464702      25.361035
4523          13.310204     -33.473550      25.798191
4524          12.735813     -31.564162      19.583331
4525          16.187661     -37.561475      36.902290
4526          11.879933     -32.672579      38.500324
4527          24.838337     -37.796994      37.969972
4528          22.415527     -36.855887      31.300737
4529          27.500000     -28.349365      50.000000
4530          17.408467       1.199141     -21.019190
4531          14.507090       1.469808     -16.260534
4532          24.360699      -6.911011     -17.113226
4533          37.688552     -36.726742       8.671263
4534          43.590728     -37.127758      13.432655
4535          38.034528     -37.214121      15.826859
4536          33.875341     -33.838334      10.694386
4537          50.000000     -33.002860      15.199805
4538          44.704962     -29.384875      -3.647831
4539          42.529060     -33.145403       0.140429
4540          40.074879     -27.411230      -6.457472
4541          50.000000     -27.499813      -2.368711
4542          43.368545     -23.111049     -10.384876
4543          44.896107     -24.484823      -5.544910
4544          45.165090     -18.700021     -12.361938
4545          35.479359     -29.572033      -0.114112
4546          36.766786     -24.778794      -2.752997
4547          50.000000     -24.999813       1.961416
4548          50.000000     -20.000000      -6.698730
4549          50.000000     -22.500000      -2.368603
4550          17.281308      -5.809787     -15.666269
4551          11.377750      -9.918268     -11.461159
4552          14.402621     -21.174534       3.444227
4553          29.688750     -18.943974     -11.546658
4554          31.587724     -23.178061      -7.459516
4555          22.548458     -19.311729      -6.761007
4556          16.024695     -20.309581      -3.674929
4557          23.792024     -14.370434     -13.386253
4558          16.426112     -10.783596     -10.379113
4559          26.565961     -15.371235      -8.197688
4560          20.227401     -14.118437      -9.754261
4561          26.872590     -21.958446      -5.690606
4562          23.192906     -24.035036      -2.691159
4563          20.834876     -27.350258       2.077237
4564          18.396364     -23.560118      -0.440661
4565          18.555689     -14.176989      -4.941428
4566          18.844668     -18.614505       0.970452
4567          50.000000     -15.000000      -6.698730
4568          39.657764     -21.105921      -4.620737
4569          32.539307     -10.575260     -17.872610
4570          36.366580     -17.768646     -10.755053
4571          41.136202     -17.328118      -7.867207
4572          35.411639     -18.551504      -5.504800
4573          33.444149      -3.381704     -23.915395
4574          27.616909      -0.005130     -27.590092
4575          33.984782       1.545177     -26.596848
4576          26.968120      -3.249786     -23.477727
4577          27.806669       8.650027     -29.621781
4578          32.267973      11.384266     -29.304241
4579          20.323535      13.456482     -27.428317
4580          15.475156       7.170078     -20.266808
4581          20.916338      -0.983141     -16.298495
4582          23.281113      10.127487     -24.107016
4583          26.199464       5.400796     -24.153340
4584          20.022634       6.023849     -22.031305
4585          32.342842       7.179884     -26.174115
4586          37.107058      11.163920     -26.641567
4587          43.626294       5.605052     -30.069142
4588          44.562399      11.111114     -29.121020
4589          50.000000       2.500000     -28.349365
4590          50.000000       7.500000     -28.349365
4591          50.000000      -0.000000     -24.019238
4592          43.817114      -0.238246     -24.716711
4593          50.000000       5.000000     -24.019238
4594          43.698782     -13.794693     -12.979363
4595          45.096309     -14.005425      -8.005005
4596          37.619068     -13.066916     -13.082057
4597          50.000000     -12.500000     -11.028857
4598          44.551787     -10.000000     -19.257224
4599          50.000000     -10.000000     -15.358984
4600          50.000000      -5.000000     -15.358984
4601          43.271283      -3.140080     -18.885193
4602          50.000000       2.500000     -19.689111
4603          50.000000      -0.000000     -15.358984
4604          40.713655      -8.130620     -15.027127
4605          28.661964     -10.326029     -12.845700
4606          32.705513     -13.936207      -9.531781
4607          36.059247      -5.612982     -18.033461
4608          26.890843       0.815683     -20.112276
4609          30.477035      -3.447884     -19.124937
4610          31.852789      -4.413735     -13.916661
4611          38.083416       5.896210     -26.023860
4612          36.848655      -0.109290     -20.508590
4613          -1.191223       7.658838     -12.216026
4614          -4.237540       4.355675      -9.733864
4615          -7.137326       8.002107      -7.578210
4616          -4.702813      12.424489      -9.198165
4617          -8.375278      14.876675      -6.215046
4618         -16.060249      22.795175      -6.849927
4619         -17.584009      21.050101      -1.625112
4620          -9.976154      10.146778      -1.573251
4621         -26.610696      29.350545       9.827206
4622         -26.189958      18.279238      10.040018
4623         -27.755290      23.816142      12.677454
4624          17.500000     -28.349365      50.000000
4625          15.334631     -31.182557      45.192606
4626           8.576789     -29.908270      44.500294
4627          12.500000     -28.349365      50.000000
4628          10.000000     -24.019238      50.000000
4629         -33.588649      14.208444      33.507244
4630         -30.944706      17.237910      30.208461
4631         -24.289852      -5.764540      38.760801
4632         -24.469891      -4.460640      44.538735
4633         -27.988637       0.236034      43.716073
4634         -22.499824      -2.368704      50.000000
4635         -30.000000      10.621778      50.000000
4636         -32.453744      14.912668      50.000000
4637         -27.500000      14.951905      50.000000
4638         -25.000000       1.961524      50.000000
4639         -30.898266       7.405030      29.339337
4640         -29.311200      12.279212      30.912493
4641         -27.496992      -0.004826      27.619152
4642         -23.234171      -4.088554      26.138829
4643         -27.521462       4.830292      33.077486
4644         -27.553768       9.232628      21.929352
4645         -15.110330     -17.901598      33.852446
4646         -20.961670     -11.080971      34.680467
4647         -17.380303     -14.682633      30.623410
4648         -14.795171     -13.447574      24.788207
4649          -2.500000     -19.689111      50.000000
4650         -10.858279     -21.511916      37.161576
4651         -13.145398     -21.996209      31.547147
4652          -5.046765     -25.939134      39.319249
4653         -12.117515     -18.029331      43.382829
4654          -5.377510     -21.677721      42.628914
4655         -20.000000       1.961524      50.000000
4656         -17.500000      -2.368603      50.000000
4657         -18.882575      -8.940477      43.845004
4658         -19.023523      -3.866411      45.200205
4659         -14.999996      -6.698732      50.000000
4660          -7.686022     -16.635670      45.588526
4661         -12.499993     -11.028861      50.000000
4662          -5.000000     -15.358984      50.000000
4663          -7.499999     -11.028858      50.000000
4664         -24.278344       0.393334      34.419656
4665         -24.306660       3.859250      23.016878
4666         -26.095808       7.228122      26.853837
4667         -12.471309     -10.864549      43.172392
4668         -12.024702     -15.251519      36.917927
4669         -14.697605      14.701474       0.810177
4670         -20.346664      13.462701       4.443013
4671         -25.369854      23.782339       6.202841
4672         -16.984030      19.995775       3.852955
4673         -20.453286       7.528058      18.514882
4674         -12.299053       5.838396       2.046531
4675         -13.457107      -0.367645       6.273261
4676         -19.936882       3.994010      11.624209
4677         -18.883679      10.358186      10.347721
4678         -17.269853       9.368680       4.841070
4679         -14.523442       4.924133       7.639121
4680         -19.255380      -2.771909      20.723311
4681         -14.824696       0.316936      13.517904
4682         -16.395640      -9.598600      37.949874
4683         -18.558109      -1.943833      38.429676
4684         -19.936065      -4.582650      33.906374
4685         -19.475438       0.360773      32.623268
4686         -13.679048     -10.384513      20.199244
4687         -17.918839      -7.656875      24.925589
4688         -10.793443      -9.704794      15.822200
4689         -18.746722      -8.576452      30.297529
4690         -13.554977      -9.103008      27.481896
4691         -19.221748       1.719167      24.107960
4692         -17.919416      -1.936138      28.178516
4693         -15.027423      -3.856535      23.270738
4694         -10.751342     -16.676111      30.838325
4695          -9.068128     -11.258885      25.108900
4696          10.926850      -4.729568     -11.989980
4697           4.368674       9.983582     -12.694478
4698          10.903493      11.416209     -14.211405
4699           8.074638       5.843447     -15.075847
4700          13.005896       5.770378     -14.159706
4701          -2.313818      -7.422669      -0.127280
4702          -7.230048      -7.138333       5.563057
4703          -6.581798     -10.763734       1.996421
4704          -1.907479     -12.751666       1.301060
4705          -2.365224      -2.770207      -3.879923
4706          -0.968697       1.103606      -7.251185
4707          -7.180450       3.830947      -0.567065
4708          -3.798029       4.911940      -4.649627
4709          -6.042577      -3.336463      -0.074853
4710          -6.579752       0.537181       3.827606
4711           8.112264       0.814721     -10.655680
4712           1.372504     -23.218150      15.908288
4713           8.107994     -25.964961      13.005096
4714         -10.120979      -7.946342       9.831065
4715          -4.759352     -17.473524      17.271890
4716          -7.045289     -12.879054      20.536912
4717           4.659153     -21.985791      12.038616
4718          10.207185     -20.646708      11.450362
4719          -3.865725     -14.406577      13.087211
4720          -4.411379      -9.746795      10.698706
4721          -0.282517     -11.371343       7.004495
4722          -3.472020      -4.212672       7.287589
4723           7.037427      -7.447352      -7.874028
4724           4.655117      -1.921484      -6.072807
4725           2.922039      -5.823915      -0.923052
4726           6.686961     -10.413490      -2.348250
4727          21.536664      -7.534051     -11.995078
4728          14.917266      -1.066241     -11.462417
4729          12.939249      -9.273501      -4.107387
4730           4.647190      -9.658819       2.908431
4731           9.700217     -17.595792       2.576116
4732          10.807206     -11.383355       0.551742
4733           4.621400     -14.295554       6.204325
4734           8.904767     -17.009555       7.799151
4735          27.052723     -33.946722      14.734281
4736          27.168862     -30.463991      10.838766
4737          31.237418     -30.642983       7.562679
4738          25.657326     -25.966938       5.524742
4739          44.778763     -29.759448       4.014875
4740          43.487047     -33.077057       8.357930
4741          50.000000     -30.000000      10.621778
4742          50.000000     -27.500000       6.291651
4743          50.000000     -27.500000      14.951905
4744          50.000000     -25.000000      10.621778
4745          40.134983     -27.491331       6.212177
4746          27.015558     -34.305951      30.711066
4747          38.760020     -44.481753      37.952163
4748          33.772375     -43.215204      35.216307
4749          31.386417     -41.721749      41.648625
4750          29.933710     -40.241889      36.934126
4751          42.290369     -42.429456      33.793994
4752          33.839798     -40.466666      28.755742
4753          30.795011     -36.153627      33.922295
4754          37.483913     -40.399854      33.033712
4755          41.646722     -41.773019      25.909510
4756          50.000000     -37.255013      27.167961
4757          43.684764     -37.431109      21.743558
4758          45.161574     -34.375131      17.676873
4759          50.000000     -37.249843      22.411316
4760          50.000000     -34.016247      19.802606
4761          36.261432     -28.965784      10.913821
4762          34.174354     -32.447195      15.689567
4763          44.903511     -38.667317      30.257576
4764          50.000000     -36.597458      32.417719
4765          37.901838     -37.880718      26.280907
4766          33.156899     -37.994818      22.936097
4767          37.578417     -35.281669      21.542506
4768          50.000000     -29.933699      19.534017
4769          46.650635     -37.500000      50.000000
4770          50.000000     -37.439765      46.652421
4771          50.000000     -35.000000      50.000000
4772          50.000000     -33.661821      35.725458
4773          36.855260     -39.531942      44.199641
4774          44.848520     -38.021424      44.837634
4775          42.273550     -41.709182      41.684939
4776          45.447069     -40.203665      37.390732
4777          42.500000     -37.009619      50.000000
4778          50.000000     -37.191230      37.657105
4779          50.000000     -37.009619      42.500000
4780          50.000000     -32.984291      39.803554
4781          50.000000     -30.000000      50.000000
4782          50.000000      20.000000     -32.679492
4783          50.000000      30.000000     -32.679492
4784          50.000000      25.000000     -32.679492
4785          45.094214      31.726087     -38.022616
4786          43.684268      36.676541     -38.347192
4787          50.000000      37.500000     -37.009619
4788          50.000000      42.500000     -37.009619
4789          50.000000      35.000000     -32.679492
4790          24.613879      43.263105     -33.525978
4791          22.710050      38.649888     -32.989276
4792          31.066207      37.466987     -37.574096
4793          31.199428      41.579899     -33.303928
4794          26.459349      35.662801     -31.501172
4795          37.261928      37.263091     -37.472454
4796          34.068512      30.720876     -35.831129
4797          31.464180      34.536058     -33.091118
4798          43.359637      25.786466     -32.230160
4799          39.262000      28.188151     -34.048357
4800          30.002318      29.999916     -29.917773
4801          35.278143      27.280839     -31.020119
4802          14.716548      44.346853     -27.885136
4803          10.118107      45.348931     -26.017298
4804          15.000000      50.000000     -24.019238
4805          17.499927      50.000000     -28.349323
4806          19.898056      45.399644     -27.791348
4807          16.497425      11.501287     -22.569511
4808          13.881168      16.704991     -24.520768
4809          10.136638      18.891311     -20.644728
4810          18.797133      20.515717     -28.291675
4811          19.979715      25.235283     -29.910244
4812          24.501067      23.553430     -31.648436
4813          17.703758      21.810608     -23.385105
4814          50.000000      17.500000     -28.349365
4815          50.000000      22.500000     -28.349365
4816          43.610517      43.788924     -35.944111
4817          50.000000      45.556738     -32.554947
4818          50.000000      40.126239     -32.658734
4819          37.250313      43.558129     -35.280362
4820          40.150404      50.000000     -32.577471
4821          45.557285      50.000000     -32.546010
4822          50.000000      46.687329     -27.720877
4823          50.000000      42.598628     -27.922080
4824          37.653481      50.000000     -28.213781
4825          46.704150      50.000000     -27.696982
4826          50.000000      50.000000     -25.000000
4827          33.285083      14.772539     -25.435751
4828          44.675072      18.598202     -28.798621
4829          40.965997      22.116403     -29.634586
4830          35.925804      21.404963     -29.796398
4831          42.345766      32.224205     -33.792988
4832          50.000000      32.503195     -28.337456
4833         -31.839164      32.507697      50.000000
4834         -33.608294      37.409716      50.000000
4835         -37.094496      31.955690      37.423727
4836         -37.249302      37.462973      37.250446
4837         -38.334894      45.283638      34.245584
4838         -37.250157      50.000000      40.947819
4839         -36.663224      38.756215      25.515537
4840         -37.257089      38.415383      31.349986
4841         -33.985588      33.869133      26.108634
4842         -34.975071      50.000000      36.564630
4843         -30.000000      50.000000      50.000000
4844         -37.236466      43.999771      29.220024
4845         -29.850519      50.000000      19.397837
4846         -32.500000      50.000000      32.272413
4847         -32.500000      50.000000      23.612159
4848         -35.000000      50.000000      27.942286
4849          35.032636      50.000000     -32.622281
4850          32.436945      50.000000     -28.295325
4851          29.973857      45.484084     -29.784052
4852          25.062291      44.654262     -27.818214
4853          29.978526      50.000000     -24.006840
4854         -10.109777      27.055605     -12.071433
4855         -10.387435      22.459436      -6.239786
4856          -5.136011      25.550719     -11.754957
4857         -10.139715      35.879721     -11.222976
4858           0.197545      23.639160     -20.717949
4859           0.373438      28.529368     -22.408152
4860           6.435445      37.851498     -25.159576
4861           1.410313      39.372628     -25.290872
4862          -3.889912      30.967894     -20.771297
4863          -0.048449      35.437466     -22.133415
4864          -4.973129      37.332641     -17.904073
4865          -8.446183      32.806876     -14.890333
4866          -2.025880      28.550221     -14.658966
4867          13.476223      23.374376     -21.073397
4868          15.249366      25.366441     -26.029614
4869          20.938163      34.097470     -27.733640
4870          15.774173      30.726157     -27.664993
4871          13.359544      36.352949     -26.926055
4872          22.304313      38.983842     -26.706591
4873          16.904945      40.091354     -25.504197
4874          12.448572      42.492562     -22.546170
4875          10.000000      50.000000     -24.019238
4876          12.500000      50.000000     -19.689111
4877          25.000000      50.000000     -24.019238
4878          20.000000      50.000000     -24.019238
4879          22.500000      50.000000     -19.689111
4880         -20.445130      24.938150       2.396302
4881         -13.937369      32.703133      -9.545867
4882         -17.843674      27.510463      -2.011945
4883         -22.784575      39.175848      -4.358119
4884         -26.178543      38.678223       1.235240
4885         -24.995641      50.000000       1.958557
4886         -20.000000      50.000000       1.961524
4887         -17.499972      50.000000      -2.368623
4888         -18.069058      33.932316      -4.271773
4889         -24.110462      34.676816      -1.214817
4890         -19.199459      32.441470       0.471938
4891         -22.679932      42.349596       0.479107
4892         -27.733717      43.977337       4.080432
4893         -22.496976      50.000000       6.289298
4894         -24.473519      45.472460       7.797306
4895         -25.004986      50.000000      10.623114
4896         -25.000000      50.000000      19.282032
4897         -14.249381      38.675166     -10.195331
4898         -19.999318      45.186596      -3.434691
4899         -14.525905      45.141096      -3.955524
4900         -17.499969      40.746392      -5.577102
4901         -14.999916      50.000000       1.961459
4902         -20.000000      50.000000      10.621778
4903         -17.499496      50.000000       6.291259
4904           5.975751      43.301270     -20.304761
4905           2.500000      50.000000     -19.689111
4906           7.500000      50.000000     -19.689111
4907          -0.609088      41.322450     -20.852038
4908           0.000000      50.000000     -15.358984
4909           5.000000      50.000000     -15.358984
4910          25.039302      30.064912     -26.892423
4911          20.611621      26.774517     -25.060088
4912          26.942705      25.247021     -27.377545
4913          26.596257      13.991815     -26.329020
4914          20.751590      17.768522     -23.568651
4915          23.387569      17.694345     -28.835526
4916          32.011318      25.097964     -26.165020
4917          27.978600      20.148387     -27.342836
4918          32.070197      19.635599     -24.260078
4919          13.368078      15.220347     -17.903148
4920          -5.919668      20.456160     -11.023827
4921          -1.583907      17.228430     -12.951986
4922           5.122511       5.492882      -9.200789
4923           0.551323      11.757066      -8.959073
4924         -10.982506      18.256585      -2.117446
4925          16.527581       8.985300     -15.716619
4926          14.342482       8.840581     -10.424823
4927          -6.053405      19.396287      -4.193461
4928         -12.760290      11.321152       6.337039
4929          -7.500000      50.000000     -11.028857
4930          -0.703123      44.322240     -15.946080
4931          -5.482898      44.468711     -12.751034
4932          -5.178999      36.933121     -11.426874
4933          -2.018760      39.664682     -14.561166
4934          -2.500000      50.000000     -11.028857
4935         -10.963749      42.947058      -7.523273
4936          -9.999996      50.000000      -6.698732
4937         -12.499983      50.000000      -2.368616
4938          -9.999985      50.000000       1.961512
4939          -7.499998      50.000000      -2.368604
4940          -5.000000      50.000000      -6.698730
4941         -11.792048      28.783322      -4.566056
4942          -4.559913      24.167057      -6.410224
4943          -1.826384      16.444226      -7.280764
4944           0.472936      22.563506     -12.573987
4945           8.175973      16.881389     -15.791847
4946           2.694639      19.241704     -17.235531
4947          11.632376      30.373386     -23.108863
4948          11.060056      36.414034     -20.902096
4949           4.137147      31.442178     -20.370534
4950           7.168105      24.690883     -17.199962
4951           8.457834      29.020935     -19.434659
4952           4.716716      15.276974      -9.795397
4953           9.677022      14.375449     -10.287366
4954          -0.346846      26.808885      -9.002639
4955         -32.700218      45.808986      50.000000
4956         -32.500000      50.000000      45.669873
4957         -37.548695      43.364990      40.115280
4958         -35.056598      44.238187      45.110596
4959         -35.783229      37.352141      43.660635
4960         -31.083468      41.645764      50.000000
4961         -32.286779      20.406705      42.153397
4962         -33.688167      12.794066      42.641844
4963         -30.859397      17.375022      37.469032
4964         -28.822236      10.421447      35.918576
4965         -32.414976       8.608665      39.499198
4966         -28.604043       8.520330      43.743699
4967         -29.220977       4.398506      38.456245
4968         -24.420666       2.481208      39.205081
4969         -25.076801       4.612382      45.219072
4970         -25.000000      10.621778      50.000000
4971         -22.500000       6.291651      50.000000
4972         -10.095037      -4.795357      13.990016
4973         -13.663792      -3.488372      18.181609
4974          -5.651445      -9.276993      16.972890
4975          -8.562389      -0.242913       8.925004
4976         -17.775736       2.368805      18.104490
4977         -21.808132      30.190943       4.231349
4978         -23.450810      35.973702       4.631714
4979         -22.111646      27.498058       8.488339
4980         -21.198518      19.948964       7.556560
4981         -28.912480      20.641791      19.890612
4982         -23.312682      12.658331      16.346431
4983         -20.805944      15.977344      11.792376
4984         -24.545332      18.927437      17.430802
4985         -32.132545      24.077859      37.770919
4986         -34.895014      24.121951      32.165822
4987         -29.886065      21.924598      32.972578
4988         -28.511705      23.471592      28.293044
4989         -27.802809      19.643214      24.973243
4990         -26.035402      12.635485      26.682426
4991         -26.172745      15.060196      21.423972
4992         -23.552037      33.685368       9.433232
4993         -28.307501      29.500763      15.666352
4994         -30.421640      25.718737      19.797236
4995         -24.717663      25.209497      18.052863
4996         -32.304686      38.502456      12.340530
4997         -26.836471      39.281774       8.359038
4998         -27.286532      34.884935      13.027100
4999         -34.033894      31.246736      41.952994
5000         -31.345735      29.683016      36.040225
5001         -30.450222      35.308198      17.455796
5002         -34.743152      43.103959      22.546444
5003         -30.275877      45.027106      20.772756
5004         -29.225779      41.077261      17.097674
5005         -30.792525      37.805182      22.298248
5006         -34.601155      33.986818      31.235667
5007         -29.942634      29.955191      29.965850
5008         -29.567994      31.647596      21.408404
5009         -28.919821      34.515308      25.745181
5010         -25.555440      44.682198      18.675253
5011         -25.805251      43.973429      12.557435
5012         -22.500000      50.000000      14.951905
5013         -26.693777      26.310349      24.443798
5014         -27.342112      18.540857      44.681426
5015         -22.500000      14.951905      50.000000
5016         -25.000000      19.282032      50.000000
5017         -27.500000      40.932667      50.000000
5018         -29.450631      37.004983      50.000000
5019         -26.852623      23.716179      44.070499
5020         -27.374662      26.581107      39.721194
5021         -27.500000      23.612159      50.000000
5022         -27.168405      29.398468      45.180862
5023         -27.468195      32.254051      50.000000
5024         -24.993816      36.598970      50.000000
5025         -25.000000      27.942286      50.000000
5026           5.121777     -27.225582      29.041012
5027           4.070239     -26.421883      34.401439
5028          -6.640187     -16.792018      24.021809
5029          -7.213612     -20.072456      28.380743
5030          -2.204965     -21.650721      26.795520
5031           0.189141     -24.375846      31.726322
5032          -3.826100     -21.381379      32.873691
5033           0.212938     -21.156045      45.544263
5034           0.284659     -25.255565      38.743429
5035           2.500000     -19.689111      50.000000
5036           4.894860     -22.746608      38.111034
5037           6.742680     -24.703395      42.661339
5038           5.317688     -20.641487      45.454475
5039           7.500000     -19.689111      50.000000
5040          19.778887     -22.972484       7.542957
5041          15.123399     -20.531620       8.350640
5042          14.707939     -14.707939       0.793498
5043          25.159226     -25.498970      10.901781
5044          34.522218     -24.515064       4.145428
5045          31.664008     -22.998418      -1.207602
5046          28.369634     -22.528327       2.760648
5047          10.516760     -31.590685      30.058095
5048          17.186612     -32.576754      29.280300
5049          14.190954     -33.602670      33.514612
5050          18.520032     -34.620391      42.153968
5051          19.965368     -33.535334      36.093301
5052           9.474465     -28.003720      36.085457
5053          13.338257     -28.268414      41.588984
5054           4.767039     -23.360867      25.408032
5055          12.396055     -25.986654      16.210476
5056           5.881664     -24.085440      18.559006
5057          10.034267     -26.848039      21.335306
5058          10.044435     -27.101749      27.037887
5059          30.257965     -35.484944      26.697721
5060          30.355231     -31.214881      21.835662
5061          29.494874     -26.878709      13.847646
5062          22.093174     -26.663619      15.217167
5063          24.933495     -28.820211      20.219499
5064          17.513912     -26.463774      18.437313
5065          17.216835     -22.565246      13.504403
5066          20.000000     -29.345045      44.625410
5067          22.500000     -28.349365      50.000000
5068          15.000000     -24.019238      50.000000
5069          13.563867     -16.160877      10.213492
5070           1.013961     -16.357663      13.400571
5071          -1.649317     -17.379939      22.943936
5072           1.535691     -16.327468      19.049804
5073           5.386894     -19.370567      20.452126
5074           8.748773     -24.491413      31.803192
5075          37.107290      18.276623     -25.815258
5076          40.821786      15.000000     -27.395813
5077          50.000000      10.000000     -24.019238
5078          44.830726      14.666169     -24.130513
5079          50.000000      15.000000     -24.019238
5080          50.000000      12.500000     -19.689111
5081          28.934979     -34.951353      45.610597
5082          30.000000     -32.679492      50.000000
5083          37.964207     -34.322635      45.365412
5084          35.000000     -32.679492      50.000000
5085          40.125841     -32.660495      50.000000
5086          26.049583     -32.069600      42.621873
5087          33.184640     -34.503939      42.908250
5088          29.281741     -34.710096      39.021850
5089          18.780383     -29.754957      22.789679
5090          24.603734     -32.184429      25.349308
5091          16.177999     -26.631831      27.422499
5092          21.429239     -29.877269      30.913933
5093          16.671775     -29.541802      37.561757
5094          25.996043     -31.768618      35.380773
5095          28.232514     -27.128671      44.470951
5096          32.500000     -28.349365      50.000000
5097          20.000000     -24.019238      50.000000
5098          24.999585     -24.019478      50.000000
5099          29.997507     -24.020677      50.000000
5100          50.000000      -7.500000     -11.028857
5101          19.403137       3.976162     -13.132237
5102          25.100685      -3.045265     -12.858239
5103          19.971166      -2.287810      -9.853826
5104          41.331750     -31.234776      14.603058
5105          45.436789     -29.048946      17.060610
5106          50.000000     -25.000000      19.282032
5107          42.961446     -25.086121      -0.121245
5108          44.303539     -19.838943      -3.155219
5109          37.604195     -20.078785       0.214324
5110          39.225186     -22.678787       4.227926
5111          44.117851     -23.105222       5.401219
5112          50.000000     -22.500000       6.291651
5113          50.000000     -20.000000       1.961524
5114          50.000000     -17.500000      -2.368603
5115          15.325418      -5.457042      -8.171541
5116          18.839833     -17.213414       7.922412
5117          29.131972     -17.797071      -3.586530
5118          23.447059     -15.646677      -2.596237
5119          29.204954      -5.161213      -9.185705
5120          29.729760     -12.897142      -4.999069
5121          19.193627      -7.899248      -2.532769
5122          24.149350     -10.147099      -7.422919
5123          19.139847      -9.098133       2.384617
5124          24.318220     -19.236430       7.359335
5125          24.462486     -19.379154       1.480885
5126          21.095949     -13.460604       4.046970
5127          50.000000     -10.000000      -6.698730
5128          50.000000     -12.500000      -2.368603
5129          39.529839     -15.672735      -2.725122
5130          35.141487      -7.807796     -11.156858
5131          43.001894     -11.432236      -4.038414
5132          37.805033     -11.606131      -7.185285
5133          34.428333     -13.386487      -2.011381
5134          14.533105      15.550285     -11.122606
5135          11.186961      19.866109     -12.188453
5136          25.326753       3.033473     -15.147535
5137          31.774186       3.400521     -21.330961
5138          28.219893      10.838524     -21.012760
5139          21.609695      12.224952     -19.242089
5140          24.414610       7.336893     -18.710146
5141          21.698146       8.849385     -14.359490
5142          38.181685      14.574358     -22.113703
5143          34.796904       9.419396     -21.317496
5144          39.737529      -0.598144     -16.307414
5145          43.046441       9.908374     -23.118120
5146          44.867423       4.934355     -22.620305
5147          41.610960       3.457885     -18.680744
5148          50.000000       7.500000     -19.689111
5149          50.000000       5.000000     -15.358984
5150          43.839489      -8.140803      -9.452499
5151          44.687544      -4.154294     -13.449167
5152          50.000000      -2.500000     -11.028857
5153          45.190936       2.500000     -14.665190
5154          50.000000       2.500000     -11.028857
5155          38.620516      -3.677769     -12.452289
5156          32.680064      -8.740540      -5.615736
5157          34.102114      -4.074745      -7.592699
5158          35.028437      -0.002742     -14.557056
5159          29.632513       0.383447     -11.716771
5160          30.585172       3.282668     -16.113774
5161          36.252645       4.971724     -18.273081
5162           1.205897       6.883185      -5.242543
5163          -3.584672      10.491125      -2.738998
5164          -8.825945      34.023550      -6.685514
5165         -12.062437      36.408820      -2.225987
5166          -9.540896      25.758242      -1.060459
5167          -6.139160      15.710227       0.171342
5168          -4.728938      11.054649       3.420618
5169         -12.479623      22.539753       1.680563
5170         -10.290488      16.762952       4.662901
5171         -21.645760      28.177395      13.467011
5172         -21.111125      21.945612      13.074453
5173          17.064290     -25.420496      45.657169
5174          12.500000     -19.689111      50.000000
5175          12.500000     -23.540800      44.809230
5176          10.856913     -21.506632      37.164546
5177         -24.274075      10.391240      38.019572
5178         -23.579198      23.262599      29.637215
5179         -25.788490      17.002400      30.847240
5180         -25.581867      14.354923      35.248334
5181         -21.255308       0.140241      42.637304
5182         -25.473427      13.235196      45.320984
5183         -19.780886       4.721770      45.476925
5184         -20.000000      10.621778      50.000000
5185         -17.500000       6.291651      50.000000
5186         -23.671098      10.679748      31.884517
5187         -21.991801       4.379049      28.930494
5188         -22.767669       6.131421      35.854959
5189         -21.459342      11.985441      22.794791
5190         -19.528084      11.226978      28.063493
5191         -13.896431      -9.605266      32.706879
5192          -9.658829     -11.569900      30.314277
5193         -10.000000      -6.698730      50.000000
5194          -2.617017     -16.844117      44.747536
5195           0.000000     -15.358984      50.000000
5196          -6.941758     -17.591620      35.799154
5197          -2.052071     -19.254722      38.225900
5198          -6.906899     -14.241661      41.104420
5199         -15.000000       1.961524      50.000000
5200         -15.489531      -0.071788      44.355027
5201         -14.638468      -4.843822      40.785278
5202         -12.500000      -2.368603      50.000000
5203         -11.313950      -5.905384      44.859608
5204          -7.756600     -10.794365      35.327471
5205          -6.490933      -8.724691      44.187342
5206          -2.500000     -11.028857      50.000000
5207          -5.000000      -6.698730      50.000000
5208         -17.552883       3.035305      36.553488
5209         -17.206755       6.966820      24.277336
5210         -11.085470      -6.575260      36.841551
5211         -12.805756       1.224264      39.345138
5212         -15.218576      17.264472       8.425039
5213         -17.960328      24.784678       7.555684
5214         -11.961763      21.609151       7.154437
5215         -14.475895       7.795065      16.671643
5216         -16.104665      11.819180      20.537853
5217         -16.204604      13.524703      14.981309
5218          -7.439430       7.181844       6.866709
5219         -12.878747       9.758822      11.695559
5220          -9.979058       5.078882      12.622166
5221         -10.125895      14.128709      13.815592
5222          -9.482328      17.712001       9.878422
5223         -12.842460       1.332392      21.027539
5224          -9.705419       0.546700      16.220643
5225         -13.649434      -2.498121      34.017072
5226         -15.892418       3.329362      30.467944
5227         -10.626763      -6.091177      22.183551
5228         -10.410166      -5.092503      28.783938
5229         -12.751343      -0.560028      26.351957
5230          -4.783611     -15.035819      31.175916
5231          -3.438619     -12.352412      25.073727
5232          -5.120107      -9.136503      29.304236
5233          -4.226203      -7.142573      23.124919
5234          12.226884      -2.718551      -4.005386
5235           8.887223       9.726215      -8.280814
5236          13.571589       3.431359      -8.708792
5237           0.000000      -0.000000      -0.000000
5238           0.353468      -6.167945       4.604526
5239           3.217016       2.381332      -3.412047
5240          -1.273479       6.582551       1.910298
5241          -1.900805       0.574247       6.765113
5242           8.195856       4.008145      -3.888097
5243           4.419355       6.528092       0.028556
5244           8.518691     -18.531074      16.509307
5245          13.839980     -18.557198      15.148158
5246          -2.496982      -3.824423      12.242874
5247           0.579500     -11.241220      21.374179
5248          -0.468978     -11.362639      15.754782
5249          -1.374222      -5.697405      18.351434
5250           7.832020     -13.426857      12.265085
5251           2.682300      -9.256417      11.474017
5252           7.031961      -1.782606       1.088513
5253           3.308706      -4.129257       9.043019
5254          10.019501      -6.376596      -0.247563
5255          22.455977      -4.192599      -5.197563
5256          17.981239       1.252147      -5.917711
5257           7.795961      -6.623731       6.546613
5258          14.352963      -7.634892       3.136669
5259          10.844799     -12.543879       5.549620
5260          30.790997     -26.874142      18.927778
5261          32.822244     -25.098050      10.242698
5262          29.564260     -21.866805       7.756260
5263          50.000000     -17.500000       6.291651
5264          50.000000     -20.000000      10.621778
5265          50.000000     -22.500000      14.951905
5266          43.232518     -24.525329      11.550167
5267          37.472667     -23.117552       8.943092
5268          36.366480     -23.888578      14.587349
5269          29.928236     -29.941335      30.020702
5270          31.337080     -31.042634      35.555776
5271          50.000000     -32.705627      24.237453
5272          50.000000     -33.570826      28.767420
5273          37.254388     -37.469387      37.255691
5274          43.543506     -35.836925      35.118411
5275          37.220554     -35.618947      31.152492
5276          42.332456     -34.210803      27.608498
5277          43.227468     -31.105673      21.368455
5278          35.843351     -27.704021      20.055923
5279          44.914017     -32.296460      31.635363
5280          50.000000     -31.861695      32.334340
5281          36.134441     -30.985989      26.906274
5282          50.000000     -29.761804      28.079809
5283          50.000000     -27.500000      23.612159
5284          45.087608     -26.476594      22.555036
5285          50.000000     -22.500000      23.612159
5286          45.554350     -32.565508      50.000000
5287          50.000000     -32.477340      45.393282
5288          45.663367     -31.713619      36.333240
5289          50.000000     -29.674433      36.414574
5290          42.370445     -33.811970      42.325829
5291          36.980088     -31.122931      38.562157
5292          46.642480     -27.829436      50.000000
5293          42.473434     -28.188615      50.000000
5294          50.000000     -25.000000      50.000000
5295          50.000000     -28.066516      40.876129
5296          50.000000     -27.306672      45.730594
5297          44.957800      29.894810     -28.778952
5298          45.561905      24.841000     -27.786012
5299          50.000000      27.500000     -28.349365
5300          44.761331      37.312785     -32.758454
5301          50.000000      37.536629     -28.267831
5302          50.000000      40.009865     -23.969437
5303          27.389198      39.577872     -25.939190
5304          29.645748      30.441261     -24.927971
5305          35.949184      40.291304     -30.890256
5306          41.323058      41.302806     -30.509705
5307          35.022956      50.000000     -23.939761
5308          31.178759      34.918275     -26.609124
5309          36.006934      34.848488     -30.243032
5310          39.804228      28.397360     -27.184653
5311          34.647484      30.503132     -26.463152
5312          17.500000      50.000000     -19.689111
5313          16.910442      45.368935     -22.235481
5314          21.476097      42.937978     -23.469818
5315          23.790934      38.158669     -21.745379
5316          25.253382      32.770241     -21.752008
5317          13.772061      28.066080     -17.676389
5318          18.311389      18.311389     -18.331796
5319          13.449026      20.282718     -16.952973
5320          19.428045      24.391763     -19.381870
5321          23.756105      22.284488     -24.524593
5322          22.276954      28.797917     -20.720048
5323          50.000000      20.000000     -24.019238
5324          50.000000      24.999583     -24.019479
5325          50.000000      22.499920     -19.689158
5326          29.906462      15.932326     -21.412004
5327          44.771349      44.782250     -27.865506
5328          38.796945      44.847697     -27.422166
5329          42.664190      50.000000     -27.874186
5330          50.000000      45.281278     -23.127360
5331          50.000000      50.000000     -20.000000
5332          40.107840      50.000000     -23.749310
5333          45.299275      50.000000     -23.064713
5334          36.161025      20.740236     -21.335627
5335          42.734843      21.844425     -24.866664
5336          37.386055      26.115544     -22.606841
5337          43.192394      34.905805     -27.013530
5338          50.000000      29.997504     -24.020679
5339          50.000000      34.985040     -24.027875
5340         -29.056955      35.620579      43.377464
5341         -30.840791      35.669177      34.351524
5342         -32.337673      36.940711      39.343580
5343         -33.586152      43.162454      34.881931
5344         -32.446647      50.000000      40.178924
5345         -32.157352      39.938690      28.630651
5346         -29.299949      40.419967      35.510912
5347         -29.997582      50.000000      36.602265
5348         -27.451387      45.079135      50.000000
5349         -27.527521      50.000000      46.152914
5350         -25.000000      50.000000      50.000000
5351         -27.510424      50.000000      41.110032
5352         -30.776958      45.047915      30.380460
5353         -27.475087      50.000000      23.631460
5354         -27.500000      50.000000      32.272413
5355         -30.000000      50.000000      27.942286
5356         -22.500000      50.000000      23.612159
5357         -25.000000      50.000000      27.942286
5358          32.886384      29.275349     -21.272976
5359          33.860230      42.993480     -26.602949
5360          32.492807      50.000000     -19.684958
5361          27.496421      50.000000     -19.687045
5362          29.313413      44.060617     -21.888417
5363          50.000000      50.000000     -15.000000
5364          -5.101588      29.767191      -8.701537
5365          -5.473742      38.844280      -5.430498
5366          -3.466971      34.303604      -6.852958
5367           3.786407      28.963633     -15.090951
5368           4.311255      37.476761     -18.445153
5369           0.000044      35.053815     -14.483286
5370          -0.602883      31.853382     -10.383067
5371          17.584392      30.656972     -21.196712
5372          18.089487      36.891611     -21.390108
5373          14.522264      39.535911     -19.080999
5374          14.821624      33.947578     -18.042410
5375           9.459606      39.746071     -15.529967
5376          10.000000      50.000000     -15.358984
5377          11.885728      44.787972     -17.157009
5378          15.000000      50.000000     -15.358984
5379          12.500000      50.000000     -11.028857
5380          21.112494      44.847480     -18.313510
5381          20.000000      50.000000     -15.358984
5382          25.000000      50.000000     -15.358984
5383          30.000000      50.000000     -15.358984
5384         -15.466439      29.637609       3.540090
5385         -14.401471      31.815267      -1.137536
5386         -18.263420      40.013393      -0.580499
5387         -18.676396      44.922029       2.870327
5388         -17.649944      36.526822       3.101029
5389         -19.998756      42.898925       7.616068
5390         -19.701728      45.086113      12.339999
5391         -20.000000      50.000000      19.282032
5392         -17.500000      50.000000      14.951905
5393         -10.675298      41.394434      -2.582262
5394         -14.216806      42.716693       0.969749
5395         -12.276731      37.596558       2.686771
5396         -10.712357      45.145483       4.436914
5397         -15.219778      44.589399       9.722188
5398         -12.499902      50.000000       6.291575
5399         -14.999900      50.000000      10.621700
5400           4.813857      43.811798     -14.119831
5401           2.995091      39.063751     -13.198304
5402           2.500000      50.000000     -11.028857
5403           7.500000      50.000000     -11.028857
5404          -7.499974      50.000000       6.291631
5405          17.500000      50.000000     -11.028857
5406          26.669774      25.791487     -21.434872
5407          25.492840      18.838052     -20.398385
5408          30.590960      21.752445     -19.568341
5409          19.669852      13.757780     -13.736031
5410           2.449180      21.062109      -6.768095
5411           3.827124      12.325026      -4.556093
5412          -5.756600      22.555412       0.328416
5413          -8.827417      30.311743       1.234007
5414          20.729010       9.909471      -9.208567
5415          18.175233      14.116425      -7.840871
5416          17.561978       6.367356      -6.991179
5417          15.068406      11.030120      -5.182908
5418          -1.222046      18.912936      -1.677684
5419          -5.039413      13.950736       8.493803
5420          -3.039611       8.717044       9.458961
5421          -3.312252      44.343329      -6.038923
5422           0.897553      36.578060      -8.696593
5423          -0.192013      42.210436     -10.621132
5424           0.000000      50.000000      -6.698730
5425          -6.379369      43.542340      -0.622943
5426          -5.000000      50.000000       1.961524
5427          -2.500000      50.000000      -2.368603
5428          -4.223167      29.405428      -2.671013
5429           0.000000      25.000940      -2.483794
5430          10.079994      14.925390      -5.267945
5431           5.612013      17.185550      -5.253684
5432          15.624695      17.517901      -5.009695
5433           6.140307      23.704186     -11.494144
5434          14.605583      24.021783     -13.603532
5435          14.444564      21.400855      -8.355117
5436          10.175034      32.301660     -16.014909
5437          15.916850      30.959118     -13.980690
5438          10.448554      28.066055     -11.570021
5439           4.800838      29.008753      -9.336901
5440           8.725233      20.562574      -7.247412
5441           6.143258      25.520879      -4.156208
5442           2.329405      28.669051      -4.986840
5443         -27.380540      44.632239      44.355494
5444         -31.352131      41.729904      41.550481
5445         -23.258186      40.967996      50.000000
5446         -20.000000      50.000000      50.000000
5447         -17.500000      14.951905      50.000000
5448         -25.966842      20.409677      37.628933
5449         -26.566778      14.756078      40.277297
5450         -22.231690       7.711289      41.727320
5451         -20.524867      14.258695      43.473968
5452         -20.745459      13.804230      36.899803
5453          -5.129524      -1.393645      19.197357
5454          -3.513181       3.660510      13.044203
5455          -6.959282       6.211755      19.314333
5456         -11.914088       7.850931      21.903970
5457         -18.434277      32.592753      10.390319
5458         -21.451971      38.152232      11.773554
5459         -18.000749      37.155979       8.151302
5460         -17.392253      32.205135      15.556823
5461         -15.156881      28.131615      11.015906
5462         -16.123177      19.553913      13.388789
5463         -21.725807      21.577508      23.038776
5464         -18.322818      18.322818      18.322818
5465         -19.308502      23.832867      18.517693
5466         -26.937974      26.805101      33.724074
5467         -25.140840      28.186456      29.044727
5468         -19.371304      16.793402      27.036558
5469         -22.503519      34.748115      17.320073
5470         -23.494113      30.198875      20.903015
5471         -24.782966      39.004412      15.582617
5472         -25.925323      31.970137      37.170533
5473         -26.001892      32.465838      32.070470
5474         -24.560886      37.254923      22.479685
5475         -27.028500      42.614775      24.003269
5476         -26.822879      36.950623      29.730619
5477         -24.247686      32.486464      26.261504
5478         -20.000000      50.000000      27.942286
5479         -21.570017      44.267136      22.266888
5480         -21.118560      42.447018      16.607938
5481         -15.000000      50.000000      19.282032
5482         -17.500000      50.000000      23.612159
5483         -19.259773      27.292877      25.419290
5484         -17.828807      31.750912      20.803911
5485         -17.308345      37.553267      17.388453
5486         -22.500000      23.612159      50.000000
5487         -20.000000      19.282032      50.000000
5488         -22.320388      20.829107      42.714638
5489         -23.688870      37.737629      44.401179
5490         -21.974903      25.360553      37.523211
5491         -19.890049      24.924800      32.829754
5492         -23.268514      32.198012      42.535123
5493         -22.503227      26.569829      44.650348
5494         -22.494699      32.269353      50.000000
5495         -20.194780      36.487874      50.000000
5496         -20.004380      27.938506      50.000000
5497          10.913559     -19.614313      30.151427
5498           7.181107     -17.182384      24.700816
5499           4.233027     -21.205411      31.698530
5500           0.147711     -15.854382      27.511168
5501           0.076735     -18.384657      31.852575
5502           5.000000     -15.358984      50.000000
5503           2.500000     -11.028857      50.000000
5504           5.850165     -17.746563      36.684264
5505           2.510284     -18.101776      41.990423
5506           0.000000     -14.538232      35.085881
5507           6.017949     -15.127008      44.742778
5508          10.000000     -18.494077      43.504019
5509          10.000000     -15.358984      50.000000
5510           7.500000     -11.028857      50.000000
5511         -10.000000       1.961524      50.000000
5512          20.883242     -19.116050      12.284885
5513          16.535995     -11.294653       7.615239
5514          12.519627     -10.312654      11.507567
5515          25.628318     -20.779975      13.526792
5516          31.045209     -16.816661       3.102052
5517          34.223360     -19.818155       6.470656
5518          15.432955     -26.205590      33.525988
5519          21.371620     -27.420282      39.098969
5520          26.469977     -26.855958      39.632050
5521          15.091697     -24.381076      38.471578
5522          12.915661     -21.695781      22.491741
5523          20.934729     -23.485354      21.724553
5524          30.931118     -21.994009      16.673944
5525          32.241186     -25.855728      25.343317
5526          27.165141     -27.503169      24.905356
5527          27.632693     -23.400916      21.262197
5528          24.041892     -20.989108      18.438408
5529          18.326937     -18.326937      18.307861
5530          21.738800     -23.956924      44.612224
5531          17.499988     -19.689118      50.000000
5532           5.725678      -9.650572      15.847999
5533          18.076714     -14.925742      13.626865
5534           6.349382     -13.380134      19.622995
5535           3.985236     -12.888031      25.193434
5536          12.966979     -15.226974      19.531007
5537          13.569634     -16.900789      24.691673
5538          10.329608     -12.807916      23.686711
5539          14.432938     -21.186642      33.517685
5540          43.076190      17.037068     -19.870741
5541          44.846457      12.106784     -18.685548
5542          50.000000      17.499998     -19.689112
5543          50.000000      10.000000     -15.358984
5544          50.000000      14.999998     -15.358985
5545          38.528190      16.679890     -17.367875
5546          35.331446     -29.050273      44.401328
5547          40.423672     -29.701639      45.426647
5548          37.502441     -28.327649      50.000000
5549          39.930326     -24.060051      50.000000
5550          34.985042     -24.027874      50.000000
5551          31.534338     -27.802109      39.862101
5552          26.897579     -25.196144      34.768096
5553          17.718417     -20.829994      28.820766
5554          24.138032     -24.005543      27.602637
5555          21.763694     -24.565479      32.637018
5556          23.158264     -20.080841      24.648999
5557          26.600365     -22.056980      42.418858
5558          32.721474     -24.652087      45.357137
5559          22.499931     -19.689151      50.000000
5560          27.499504     -19.689397      50.000000
5561          32.500000     -19.689111      50.000000
5562          50.000000      -5.000000      -6.698730
5563          50.000000      -7.500000      -2.368603
5564          23.376917       3.553726      -8.226125
5565          28.609202      -0.512037      -6.476488
5566          50.000000      -0.000000      -6.698730
5567          42.662262     -24.775941      18.369114
5568          50.000000     -20.000000      19.282032
5569          41.279871     -18.772941       8.390542
5570          36.822464     -15.395396       5.356737
5571          43.323169     -16.727841       2.126733
5572          45.176675     -15.800430       6.833184
5573          50.000000     -15.000000       1.961524
5574          50.000000     -12.500000       6.291651
5575          50.000000     -10.000000       1.961524
5576          18.572877      -1.370044      -0.941951
5577          17.894503      -4.052150       3.270235
5578          23.185158     -14.685015      10.908721
5579          28.721143     -16.722767      10.542275
5580          26.982977     -11.644222      -0.846083
5581          27.434186      -5.785998      -3.157513
5582          20.998836      -6.558466       6.348853
5583          23.708464      -7.194580       1.168673
5584          26.926944     -12.055111       5.259094
5585          44.666736      -5.329413      -4.002165
5586          45.197685      -8.925069       0.054093
5587          40.044502     -10.673693       2.563126
5588          32.131784     -10.694829       2.753190
5589          39.044938      -5.663154      -6.028911
5590          40.590719      -6.466604      -0.712602
5591          35.247265      -6.756352      -0.409478
5592          18.810624      18.531531     -10.627774
5593          25.594412      14.867997     -14.046240
5594          26.985212       8.711162     -12.392979
5595          32.996878       7.872881     -14.787008
5596          32.986632      15.285397     -17.047973
5597          29.305169      11.730486     -15.976337
5598          42.200488       0.195695     -10.714768
5599          39.668372      11.605255     -17.212052
5600          39.170648       5.872238     -12.838671
5601          44.251539       7.952787     -15.505746
5602          50.000000       7.500000     -11.028857
5603          44.841940       0.700124      -6.233660
5604          50.000000       5.000000      -6.698730
5605          44.173358       5.430233      -8.352885
5606          50.000000       9.999996      -6.698732
5607          50.000000      12.500000     -11.028857
5608          36.391690       0.574321      -8.511544
5609          33.086857      -0.967640      -3.467726
5610          30.153087       5.070273      -7.831540
5611          35.035058       8.380475      -9.125435
5612          33.688175       3.945055     -11.463307
5613           1.911505      12.742885       1.198164
5614           0.204320      11.975202       6.757787
5615          -5.162844      35.972172       0.686949
5616         -11.038161      27.102767       7.408683
5617          -7.510842      25.996829       3.779877
5618          -3.123219      18.823987       3.348726
5619          -6.418777      21.024013       6.980026
5620         -15.460390      27.382916      16.527873
5621         -15.182329      27.473155      22.175057
5622          -3.214506      25.678638       6.656257
5623         -10.440249      27.366475      13.272376
5624         -15.280174      17.390710      23.079494
5625          17.267605     -21.405685      42.255311
5626          15.220660     -16.705935      44.551436
5627          15.000000     -15.358984      50.000000
5628          20.000000     -15.358984      50.000000
5629          14.251850     -14.658171      29.462897
5630          13.819415     -18.427464      39.955680
5631          13.732663     -15.617479      35.696034
5632         -17.500000      23.612159      50.000000
5633         -17.870811       8.616130      36.987070
5634         -17.491663      22.521895      28.917354
5635         -20.170746      20.160967      35.245584
5636         -17.772418      15.793562      32.436601
5637         -15.216279       5.786317      42.995740
5638         -17.500000      10.141859      45.233939
5639         -12.500000       6.291651      50.000000
5640         -15.000000      10.621778      50.000000
5641         -15.000000      19.282032      50.000000
5642         -12.500000      14.951905      50.000000
5643         -15.778943       9.263934      31.825761
5644         -13.420830      14.671608      28.898030
5645         -14.096834      10.698711      25.791512
5646          -6.911696      -5.449523      33.307858
5647          -7.500000      -2.368603      50.000000
5648          -1.268957      -8.178134      34.677365
5649          -0.450097     -11.560309      43.056847
5650          -3.677755     -10.560277      38.863581
5651          -2.500000      -2.368603      50.000000
5652         -10.381554       4.627986      45.251435
5653         -10.000000      10.621778      50.000000
5654          -9.415464      -1.093894      43.436647
5655          -5.455071      -5.476748      38.849529
5656          -7.500000       6.291651      50.000000
5657          -2.179605      -4.957212      44.859074
5658          -0.000000      -6.698730      50.000000
5659         -11.717827       5.024346      34.563735
5660         -11.650099       6.616515      27.591654
5661          -8.083273      -0.179353      36.289586
5662          -8.449494       4.962350      40.156358
5663         -11.276894      22.171380      12.787900
5664         -11.094897      24.403714      17.354478
5665          -8.478617      11.469402      18.398637
5666         -11.057436      13.534368      22.856814
5667         -11.052541      17.833008      18.551761
5668          -5.313185       9.792287      14.161059
5669          -4.865003      17.415156      15.284558
5670          -3.102765      18.639988      10.405351
5671          -7.349213       1.976618      24.020557
5672          -8.919267       1.289444      30.071315
5673          -5.308279      -2.526063      27.478493
5674           1.485694      -9.505239      28.873593
5675          -1.441550      -5.433133      28.802575
5676           3.311198      -6.449990      22.659370
5677          -0.000000      -2.497050      25.000312
5678          12.981954       1.428581       0.189970
5679           8.545936      10.737837      -1.067639
5680          11.993591       6.592299      -1.064770
5681          17.119287       5.148804      -1.910566
5682          23.111416       7.778597      -4.796733
5683           3.929355       1.689422       5.120595
5684           5.785432       9.226767       4.982574
5685           1.647508       6.485684       8.239550
5686           0.354462      -0.304385      17.384239
5687           1.827957       0.658895      11.776309
5688           9.215842       4.885049       3.229554
5689          10.951912      -9.834027      16.944381
5690           4.199754      -4.749484      17.331281
5691           5.885233      -1.218417      14.132864
5692           8.441558      -5.810130      12.775279
5693           7.762959       0.645909       9.827335
5694          10.730593      -1.768622       5.512665
5695          25.001474      -0.000000      -2.472522
5696          23.329840       5.680509       0.226321
5697          16.106025       0.281468       5.118880
5698          19.138741       3.795712       2.716494
5699          13.806973      -5.155084       9.510579
5700          18.217585      -2.886969       8.464645
5701          13.810345      -6.351449      14.496527
5702          34.591803     -21.254018      21.141926
5703          35.306194     -17.615940      11.767050
5704          38.653575     -14.214263       9.968090
5705          43.600457     -19.060795      15.219695
5706          50.000000     -15.000000      10.621778
5707          50.000000     -17.500000      14.951905
5708          38.736152     -19.972221      17.701807
5709          34.735734     -27.187320      33.921743
5710          30.495093     -21.205842      29.730750
5711          31.818057     -23.218798      36.624702
5712          44.041418     -28.292123      27.540043
5713          41.061311     -29.610900      33.754145
5714          39.429510     -25.080247      25.016124
5715          50.000000     -27.406040      32.264006
5716          37.769155     -24.627957      30.187055
5717          50.000000     -25.000000      27.942286
5718          40.159426     -25.288945      36.493327
5719          50.000000     -24.927469      36.569578
5720          50.000000     -22.484340      32.271012
5721          44.501260     -22.291849      25.460301
5722          50.000000     -19.996338      27.940850
5723          50.000000     -17.499821      23.611858
5724          44.394388     -26.110465      45.051855
5725          44.652742     -27.353086      38.088708
5726          39.854818     -26.169400      41.604865
5727          45.184615     -23.393055      50.000000
5728          50.000000     -22.461334      46.466627
5729          41.830842     -19.990578      50.000000
5730          50.000000     -20.000000      50.000000
5731          50.000000     -22.500000      40.932667
5732          50.000000     -15.000000      50.000000
5733          44.551430      27.498641     -23.613457
5734          50.000000      32.499991     -19.689117
5735          43.292150      40.949215     -24.109333
5736          37.500000      50.000000     -19.689111
5737          35.000000      50.000000     -15.358984
5738          50.000000      37.410249     -19.740929
5739          50.000000      41.961524     -20.000000
5740          31.113156      36.428200     -20.757863
5741          37.541218      37.622790     -23.198951
5742          38.209211      44.176100     -22.160615
5743          38.414654      31.666104     -22.227531
5744          16.963082      42.320039     -15.713444
5745          20.676806      39.704792     -18.021266
5746          23.616195      35.755870     -16.708517
5747          25.427627      41.499321     -17.581818
5748          25.377788      30.652504     -17.025072
5749          20.496623      29.424053     -15.796521
5750          21.059468      22.201588     -13.611602
5751          23.884977      25.691146     -17.050490
5752          29.880981      28.145178     -16.396650
5753          44.242794      22.633335     -18.447084
5754          50.000000      27.499993     -19.689116
5755          39.160466      22.989490     -17.831301
5756          50.000000      29.999965     -15.359008
5757          50.000000      24.999958     -15.359012
5758          50.000000      19.999988     -15.358992
5759          50.000000      17.500000     -11.028857
5760          50.000000      22.499927     -11.028906
5761          41.198879      20.241757     -14.006261
5762          35.477807      19.556105     -14.285869
5763          28.869410      18.283102     -16.138300
5764          43.832502      45.303194     -21.211855
5765          45.669873      50.000000     -17.500000
5766          50.000000      45.669873     -17.500000
5767          41.915838      50.000000     -19.829498
5768          50.000000      40.697774     -15.240021
5769          40.704075      50.000000     -15.208258
5770          50.000000      45.595094     -12.554490
5771          34.740103      25.047892     -15.456416
5772          41.302154      27.736726     -18.565429
5773          43.099834      34.650775     -19.662314
5774         -24.843589      37.825856      37.826112
5775         -27.205483      44.429852      37.923880
5776         -26.090766      42.617091      32.169929
5777         -25.000000      50.000000      36.602540
5778         -22.500000      50.000000      32.272413
5779         -22.103543      45.450033      50.000000
5780         -22.682227      50.000000      44.668542
5781         -22.780305      50.000000      40.009741
5782         -20.200218      50.000000      36.463427
5783         -18.750917      50.000000      40.530435
5784         -15.000000      50.000000      27.942286
5785         -23.075137      44.629349      27.761000
5786         -17.533370      50.000000      32.225710
5787          35.002775      33.347713     -17.564450
5788          33.595884      42.147127     -17.621643
5789          29.301308      44.612847     -15.388416
5790          29.897553      39.327699     -15.013586
5791          29.042870      34.088231     -14.517318
5792          45.595844      50.000000     -12.550709
5793          50.000000      50.000000     -10.000000
5794           0.477878      33.155107      -3.724478
5795          -1.444905      37.752113      -2.407173
5796           6.070196      35.252160     -11.550101
5797           5.936284      33.293673      -5.625233
5798          18.075350      35.682652     -14.193594
5799          13.662872      38.751519     -11.033759
5800           9.373334      43.500407      -9.763434
5801          10.000000      50.000000      -6.698730
5802          17.324769      44.017769      -9.869807
5803          15.000000      50.000000      -6.698730
5804          32.500000      50.000000     -11.028857
5805          37.381848      50.000000     -10.960642
5806          22.500000      50.000000     -11.028857
5807          24.962969      44.413064     -12.125081
5808          27.500000      50.000000     -11.028857
5809          20.000000      50.000000      -6.698730
5810          29.998146      50.000000      -6.698313
5811         -11.858460      34.124493       6.342131
5812         -14.300841      40.249691       6.488836
5813         -14.955172      39.854209      12.486247
5814          -6.202159      31.433419       6.470394
5815         -14.999984      44.599196      16.335385
5816         -12.499978      50.000000      14.951888
5817         -10.000000      50.000000      19.282032
5818          -8.480523      40.141029       4.856176
5819          -9.808057      43.414967      10.420264
5820          -6.269930      45.052319       7.048821
5821          -9.999967      50.000000      10.621753
5822          -7.499991      50.000000      14.951898
5823           3.242778      44.391208      -6.366333
5824           5.709711      39.058981      -5.994218
5825           5.000000      50.000000      -6.698730
5826           7.500000      50.000000      -2.368603
5827           2.500000      50.000000      -2.368603
5828          -4.999993      50.000000      10.621773
5829          -2.499999      50.000000       6.291650
5830          21.929086      45.460828      -8.119766
5831          27.635950      23.065038     -14.596570
5832          19.463673      22.347258      -7.100225
5833          27.038243      11.212985      -6.367011
5834          22.759879      16.365592      -7.955332
5835          20.417524      16.386026      -3.297244
5836          24.051565      20.739804      -5.872739
5837           4.851790      19.420790      -0.838127
5838           9.071635      16.062459       0.043829
5839           1.393146      23.917960       3.880061
5840          -2.163377      29.378933       2.023585
5841          22.180822      11.897313      -1.315560
5842          17.362053      10.079501       0.197229
5843          14.697912      14.699173       0.809169
5844           0.854498      18.060266       6.881666
5845           4.199155      16.690794       3.357489
5846          10.363405       9.122924       7.246534
5847          -0.000000      13.509980      13.974247
5848           4.990362      11.761801      10.143268
5849           0.033826       7.947337      16.878585
5850           0.254162      42.556890      -1.637663
5851          -3.373195      39.866966       3.694878
5852          -2.178229      44.896034       2.857960
5853           0.000000      50.000000       1.961524
5854           3.514934      28.307365       0.735977
5855           7.376708      24.598890       0.977295
5856          11.699900      20.751727      -0.939180
5857          17.496054      21.686512      -2.091562
5858          18.074484      27.978859     -10.127774
5859          13.302373      26.159341      -6.427918
5860          13.937430      32.703127      -9.545793
5861          19.007125      33.075730      -9.914318
5862          10.493117      30.636322      -6.094492
5863          12.048499      26.234466      -1.077841
5864           8.593245      30.507268      -1.003367
5865         -22.334411      43.050363      42.330787
5866         -18.680164      40.251299      50.000000
5867         -20.260258      37.575891      40.407352
5868         -17.280027      45.535500      50.000000
5869         -17.283551      50.000000      45.509948
5870         -15.000000      50.000000      50.000000
5871         -15.000000      15.459195      44.805649
5872         -18.484803      17.788468      39.855013
5873         -14.990840      12.490655      39.838123
5874         -13.654983      12.757258      34.904691
5875          -0.465467       3.973894      21.709916
5876          -5.251560       7.227354      26.773477
5877          -3.205658       8.328284      22.160987
5878           0.878514      36.811432       3.613798
5879         -13.475282      34.315371      12.704969
5880         -12.382659      34.438256      18.335929
5881          -8.260153      32.018975      12.037410
5882         -12.464777      39.549464      17.168891
5883         -13.528940      22.584491      21.433195
5884         -19.232875      32.367692      29.026597
5885         -19.284615      32.911568      38.165830
5886         -21.938154      29.624240      33.364138
5887         -11.572668      20.968197      28.094889
5888         -18.969951      37.302961      22.726839
5889         -20.342334      36.086680      33.239246
5890         -21.473002      39.086285      27.404066
5891         -12.056821      45.496991      20.981278
5892         -17.500000      44.179308      26.622070
5893         -15.036243      41.216509      21.423498
5894         -12.500000      50.000000      23.612159
5895         -10.457211      28.864885      23.883692
5896         -15.097009      34.818549      25.912743
5897         -14.399940      29.329086      28.559911
5898         -12.153473      37.214327      22.562848
5899         -14.918472      41.584740      50.000000
5900         -14.839225      25.709051      33.492455
5901         -17.708283      23.797136      44.465015
5902         -16.580472      23.176841      37.945920
5903         -16.631998      34.127601      43.357768
5904         -17.505190      27.786770      40.623760
5905         -17.505152      29.371840      45.620540
5906         -15.000000      36.602540      50.000000
5907         -17.531580      32.252792      50.000000
5908         -12.506262      32.241056      50.000000
5909         -15.005993      27.938386      50.000000
5910         -10.000326      36.291069      50.000000
5911          -7.500000      32.248896      50.000000
5912          12.500000     -11.028857      50.000000
5913          10.000000      -6.698730      50.000000
5914           5.000000      -6.698730      50.000000
5915           7.253814     -13.874271      31.943860
5916           8.186050     -12.497187      40.244762
5917           3.284998     -11.020744      33.398673
5918           5.077581      -9.851253      44.640143
5919           3.022405     -10.077206      38.403808
5920          13.069654     -11.493104      43.875987
5921          -5.000000       1.961524      50.000000
5922          -0.000000       1.961524      50.000000
5923          36.621567     -19.856583      27.817054
5924          23.569840     -16.178230      16.617126
5925          17.960920      -9.148593      13.234944
5926          19.884408     -11.875030      19.016040
5927          30.205565     -16.222599      16.399248
5928          32.142791     -12.385116       8.442047
5929          26.849106     -12.147813      14.507401
5930          35.276556     -15.891974      19.128627
5931          34.232474     -13.514755      14.685005
5932          19.073762     -20.664378      35.610514
5933          23.497029     -22.576678      38.036372
5934          19.149462     -17.109229      24.217445
5935          29.461376     -18.861217      24.469905
5936          24.838565     -15.939667      22.387479
5937          25.319060     -17.680766      35.854209
5938          22.211441     -17.375109      43.851964
5939          25.000000     -15.358984      50.000000
5940           4.609440      -5.745410      33.352869
5941           9.409155      -5.817589      21.097398
5942          15.316868      -9.512347      19.739280
5943           7.355439      -8.757152      25.882860
5944          15.735245     -12.066898      24.241169
5945          12.148496     -10.309592      27.768002
5946           8.719862      -8.649668      31.187949
5947          19.491660     -14.534567      32.414290
5948          19.537101      -6.887390      18.918711
5949          44.004753      14.834699     -14.261661
5950          38.225893      15.056232     -12.218677
5951          50.000000      14.999987      -6.698739
5952          50.000000      19.999935      -6.698774
5953          18.311060     -10.541395      28.840217
5954          22.366340      -8.347951      22.774722
5955          38.902785     -22.046732      45.040475
5956          37.410254     -19.740926      50.000000
5957          34.324069     -20.661652      42.428371
5958          28.534904     -18.223207      39.730957
5959          35.000000     -15.358984      50.000000
5960          24.721578     -17.363242      29.062090
5961          29.719068     -16.207097      28.856595
5962          31.933143     -17.634062      36.020169
5963          28.074872     -16.707513      44.543037
5964          27.500000     -11.028857      50.000000
5965          30.000000     -15.358984      50.000000
5966          50.000000      -5.000000       1.961524
5967          50.000000      -2.500000      -2.368603
5968          29.674653       3.761493      -1.975551
5969          42.559235      -0.254310      -1.630362
5970          50.000000       2.500000      -2.368603
5971          50.000000      -0.000000       1.961524
5972          50.000000       7.499998      -2.368604
5973          42.245901     -18.293035      21.908126
5974          50.000000     -15.000000      19.282032
5975          21.955223      -6.511178      11.388849
5976          50.000000     -12.500000      14.951905
5977          50.000000     -10.000000      10.621778
5978          43.377628     -12.299752      10.143009
5979          36.636989     -10.399935       6.761600
5980          45.017181     -10.000000       5.218195
5981          50.000000      -7.500000       6.291651
5982          22.705153      -0.789225       3.991553
5983          26.532630      -8.522816      10.240315
5984          36.698596      -9.932810      11.932738
5985          29.502881      -4.616897       2.692169
5986          25.907828      -4.217276       6.776006
5987          29.951950      -7.992333       6.491276
5988          50.000000      -2.500000       6.291651
5989          43.317015      -4.707769       3.553797
5990          34.212799      -5.671265       8.068063
5991          38.184735      -6.006841       4.466415
5992          50.000000      -5.000000      10.621778
5993          36.813655      -0.882256       3.618172
5994          37.570748       1.530419      -2.079709
5995          32.957323       1.340286       1.063060
5996          27.055381      19.112050     -10.520730
5997          32.702175      13.934550      -9.543954
5998          38.828673       5.427744      -5.470971
5999          42.334336      11.034370      -9.796055
6000          44.853392       6.986210      -3.366516
6001          50.000000      12.499983      -2.368616
6002          50.000000      17.499972      -2.368623
6003          44.741874      13.649662      -5.529676
6004          37.809585      12.592095      -7.570059
6005          33.473724       7.432213      -3.832272
6006          29.940071      13.816373      -2.846464
6007          29.953958       9.427008       0.038978
6008           8.322246      14.442575       5.208876
6009           0.779578      31.415260       6.400905
6010          -5.571529      25.762892      11.801649
6011           0.333054      22.739399       8.858220
6012           1.194830      28.897605       9.986847
6013          -7.918436      28.622083      17.743128
6014          -3.628602      30.229459      13.888580
6015          -7.358434      18.361330      23.817507
6016          17.846544     -13.659328      40.630627
6017          20.000000     -12.472233      45.437348
6018          17.500000     -11.028857      50.000000
6019          22.500000     -11.028857      50.000000
6020          13.896430      -9.605265      32.706879
6021          13.824224     -10.635200      38.213277
6022         -14.159025      20.396069      41.905879
6023         -12.500000      23.612159      50.000000
6024         -10.000000      19.282032      50.000000
6025         -10.079953      10.062717      37.385204
6026         -12.400159      17.718979      34.937484
6027          -5.805858      13.242378      26.627302
6028          -8.009517      17.132774      29.887425
6029          -9.546304      10.755979      43.323479
6030          -9.818871      16.062837      45.420176
6031          -5.000000      19.282032      50.000000
6032          -7.500000      14.951905      50.000000
6033          -5.000000      10.621778      50.000000
6034          -8.255598      12.031079      32.016240
6035          -2.301482      -2.146064      32.491957
6036          -2.653829       0.429336      42.860854
6037          -0.445104      -1.975445      38.022932
6038           2.695354      -5.142566      41.787742
6039           2.500000      -2.368603      50.000000
6040          -4.958030       7.076836      44.570087
6041          -4.108656       2.627899      38.302404
6042          -2.500000       6.291651      50.000000
6043           4.055010      -3.028006      45.721175
6044           7.500000      -2.368603      50.000000
6045          -5.191752       5.927736      33.930735
6046          -4.412237       9.251038      38.716304
6047          -6.831480      22.188645      19.023856
6048          -3.423458      25.753183      16.777034
6049          -3.381894      13.377177      21.088395
6050          -2.331211      18.894362      20.162334
6051           2.540167      17.819420      15.837112
6052          -0.437995      21.758138      13.809539
6053          -0.592396       2.955706      28.670420
6054           2.618001      -0.701310      31.400562
6055           5.605394      -3.032693      27.778420
6056           1.778384      12.134023      19.886390
6057           3.221544       4.573444      25.449035
6058           5.503569       0.781614      22.628587
6059          11.628502      -1.510570      24.602181
6060          14.823596       8.869004       4.769366
6061          25.361663       9.927616       2.338337
6062           6.916555       6.291442      11.641682
6063           4.601763       3.661311      16.500122
6064          12.508761       5.235760       9.772707
6065          10.486149       3.408284      14.527184
6066          15.216491      -4.371399      19.012402
6067           9.699974      -1.091551      17.445084
6068          14.824299       0.318227      13.520842
6069          27.871601       3.090015       4.100342
6070          21.671800       0.355521      10.266445
6071          21.388056       6.828994       6.330152
6072          17.996608       4.499999      10.045830
6073          19.943865      -3.440082      14.972323
6074          33.766832     -14.900584      24.606916
6075          39.557983     -13.888130      15.822910
6076          44.916706     -12.800946      17.664905
6077          39.622443     -13.799388      20.992949
6078          50.000000     -10.000000      19.282032
6079          37.483925     -21.089724      35.008721
6080          36.635776     -17.233724      38.820073
6081          34.938876     -16.003479      31.417845
6082          39.319165     -21.460922      39.743299
6083          42.992170     -23.287423      30.976331
6084          43.611322     -19.695161      36.241480
6085          50.000000     -17.494940      32.267306
6086          50.000000     -19.985301      36.573296
6087          41.258439     -15.462173      29.301981
6088          45.292520     -17.031500      26.136795
6089          50.000000     -12.500000      23.612159
6090          50.000000     -14.998925      27.940481
6091          50.000000     -12.498608      32.266688
6092          50.000000     -10.000000      27.942286
6093          43.035439     -19.450024      42.614686
6094          50.000000     -17.500000      45.669873
6095          40.697780     -15.240017      50.000000
6096          45.669873     -17.500000      50.000000
6097          50.000000     -17.499063      40.621008
6098          50.000000     -12.500000      46.454483
6099          45.595094     -12.554490      50.000000
6100          50.000000     -10.000000      50.000000
6101          45.127060      32.287055     -15.270579
6102          50.000000      34.999979     -15.358998
6103          41.995075      41.946430     -17.606236
6104          37.841528      44.287954     -13.523229
6105          44.910899      37.664096     -15.112922
6106          37.706010      38.302434     -17.614529
6107          50.000000      32.499910     -11.028917
6108          50.000000      37.381830     -10.960654
6109          21.628669      39.700663      -9.854066
6110          24.429204      34.745635     -11.040868
6111          34.152630      30.719183     -12.350574
6112          25.899965      28.870956     -12.187964
6113          22.642299      25.510471      -9.931617
6114          30.824650      26.351741     -10.888773
6115          22.618855      31.006826      -6.972977
6116          45.055673      24.097139     -13.266805
6117          39.524106      25.192809     -13.210778
6118          50.000000      24.999682      -6.698944
6119          50.000000      27.499878     -11.028939
6120          44.454114      20.835664      -8.949435
6121          37.958817      20.532045      -9.352885
6122          32.386824      21.004970      -9.766939
6123          44.477288      44.478019     -13.182220
6124          50.000000      41.781410     -10.510405
6125          41.762418      50.000000     -10.501234
6126          50.000000      45.232354      -7.098129
6127          42.992156      28.881558     -11.688830
6128          37.220316      26.028733      -8.526297
6129          39.171568      34.645455     -13.595389
6130          50.000000      50.000000      -5.000000
6131          -8.112019      32.698855      21.137757
6132         -21.363165      43.817418      36.155012
6133         -17.065147      45.219325      41.938653
6134         -14.919241      50.000000      41.469625
6135         -13.810361      32.257382      38.956372
6136         -14.925717      50.000000      36.739460
6137         -12.500000      50.000000      32.272413
6138         -10.000000      50.000000      27.942286
6139         -12.744797      45.218757      29.526996
6140         -16.387485      42.158052      32.667751
6141         -16.127269      37.927803      35.747739
6142          -7.500000      50.000000      32.272413
6143          -7.500000      50.000000      23.612159
6144          -5.000000      50.000000      27.942286
6145          37.241933      32.767565      -8.088892
6146          34.085007      36.736978     -10.574687
6147          30.155343      41.614740     -10.204035
6148          29.282428      35.108616      -9.530526
6149          45.232354      50.000000      -7.098129
6150          39.897971      50.000000      -6.688432
6151          17.500000      50.000000      -2.368603
6152          12.500000      50.000000      -2.368603
6153           8.817743      43.618303      -2.524420
6154           6.122774      36.404709      -0.125896
6155          11.082397      35.605553      -4.360723
6156          17.932944      36.198714      -6.032366
6157          14.208157      41.319869      -5.378787
6158          17.848917      45.258934      -4.733812
6159          35.682755      43.578870      -7.409386
6160          34.990335      50.000000      -6.695389
6161          24.999660      50.000000      -6.698678
6162          28.190082      44.428016      -5.236526
6163          32.498730      50.000000      -2.369336
6164          22.500000      50.000000      -2.368603
6165          27.499813      50.000000      -2.368711
6166          -7.203550      38.018172      11.599216
6167          -2.398520      34.888987       9.497153
6168          -7.740118      41.703318      16.439730
6169          -6.821669      45.010336      20.752078
6170          -4.999998      50.000000      19.282031
6171          -1.867132      42.527279       7.946278
6172          -4.052823      44.687294      12.961675
6173          -2.499997      50.000000      14.951903
6174           4.423929      45.401308      -0.393452
6175          10.000000      50.000000       1.961524
6176           5.000000      50.000000       1.961524
6177           2.500000      50.000000       6.291651
6178           0.000000      50.000000      10.621778
6179          15.000000      50.000000       1.961524
6180           7.500000      50.000000       6.291651
6181           0.000000      50.000000      19.282032
6182          22.538623      43.018811      -3.646533
6183          12.271339      18.825052       4.636680
6184          20.867970      18.996851       1.193360
6185          26.926454      24.653918      -7.119381
6186          21.333044      26.499271      -2.173641
6187          32.648407      26.289535      -5.974076
6188          27.195304      18.295028      -2.826535
6189          25.399820      16.213792       1.761561
6190          25.096106      22.857887      -0.819875
6191           7.474201      22.128850       5.732683
6192           5.199954      26.819289       5.956884
6193           4.777013      23.891172      11.093751
6194          12.695860      23.433736       6.572103
6195          17.685120      16.613450       5.196157
6196          22.134494      13.177549       4.715340
6197          13.437690      13.667090       7.067315
6198           6.534296      17.730201      12.296918
6199          11.394691      11.460921      11.669696
6200           6.114926      10.687783      16.485040
6201           4.029619       7.265240      20.805959
6202          12.500000      50.000000       6.291651
6203           4.365322      43.168648       4.300962
6204          20.000000      50.000000       1.961524
6205           5.848705      31.973103       5.466975
6206          10.816141      27.467436       4.256511
6207          16.369923      24.970207       2.073049
6208          16.179960      31.381619      -2.257439
6209          12.694344      34.018093       2.374307
6210          14.627444      38.139360      -0.829588
6211         -15.790398      40.360054      40.375882
6212         -12.473813      45.670674      50.000000
6213         -12.389391      44.021633      44.032119
6214         -12.463925      50.000000      45.643219
6215         -10.000000      50.000000      41.339746
6216         -10.000000      50.000000      50.000000
6217         -10.000000      41.339746      50.000000
6218          -1.948238      10.611615      28.626205
6219         -10.529881      16.188852      40.217800
6220          -7.659021      14.496126      36.402015
6221           1.965115       9.668103      25.528914
6222           2.301753       7.227052      30.370143
6223           0.439561      14.642795      24.532562
6224           7.972505      36.991613       6.291885
6225           6.840472      29.197301      10.301588
6226           3.347846      37.195415       9.283110
6227          -6.034880      35.434388      17.145042
6228          -6.612435      22.229209      31.528829
6229          -5.751027      24.002075      25.689230
6230          -3.859425      27.054283      21.850892
6231         -14.186391      33.573324      33.575058
6232         -10.546700      28.574693      36.383832
6233          -9.282041      26.797873      29.269600
6234          -4.475045      31.412721      24.723520
6235         -13.096857      39.844611      28.321953
6236          -9.688673      43.575955      25.235280
6237          -9.468887      34.886169      29.241315
6238          -7.197132      37.268604      23.591283
6239         -11.021602      36.924966      43.829166
6240          -5.000000      36.602540      50.000000
6241          -6.280480      30.328572      32.679644
6242          -7.941036      23.369264      37.438236
6243         -11.473845      26.454343      43.511249
6244         -12.147134      31.597880      44.723905
6245          -7.500000      23.612159      50.000000
6246         -10.000000      27.942286      50.000000
6247          -4.998224      31.883133      45.465022
6248          -5.000000      27.942286      50.000000
6249          -2.500000      32.272413      50.000000
6250          -5.000000      50.000000      50.000000
6251          20.000000      -6.698730      50.000000
6252          15.000000      -6.698730      50.000000
6253          12.500000      -2.368603      50.000000
6254           9.204133      -4.992484      43.528989
6255           9.911531      -6.786826      37.189143
6256           6.769628      -3.198202      39.230807
6257          15.686593      -6.188722      42.127063
6258           5.979704       0.135739      35.334780
6259           0.099787       4.143462      45.206757
6260           5.000000       1.961524      50.000000
6261           2.500000       6.291651      50.000000
6262          10.000000       1.961524      50.000000
6263          38.318195     -12.165680      25.725834
6264          28.300777     -11.376766      19.869017
6265          24.339582      -7.127019      17.545612
6266          31.526852      -8.708356      15.205026
6267          36.175990      -9.989666      20.401915
6268          22.744716     -13.955769      38.616873
6269          18.987644      -8.558984      37.770090
6270          23.725356     -10.271013      27.988441
6271          29.278682     -11.574103      26.494113
6272          24.786189     -11.277381      34.518850
6273          28.573510     -13.817783      36.952584
6274          24.629471     -11.314836      42.813102
6275          25.000000      -6.698730      50.000000
6276          11.208841      -2.775011      31.868752
6277          15.253716      -6.273706      27.242501
6278          20.019150      -6.305398      32.352006
6279          16.343422      -0.881879      27.071736
6280          20.169931      -3.250785      24.161315
6281          22.224058      -2.196775      19.489840
6282          40.740259      17.499969      -5.543382
6283          45.387000      20.171777      -3.730495
6284          50.000000      29.999583      -6.699011
6285          50.000000      22.498957      -2.369312
6286          50.000000      20.000000       1.961524
6287          50.000000      27.498510      -2.369609
6288          30.803867      -6.822263      23.353363
6289          25.138544      -5.083992      27.911199
6290          25.996128      -3.326961      22.902642
6291          30.000000      -6.698730      50.000000
6292          27.500000      -2.368603      50.000000
6293          37.949552     -14.990976      43.725559
6294          31.626151     -13.411091      41.104270
6295          32.500000     -11.028857      50.000000
6296          37.381848     -10.960642      50.000000
6297          41.781416     -10.510401      50.000000
6298          30.794935     -12.403270      32.131839
6299          35.116868     -12.816190      35.940350
6300          36.946003     -10.879731      30.816021
6301          29.804618      -8.730941      44.368773
6302          44.976015       0.596198       2.814842
6303          50.000000       2.499999       6.291650
6304          35.796811       5.557355       0.905103
6305          43.557408       5.338812       1.466070
6306          50.000000       5.000000       1.961524
6307          50.000000       9.999985       1.961512
6308          43.482971     -12.246072      24.062944
6309          50.000000      -7.500000      14.951905
6310          50.000000      -5.000000      19.282032
6311          50.000000      -7.500000      23.612159
6312          25.414654      -2.637007      14.390161
6313          44.415945      -8.169354      13.950213
6314          39.471952      -6.937382      15.245526
6315          40.934467      -5.711516      10.146080
6316          45.229598      -2.582173      10.764090
6317          50.000000      -0.000000      10.621778
6318          29.026154      -1.485975      10.322536
6319          33.235358      -3.753042      13.236606
6320          31.711796      -0.530643       5.625911
6321          42.866511       0.918937       7.480659
6322          37.836591      -2.233842       8.323466
6323          50.000000      -2.500000      14.951905
6324          50.000000       7.499974       6.291631
6325          38.451058       3.445148       6.128117
6326          33.419040       4.825636       6.821218
6327          30.995745       3.231448      11.102292
6328          50.000000       4.999993      10.621773
6329          50.000000       2.499997      14.951903
6330          50.000000      -0.000000      19.282032
6331          32.647731      17.838514      -4.867221
6332          35.516481      13.168495      -2.851544
6333          42.324983      11.087192      -1.236616
6334          44.847441      16.138373      -0.268000
6335          50.000000      14.999916       1.961459
6336          39.601512      15.730336      -0.701309
6337          35.276400      11.307733       2.995425
6338          30.519206      15.189874       2.923207
6339          32.474147       9.852778       7.024937
6340          27.502894      11.067542       6.892734
6341          50.000000      17.499496       6.291259
6342          10.342635      20.427602       9.826568
6343           0.652264      33.340034      14.169586
6344           1.722612      27.036614      15.663691
6345          -1.728293      30.806804      18.801416
6346          -2.343377      18.136372      27.381732
6347          -1.948521      23.001706      29.007437
6348          20.976784      -7.077744      44.305692
6349          16.354518      -3.307995      36.540344
6350          19.910797      -4.169154      40.155111
6351          -7.485921      20.428976      43.665099
6352          -4.913178      14.779381      40.650249
6353          -2.500000      14.951905      50.000000
6354          -2.886607      21.198628      45.587743
6355          -2.500000      23.612159      50.000000
6356          -4.067489      17.256523      34.132986
6357          -0.000000      19.282032      50.000000
6358          -3.062475      12.389899      45.204561
6359           2.500000      14.951905      50.000000
6360          -0.000000      10.621778      50.000000
6361           5.000000      10.621778      50.000000
6362          -0.188150      11.006650      33.374235
6363           0.218934      13.406817      38.544398
6364           0.850599       3.585492      36.812947
6365           4.361896       1.699433      42.903558
6366           0.230091       9.116818      42.319697
6367           8.922341       0.080607      45.132874
6368           1.767617       8.591147      37.454624
6369           0.252513      23.902466      20.964901
6370           1.480391      20.369402      24.611024
6371           3.530938      17.155585      21.040159
6372           7.062916      19.096011      17.876963
6373           6.797937      24.137873      17.007858
6374           5.935628       2.955176      29.638963
6375          10.816550       1.401922      28.817501
6376           8.125136       7.003400      24.680758
6377           6.071472      13.524973      24.632566
6378           7.643881       8.922612      29.574412
6379           5.850074       7.888466      34.429886
6380          11.944296       4.746173      19.573428
6381          14.833071       1.893762      22.622476
6382          18.326651      12.697120       9.540526
6383          23.061581      10.555827       9.541808
6384          12.070254       9.680834      16.933704
6385          16.808809       7.367722      14.639054
6386          18.369206       1.460186      19.005057
6387          21.365802       4.459681      14.287676
6388          25.773890       5.646799      11.371195
6389          24.826510       1.887800      17.567201
6390          32.764136      -7.497348      28.734917
6391          42.629968      -7.783036      19.362619
6392          41.436426     -13.846154      37.889656
6393          45.068383     -14.996627      33.453828
6394          50.000000     -14.996707      36.573298
6395          50.000000     -12.500000      40.932667
6396          50.000000      -9.999219      36.573195
6397          44.582260     -10.844777      29.468859
6398          50.000000      -5.000000      27.942286
6399          40.084652      -7.108907      26.594888
6400          50.000000      -7.499638      32.266568
6401          50.000000      -2.500000      32.272413
6402          43.907782     -11.122872      43.588632
6403          50.000000      -7.556335      40.154017
6404          50.000000      -7.500000      45.669873
6405          40.000000      -6.698730      50.000000
6406          45.232354      -7.098129      50.000000
6407          50.000000      -5.000000      50.000000
6408          44.026510      35.791898      -9.749177
6409          41.577291      41.575462      -9.269749
6410          50.000000      40.000000      -6.698730
6411          50.000000      34.980038      -6.687542
6412          50.000000      32.498988      -2.369282
6413          26.615849      36.818039      -5.538798
6414          30.938385      31.187535      -6.728813
6415          26.760047      29.125208      -4.758560
6416          24.675134      32.702478      -1.514261
6417          43.222134      25.272140      -5.035271
6418          38.995017      22.210147      -3.308775
6419          33.670746      22.888013      -2.118084
6420          45.362104      42.970850      -5.800336
6421          37.498674      50.000000      -2.369369
6422          50.000000      46.665516      -2.500000
6423          50.000000      42.425446      -2.424979
6424          42.483859      50.000000      -2.384153
6425          46.665516      50.000000      -2.500000
6426          41.961142      32.141726      -5.049322
6427          36.236583      29.765909      -3.411186
6428          39.666962      37.194655      -7.561886
6429          50.000000      50.000000      -0.000000
6430          -2.983721      38.789407      20.329376
6431          -5.198320      28.217097      38.316961
6432          -8.576076      31.994340      40.790689
6433         -11.788514      43.505066      36.712601
6434         -10.577965      37.412176      37.571127
6435          -9.719034      50.000000      36.560328
6436          -4.608829      50.000000      36.740179
6437          -5.652369      45.151423      30.436574
6438          -8.591774      40.800502      32.044412
6439          -2.463930      50.000000      32.274734
6440          -3.641559      44.289851      25.399700
6441          -2.500000      50.000000      23.612159
6442           0.000000      50.000000      27.942286
6443          35.603967      37.735393      -4.569011
6444          30.799619      39.891127      -4.651161
6445          40.647969      44.138763      -3.627400
6446          16.885949      43.776072       0.272931
6447          12.549404      45.231331       3.433423
6448          10.689031      40.057894       2.604766
6449          20.068602      37.599766       0.214107
6450          34.936426      43.629589      -0.892124
6451          25.810406      45.520935      -0.679078
6452          28.434474      41.209524      -0.134124
6453          34.993312      50.000000       1.957663
6454          29.999067      50.000000       1.960985
6455          24.999813      50.000000       1.961416
6456           0.048139      39.087710      14.540287
6457          -1.962653      43.885179      18.406817
6458           2.500000      50.000000      14.951905
6459           2.217036      44.426946      12.228523
6460           8.052931      45.086193       7.098646
6461           5.000000      50.000000      10.621778
6462          17.500000      50.000000       6.291651
6463          10.000000      50.000000      10.621778
6464           2.540488      45.467710      20.794384
6465           2.500000      50.000000      23.612159
6466           7.500000      50.000000      14.951905
6467           5.000000      50.000000      19.282032
6468          15.000000      50.000000      10.621778
6469          22.984444      43.627661       3.089268
6470          24.714269      38.585957       2.670111
6471          15.533304      19.502326       9.538692
6472          24.765053      17.976940       7.554161
6473          20.457724      21.534713       7.833330
6474          23.363050      24.454162       4.048536
6475          27.589037      27.588937      -0.010271
6476          22.528657      29.370450       2.158318
6477          33.254646      28.384685       2.041495
6478          29.286220      21.526886       3.336630
6479          11.023689      25.484706      11.184477
6480          16.573084      26.129190       8.265533
6481          20.187193      17.437205      11.342528
6482          16.235479      15.086812      14.201823
6483          13.940055       8.218311      23.375430
6484          11.706994      17.219748      16.800808
6485          10.805757      12.423364      21.646926
6486          12.611792      44.578085       9.113860
6487           7.504371      41.584918      10.640203
6488          12.658330      38.434327       8.809436
6489          22.500000      50.000000       6.291651
6490          12.376880      32.138834       8.450588
6491          18.163348      31.337794       4.506224
6492          16.928376      36.728864       4.686441
6493          24.851554      33.562807       4.496548
6494          -7.286909      41.474276      41.620124
6495          -7.523070      45.670770      50.000000
6496          -5.765343      50.000000      41.310587
6497          -7.527357      50.000000      45.688616
6498          -5.081366      41.584745      50.000000
6499          -2.719973      45.535500      50.000000
6500          -2.700218      50.000000      45.808986
6501           9.260333      18.146708      22.445044
6502           1.464286      16.149902      31.274039
6503          -3.883310      19.939889      38.961072
6504           6.785086      14.084891      30.264466
6505           6.727743      17.916240      27.001829
6506           6.380317      34.019445      13.653863
6507           9.303578      29.216882      15.400105
6508           4.749200      38.143998      15.968686
6509           0.712295      31.786624      23.462184
6510           2.329279      35.813786      19.676108
6511          -1.061668      23.603367      34.039514
6512          -0.000000      27.527588      27.527588
6513          -6.497402      35.840740      33.969228
6514          -1.541340      30.889077      30.986592
6515          -1.241311      35.465881      28.841158
6516          -4.889835      39.587154      28.082677
6517          -4.420532      36.166466      42.238508
6518          -1.319836      40.251299      50.000000
6519           0.196694      36.485059      50.000000
6520          -0.444315      29.972360      35.844185
6521          -0.890271      31.237487      42.355914
6522          -5.236155      26.965847      43.815058
6523          -0.000000      27.942286      50.000000
6524           2.500000      23.612159      50.000000
6525           2.500000      32.272413      50.000000
6526           0.000000      50.000000      50.000000
6527          22.500000      -2.368603      50.000000
6528          17.500000      -2.368603      50.000000
6529          15.501763      -1.270797      44.855467
6530          15.000000       1.961524      50.000000
6531          20.000000       1.961524      50.000000
6532           8.907175       4.306938      36.979694
6533          11.198782      -0.516212      38.902648
6534          13.049555       2.690942      33.995740
6535           4.569183       7.983759      45.315690
6536           7.500000       6.291651      50.000000
6537          12.772041       3.561963      43.929512
6538          12.500000       6.291651      50.000000
6539          17.500000       6.291651      50.000000
6540          35.968042      -3.730187      23.760589
6541          29.515349      -3.267125      18.091599
6542          36.513027      -3.394514      17.761774
6543          24.199833      -5.674906      37.886184
6544          28.486081      -5.573547      32.090025
6545          30.045305      -8.251170      37.680046
6546          25.000000      -2.936009      43.878295
6547          25.000000       1.961524      50.000000
6548          23.861273      -1.790828      31.964827
6549          14.804515       4.251733      27.118822
6550          18.356055       0.439586      31.859999
6551          21.459777       0.000284      27.854326
6552          23.193554       2.230373      23.624408
6553          28.276325       2.945685      21.695807
6554          42.647587      21.337087       0.706398
6555          45.174588      27.334668      -0.842859
6556          37.780544      22.204664       1.558691
6557          45.569613      19.257698       4.248903
6558          50.000000      24.995641       1.958557
6559          50.000000      22.496976       6.289298
6560          50.000000      29.995419       1.958454
6561          31.571018      -2.568366      26.011982
6562          27.496992      -0.004826      27.619152
6563          32.500000      -2.368603      50.000000
6564          34.980308      -6.687361      50.000000
6565          29.504935      -0.639401      45.628883
6566          37.500000      -2.368603      50.000000
6567          35.000000       1.961524      50.000000
6568          30.000000       1.961524      50.000000
6569          35.969037      -8.440750      43.331238
6570          36.152806      -7.135325      36.035067
6571          42.394992      -7.117898      33.607915
6572          38.208462      -5.871865      31.266635
6573          31.277962      -3.523806      41.800940
6574          33.536010      -1.614675      35.888384
6575          45.208667       5.611170       7.297527
6576          39.943098       8.483334       5.815322
6577          45.153701      10.191561       4.737590
6578          50.000000      12.499902       6.291575
6579          44.774542      -5.279663      24.510459
6580          45.419231      -2.500000      19.427085
6581          50.000000      -2.500000      23.612159
6582          31.637131       2.632583      16.068008
6583          42.873317      -0.767717      15.211400
6584          44.125183       4.487561      12.307502
6585          36.583228       1.550518      11.343512
6586          45.846443       2.366167      17.761387
6587          50.000000       9.999967      10.621753
6588          50.000000      14.999900      10.621700
6589          37.486794       6.941023      11.193642
6590          32.018046       8.202202      12.096220
6591          50.000000      -0.000000      27.942286
6592          50.000000       7.499991      14.951898
6593          50.000000       2.500000      23.612159
6594          50.000000       4.999998      19.282031
6595          36.511904      17.616522       3.141950
6596          42.979579      15.225971       5.813619
6597          40.283487      20.773477       5.677856
6598          33.934382       6.900474      17.514994
6599          27.074024      14.427511      11.750151
6600          35.838719      13.171394       8.992912
6601          32.196628      19.129613       9.387518
6602          31.976083      13.263900      12.267572
6603          44.452207      19.673543       9.146853
6604          50.000000      20.000000      10.621778
6605          14.210883      22.199156      14.892777
6606           5.131660      29.939672      21.075293
6607           3.917750      21.536760      29.081035
6608           4.947622      26.387139      27.730978
6609          19.454535       0.737658      41.390492
6610          22.001629       1.731485      36.232620
6611          17.048865       2.891803      37.313980
6612          25.259780      -0.158347      39.636651
6613          -0.545198      23.392762      41.695931
6614          -0.045167      17.396097      43.881988
6615           2.533962      21.556144      45.328579
6616          10.000000      10.621778      50.000000
6617           3.286265      17.786312      36.527320
6618           5.000000      19.282032      50.000000
6619           7.500000      14.951905      50.000000
6620           5.381252      14.072790      43.175970
6621           7.756912      13.474294      36.370808
6622           7.809893       7.648396      41.017685
6623          17.969236       6.415373      32.981934
6624           6.999645      24.069078      23.701493
6625          12.899218      22.628466      20.878402
6626           9.409059      27.138560      20.310224
6627          12.308103       8.506717      32.147510
6628          11.444596      11.907570      27.451344
6629          11.143720       9.452478      37.265722
6630          17.900263       8.525584      28.055557
6631          19.257662       7.060848      22.438755
6632          23.268989      10.993220      14.715817
6633          16.668640      12.127655      18.983776
6634          24.221059       7.464929      19.318152
6635          28.829443      10.396851      16.515395
6636          25.676967      14.719839      17.324808
6637          15.000000      10.621778      50.000000
6638          12.500000      14.951905      50.000000
6639          34.772068      -2.225913      29.934791
6640          37.918891       1.557322      19.653177
6641          42.162708      -0.000000      22.757901
6642          44.588068      -8.676625      37.935397
6643          50.000000      -2.782648      41.021192
6644          50.000000      -4.999809      36.573158
6645          43.716869      -2.019594      28.924511
6646          38.935336      -0.446005      27.035087
6647          45.610310      -2.980019      34.870282
6648          50.000000      -0.216417      36.757568
6649          50.000000       2.463930      32.274734
6650          41.798218      -4.894113      41.928968
6651          50.000000      -2.342996      45.796552
6652          44.575938      -0.742949      44.980786
6653          42.425488      -2.424951      50.000000
6654          46.665516      -2.500000      50.000000
6655          50.000000       1.224062      41.826599
6656          50.000000      -0.000000      50.000000
6657          43.455109      38.536442      -3.562448
6658          44.118269      31.981307       0.870424
6659          50.000000      37.499916      -2.368659
6660          50.000000      39.921623       1.917680
6661          50.000000      34.999068       1.960899
6662          31.649139      34.184954       1.192194
6663          39.321590      28.034052       1.935026
6664          35.296112      23.884496       5.580254
6665          35.886123      32.115894       4.621722
6666          45.089063      45.089063      -0.413303
6667          40.055792      50.000000       2.056392
6668          50.000000      45.233268       2.197964
6669          45.450821      50.000000       2.304916
6670          50.000000      41.797485       5.792827
6671          38.428209      34.691204       0.825705
6672          40.898054      40.882916       2.207357
6673          37.451140      50.000000       6.323273
6674          50.000000      50.000000       5.000000
6675           1.079524      41.023618      23.363194
6676          -1.724409      36.848052      36.849842
6677          -1.224062      50.000000      41.826599
6678          -3.359388      43.281381      36.575829
6679           0.216417      50.000000      36.757568
6680           2.500000      50.000000      32.272413
6681          -0.670752      42.842128      30.516600
6682           2.497613      38.598205      27.553208
6683           2.002777      45.234886      26.540498
6684           5.000000      50.000000      27.942286
6685          35.559697      39.206726       2.489776
6686          32.494400      50.000000       6.288418
6687          30.570790      38.784182       5.003678
6688          36.647071      44.224297       4.844722
6689          17.516049      41.856927       6.681151
6690          21.325014      38.532692       6.429398
6691          28.572550      44.372349       4.852735
6692          23.245810      45.022535       8.331093
6693          27.500000      50.000000       6.291651
6694          20.000000      50.000000      10.621778
6695           6.088437      42.655317      17.968492
6696           9.666919      38.817371      15.341386
6697          10.105730      44.833633      14.547412
6698          17.570883      45.380619      10.531860
6699          12.500000      50.000000      14.951905
6700           6.939914      43.565789      25.307117
6701           7.500000      50.000000      23.612159
6702          10.000000      50.000000      19.282032
6703          17.500000      50.000000      14.951905
6704          15.000000      50.000000      19.282032
6705          25.737402      39.952088       8.484698
6706          19.668634      23.418701      13.040698
6707          24.293371      18.835839      14.561278
6708          29.059091      19.738596      13.260895
6709          27.255069      23.682377      10.729068
6710          22.383666      28.306230       9.374141
6711          26.187429      28.495657       5.790663
6712          29.618718      33.865956       6.995729
6713          30.952703      28.727090       7.931786
6714          32.531008      24.241967       9.910089
6715          16.918528      30.739426      11.630870
6716          15.020237      35.357284      11.971269
6717          15.731737      27.705876      16.330679
6718          18.322818      18.322818      18.322818
6719          16.806694      13.030218      25.364961
6720          14.890477      17.683144      22.776238
6721          15.319793      40.009826      14.311766
6722          12.767685      33.909547      16.199040
6723          25.000000      50.000000      10.621778
6724          42.489202      50.000000       6.843683
6725          46.597490      50.000000       7.271682
6726          19.801083      35.448430      10.142496
6727          25.767409      33.461502      10.746394
6728          21.531570      29.830902      15.375439
6729          -1.902417      43.990583      43.884653
6730           2.109445      45.516037      50.000000
6731           2.342996      50.000000      45.796552
6732           2.782648      50.000000      41.021192
6733           3.259150      40.931690      50.000000
6734           5.000000      36.579023      50.000000
6735          11.023871      20.449031      27.676798
6736           6.296199      20.122092      33.264626
6737           4.021228      23.465617      36.678192
6738          10.299911      17.101885      33.167794
6739           8.644242      36.314445      21.149005
6740          13.381891      38.228696      19.388914
6741           4.664098      34.295261      26.056264
6742           8.999131      29.411055      27.218958
6743           6.672999      26.366597      32.510477
6744           4.675177      32.586601      32.503738
6745           1.927575      37.245928      32.863286
6746           1.605302      38.738149      43.135995
6747           3.860896      34.377658      38.282640
6748           4.616111      33.413138      44.263109
6749           5.603539      28.549283      38.792441
6750           4.142428      26.290452      44.227889
6751           7.500003      23.612158      50.000000
6752           5.000000      27.942286      50.000000
6753           7.500000      32.272413      50.000000
6754           5.000000      50.000000      50.000000
6755          22.837841       2.263749      45.172020
6756          27.500000       6.291651      50.000000
6757          22.500000       6.291651      50.000000
6758          20.318548       6.734169      43.851348
6759          15.632213       7.462987      39.349397
6760          12.621450      10.523242      44.075547
6761          17.427316      10.477305      45.587368
6762          20.000000      10.621778      50.000000
6763          25.000000      10.621778      50.000000
6764          33.483237       1.695403      22.875046
6765          27.937582       0.792348      35.429514
6766          27.500000       3.117194      42.803146
6767          25.316078       4.669271      33.051215
6768          22.359045       5.653008      28.826603
6769          27.633212       5.111118      26.437617
6770          22.437501       8.877467      32.784265
6771          25.024280       9.579076      25.533028
6772          29.394243       8.306394      21.976510
6773          44.595173      26.300742       4.080319
6774          41.845117      24.798288       9.139681
6775          50.000000      25.004986      10.623114
6776          50.000000      32.500000       6.291651
6777          50.000000      27.476871       6.276198
6778          50.000000      29.856240      10.527723
6779          32.461011       3.182930      28.732337
6780          31.459542       4.124877      33.695019
6781          36.459823      -0.082398      43.925471
6782          32.927072       4.546268      44.437755
6783          39.921792       1.917793      50.000000
6784          37.355956       6.923399      50.000000
6785          32.500000       6.291651      50.000000
6786          38.095403      -2.005809      39.000727
6787          41.368568      -0.108091      34.961819
6788          36.589672       2.132525      33.001171
6789          34.410515       3.656504      38.854295
6790          42.888594      10.493624      12.181831
6791          45.122991      15.219794      12.522073
6792          45.128927       7.826116      16.874809
6793          45.502954       2.035548      26.192580
6794          40.287455       5.821853      17.147541
6795          44.426077       5.415929      21.482227
6796          50.000000      12.499978      14.951888
6797          50.000000      17.500000      14.951905
6798          36.917187      11.463635      15.468182
6799          36.533017       7.734358      22.457093
6800          50.000000       5.000000      27.942286
6801          50.000000      10.000000      19.282032
6802          50.000000       7.500000      23.612159
6803          45.322971      24.518662      13.230877
6804          37.084197      21.927192      10.888104
6805          40.326848      17.323250      12.389925
6806          50.000000      22.500000      14.951905
6807          33.545578      12.488484      19.145039
6808          30.548538      16.009400      16.277092
6809          38.924682      26.065402      13.756451
6810          33.647256      24.327634      14.936789
6811          35.814326      18.850493      16.019185
6812          39.901876      15.633081      17.180998
6813          50.000000      27.529915      14.959921
6814          44.322599      18.143052      16.795119
6815          50.000000      20.000000      19.282032
6816          19.105306      24.186014      20.142556
6817          13.662921      29.107299      22.491149
6818          10.562942      25.159100      29.492904
6819          23.779197       7.166913      37.405397
6820           6.850540      21.100373      42.643444
6821          10.291106      16.563350      44.914957
6822           8.404269      18.107974      38.668441
6823          10.000003      19.282031      50.000000
6824          12.622821      15.261693      39.796127
6825          19.222346      11.732760      35.678880
6826          15.000003      19.282031      50.000000
6827          15.272182      24.005896      25.981764
6828          15.376204      15.589346      31.815377
6829          20.304846      15.894524      32.984535
6830          16.731033      20.895410      31.214459
6831          22.517486      12.851139      29.579595
6832          23.565657      13.859752      21.939513
6833          29.445521      21.531801      17.935629
6834          29.205033      13.939357      21.379310
6835          23.760181      19.771725      20.496782
6836          15.787567      15.145904      44.638966
6837          17.500000      14.951905      50.000000
6838          22.500000      14.951905      50.000000
6839          50.000000      25.000000      19.282032
6840          38.243319       4.736072      28.290615
6841          44.957699      -0.259348      39.346231
6842          44.202124       4.527227      30.574029
6843          50.000000       4.608829      36.740179
6844          50.000000       7.500000      32.272413
6845          41.766628       3.416286      42.250470
6846          50.000000       2.700218      45.808986
6847          45.233268       2.197964      50.000000
6848          50.000000       5.765343      41.310587
6849          41.797485       5.792827      50.000000
6850          45.669873       7.500000      50.000000
6851          50.000000       7.527357      45.688616
6852          50.000000       5.000000      50.000000
6853          42.319766      33.058673       6.989674
6854          44.863214      36.970032       3.629812
6855          50.000000      37.355798       6.923294
6856          50.000000      33.929069      10.058758
6857          50.000000      45.669873       7.500000
6858          50.000000      41.339746      10.000000
6859          35.323138      36.248274       7.801446
6860          37.317160      29.415456       8.883639
6861          34.946505      50.000000      10.364946
6862          30.000000      50.000000      10.621778
6863          43.771844      43.108734       8.063978
6864          40.620197      38.338881       8.418218
6865          38.726710      44.251775       9.938736
6866          39.758996      50.000000      10.599595
6867          37.346043      50.000000      13.704041
6868          50.000000      50.000000      10.000000
6869           8.586073      38.506080      26.054325
6870           3.230387      42.617818      37.095927
6871           4.156160      44.794636      32.171159
6872           7.499638      50.000000      32.266568
6873           4.999809      50.000000      36.573158
6874           6.246082      39.735266      30.732183
6875           9.339923      44.804256      30.445634
6876          10.000000      50.000000      27.942286
6877          12.498608      50.000000      32.266688
6878          32.510730      43.057645       9.054352
6879          30.584222      37.987841      10.581510
6880          36.060330      40.025949      11.292339
6881          21.529996      43.216314      13.156470
6882          27.252300      44.599724      11.972519
6883          22.500000      50.000000      14.951905
6884          12.676529      43.585934      19.489247
6885          13.318854      41.727443      26.024929
6886          17.200151      44.711276      16.522927
6887          12.500000      50.000000      23.612159
6888          20.000000      50.000000      19.282032
6889          14.998925      50.000000      27.940481
6890          17.499821      50.000000      23.611858
6891          25.000000      50.000000      19.282032
6892          22.500000      50.000000      23.612159
6893          25.494045      39.370370      14.042846
6894          24.776573      25.089222      17.835663
6895          28.903646      28.063478      14.561478
6896          31.032155      33.716617      14.228776
6897          35.017701      29.726188      14.027990
6898          18.339327      35.305163      15.716253
6899          18.862364      30.095643      20.206449
6900          19.118481      19.645987      26.409251
6901          20.498249      42.048318      20.066910
6902          16.822056      34.930396      21.937262
6903          17.550636      39.772814      23.705720
6904          33.002860      50.000000      15.199805
6905          27.500000      50.000000      14.951905
6906          45.113021      50.000000      11.753174
6907          50.000000      45.669873      12.500000
6908          23.835579      35.257278      17.452040
6909          24.698438      30.453747      21.915485
6910          27.775384      31.871373      17.946411
6911           9.999219      50.000000      36.573195
6912           4.347782      44.257196      44.281705
6913           7.500000      45.669873      50.000000
6914           7.500000      50.000000      45.669873
6915           7.556335      50.000000      40.154017
6916          12.500015      23.612151      50.000000
6917           6.436214      38.276154      45.212507
6918           7.651830      40.137671      50.000000
6919          10.000000      36.575103      50.000000
6920          10.286587      21.950886      35.692187
6921           9.500616      25.353331      39.372291
6922          15.147708      19.863605      37.691209
6923          12.598265      35.120278      27.197773
6924           9.721230      31.573660      31.875662
6925          14.632251      30.136390      27.710380
6926          11.124371      28.808380      36.031093
6927           8.684964      32.648828      38.391736
6928           8.938160      36.149760      34.656532
6929           8.353338      37.988669      40.293912
6930          10.476377      31.684796      43.096400
6931          10.453958      25.716232      44.341898
6932          10.000000      27.942286      50.000000
6933          17.500341      23.611962      50.000000
6934          12.500000      32.272413      50.000000
6935          15.000091      27.942234      50.000000
6936          12.500000      40.932667      50.000000
6937          12.500000      50.000000      46.454483
6938          12.500000      46.454483      50.000000
6939          10.000000      50.000000      50.000000
6940          41.339746      10.000000      50.000000
6941          37.315467      12.402330      50.000000
6942          33.927531      10.059535      50.000000
6943          29.850423      10.526164      50.000000
6944          27.500000      14.951905      50.000000
6945          32.679492      15.000000      50.000000
6946          26.101495       9.745434      43.351065
6947          20.428727      13.261004      42.066511
6948          25.493485      24.892277      23.675900
6949          32.695705       8.207886      26.419868
6950          30.033197       7.938477      37.136282
6951          32.672033      10.891141      42.045313
6952          26.876569      12.986200      35.053868
6953          31.995805      13.698792      26.306423
6954          29.027024       7.640814      30.824572
6955          26.678047      14.608952      26.612990
6956          44.435111      29.483356      10.715916
6957          50.000000      37.274947      12.403238
6958          50.000000      32.743908      14.982714
6959          35.190203       7.670042      33.515027
6960          37.865580       7.987674      43.884882
6961          40.152605       5.729198      36.712935
6962          35.939421      11.145734      37.668737
6963          43.617861      12.500000      18.719475
6964          42.865180       9.972801      25.071239
6965          50.000000      15.000000      19.282032
6966          37.618546      14.364617      21.559246
6967          37.526085      11.169645      28.539503
6968          50.000000      10.000000      27.942286
6969          50.000000      12.500000      23.612159
6970          50.000000      12.500000      32.272413
6971          50.000000      17.500000      23.612159
6972          40.467149      31.175235      14.256435
6973          44.802560      28.705017      17.093282
6974          42.042769      23.682099      17.408433
6975          34.129298      20.847298      21.408091
6976          43.055899      18.887353      22.616229
6977          37.264157      27.956436      19.177680
6978          32.350085      25.233430      19.710047
6979          38.092216      18.860375      24.075788
6980          50.000000      29.850519      19.397837
6981          44.891786      24.103861      22.152167
6982          50.000000      22.500000      23.612159
6983          19.601088      27.769441      25.163916
6984          15.167352      26.176192      31.353114
6985          22.965400      16.006805      37.815309
6986          15.084029      20.570654      43.301856
6987          19.344955      18.370328      40.950730
6988          20.000000      19.282032      50.000000
6989          17.425532      24.243454      36.783867
6990          20.033375      24.661957      32.515515
6991          20.288316      20.364086      35.387516
6992          24.879974      18.247484      31.696824
6993          27.801564      19.633872      24.973232
6994          23.318084      17.848584      44.489400
6995          25.008338      19.277218      50.000000
6996          50.000000      27.475087      23.631460
6997          42.233111      10.149286      32.871940
6998          44.563513       9.055533      38.356686
6999          50.000000       9.719034      36.560328
7000          50.000000      10.000000      41.339746
7001          44.098405       8.936939      44.100564
7002          50.000000      14.919241      41.469625
7003          50.000000      12.463925      45.643219
7004          45.669873      12.500000      50.000000
7005          50.000000      10.000000      50.000000
7006          44.028659      35.778230      12.243832
7007          45.531079      43.049940      12.957465
7008          50.000000      41.341977      14.996136
7009          50.000000      37.311853      17.553369
7010          36.756443      36.188624      14.696718
7011          35.598892      44.092337      14.462669
7012          40.825397      40.831190      13.703009
7013          41.138794      50.000000      15.096249
7014          37.189209      50.000000      17.630439
7015          50.000000      45.683258      17.476817
7016          50.000000      50.000000      15.000000
7017          16.023342      38.741933      30.286181
7018           8.995897      44.205169      37.957564
7019          13.115291      42.211970      34.012826
7020          15.904283      45.132848      30.301557
7021          14.996707      50.000000      36.573298
7022          17.494940      50.000000      32.267306
7023          30.228541      41.476648      16.149686
7024          25.290022      44.375440      17.544714
7025          18.836615      44.396108      25.725296
7026          23.884423      44.667946      23.534592
7027          19.996338      50.000000      27.940850
7028          29.933699      50.000000      19.534017
7029          34.016247      50.000000      19.802606
7030          27.500000      50.000000      23.612159
7031          25.000000      50.000000      27.942286
7032          25.911512      39.573527      20.223552
7033          30.825897      36.601707      19.290306
7034          31.257197      29.882102      21.285661
7035          34.401581      32.851320      18.246364
7036          22.185354      36.306666      22.686100
7037          18.933595      33.170384      28.948251
7038          24.455329      29.882454      27.794524
7039          24.032205      23.969333      29.303862
7040          28.592436      31.234515      25.309332
7041          21.447528      39.119636      27.457122
7042          33.001581      44.639305      19.628859
7043          44.107163      43.946010      17.878247
7044          45.669873      50.000000      17.500000
7045          50.000000      41.339746      20.000000
7046          41.339746      50.000000      20.000000
7047          27.582805      35.991461      24.096066
7048          37.249843      50.000000      22.411316
7049          12.500000      50.000000      40.932667
7050          10.823367      43.693575      43.693575
7051          15.000000      36.570422      50.000000
7052          17.180193      25.148972      44.942246
7053          22.501390      23.611357      50.000000
7054          12.501217      37.871837      44.668857
7055          14.982954      26.738539      40.389860
7056          14.197399      33.569027      33.568474
7057          16.545766      29.146507      35.699708
7058          14.598589      35.148993      39.714482
7059          12.734928      39.669037      38.380130
7060          15.706912      30.234527      44.831156
7061          20.000547      27.941971      50.000000
7062          17.500064      32.268673      50.000000
7063          17.500000      40.621123      50.000000
7064          20.000002      36.578369      50.000000
7065          17.499063      50.000000      40.621008
7066          17.500000      45.669873      50.000000
7067          17.500000      50.000000      45.669873
7068          15.000000      50.000000      50.000000
7069          29.844248      19.395014      50.000000
7070          41.339746      15.000000      50.000000
7071          33.911546      19.879328      50.000000
7072          36.813130      13.742798      44.562421
7073          37.254812      17.490583      50.000000
7074          31.421132      15.723288      44.589050
7075          27.755393      17.159532      40.603506
7076          31.508714      25.048371      25.791299
7077          34.921332      19.620614      28.092842
7078          33.592474      14.202369      33.503040
7079          32.660775      15.367954      38.816951
7080          29.203552      17.530940      35.681304
7081          30.125414      17.102536      30.276270
7082          45.381655      33.962361      17.260721
7083          50.000000      33.914043      19.843667
7084          36.419675      36.957919      20.892848
7085          40.105143      34.310425      18.375634
7086          50.000000      37.341248      23.000093
7087          39.295532      14.959164      34.243840
7088          40.445335      12.500000      40.454014
7089          44.857670      14.992322      26.032721
7090          41.276272      17.440871      29.389543
7091          50.000000      15.000000      27.942286
7092          50.000000      20.000000      27.942286
7093          45.088104      15.030895      33.780588
7094          50.000000      14.925717      36.739460
7095          50.000000      17.533370      32.225710
7096          44.530155      21.826472      27.386197
7097          42.564010      31.219992      21.741858
7098          38.957112      25.129260      24.954903
7099          37.523094      30.537584      24.193352
7100          39.263043      22.171938      29.156231
7101          50.000000      32.500000      23.612159
7102          44.476171      27.548878      26.483092
7103          50.000000      25.000000      27.942286
7104          21.926218      29.379597      33.488193
7105          20.633076      27.856309      39.053057
7106          24.483056      20.836049      38.958365
7107          21.371590      23.077141      42.455184
7108          24.623306      24.389087      35.178457
7109          29.777563      21.907483      33.039419
7110          27.288031      22.289137      43.984942
7111          27.509960      23.606409      50.000000
7112          25.001892      27.941194      50.000000
7113          50.000000      30.000000      27.942286
7114          50.000000      22.500000      32.272413
7115          45.062731      15.075997      39.211685
7116          43.420098      16.396725      44.297036
7117          50.000000      18.750917      40.530435
7118          50.000000      17.283551      45.509948
7119          45.669873      17.500000      50.000000
7120          50.000000      15.000000      50.000000
7121          43.317784      38.140147      19.768628
7122          38.342036      43.574593      20.006641
7123          50.000000      45.750180      22.360903
7124          45.678680      50.000000      22.500146
7125          50.000000      50.000000      20.000000
7126          50.000000      41.821590      24.165421
7127          19.755624      36.568531      34.252565
7128          20.666258      42.850966      34.006340
7129          17.491005      45.288364      37.704719
7130          22.484340      50.000000      32.271012
7131          19.985301      50.000000      36.573296
7132          29.166059      42.980698      23.140923
7133          25.837081      43.666945      28.588162
7134          32.705627      50.000000      24.237453
7135          29.761804      50.000000      28.079809
7136          27.406040      50.000000      32.264006
7137          32.306538      38.662600      24.110594
7138          34.126032      34.269886      26.726382
7139          25.274917      34.766614      31.022811
7140          29.957298      29.944833      29.956243
7141          28.171514      27.971065      34.322886
7142          30.167545      35.150614      29.763702
7143          24.727337      39.925077      32.203467
7144          35.553472      43.832301      25.897856
7145          42.915468      45.574797      22.693003
7146          41.383108      50.000000      25.000471
7147          31.507236      40.015312      29.304833
7148          33.570826      50.000000      28.767420
7149          37.255013      50.000000      27.167961
7150          19.871756      45.372095      42.827142
7151          16.919829      40.940336      40.940390
7152          20.656370      38.251102      44.478714
7153          23.626036      28.455036      44.117052
7154          20.000393      32.936047      42.235205
7155          21.233339      32.729804      37.281999
7156          20.058314      37.205440      39.437504
7157          22.500408      32.267496      50.000000
7158          30.001975      27.941146      50.000000
7159          24.927469      50.000000      36.569578
7160          22.500000      40.932667      50.000000
7161          25.000009      36.598616      50.000000
7162          22.500000      50.000000      40.932667
7163          22.500000      45.810978      50.000000
7164          22.461334      50.000000      46.466627
7165          20.000000      50.000000      50.000000
7166          31.943285      20.735724      45.373450
7167          32.443163      23.591054      50.000000
7168          41.372047      20.000000      50.000000
7169          37.151425      23.008294      50.000000
7170          35.530615      18.671981      42.180242
7171          31.454335      21.569157      38.817800
7172          35.546780      25.684789      31.199700
7173          36.226831      20.084391      34.459415
7174          44.781400      35.616255      24.741536
7175          38.726984      37.257099      25.540626
7176          50.000000      39.824071      27.860031
7177          50.000000      35.000000      27.942286
7178          42.432222      19.143081      36.754301
7179          45.246146      20.143605      32.367776
7180          50.000000      20.200218      36.463427
7181          42.621765      25.000000      31.841667
7182          40.585219      33.696591      28.839832
7183          39.605374      28.449307      29.091889
7184          45.303786      31.494283      29.966313
7185          50.000000      27.500000      32.272413
7186          26.269295      31.980029      36.864957
7187          27.501922      26.775608      39.766981
7188          27.500000      32.272413      50.000000
7189          32.769782      29.025281      36.296946
7190          33.304069      25.180050      43.273768
7191          29.211476      29.268544      44.553655
7192          34.764132      27.627610      50.000000
7193          50.000000      32.500000      32.272413
7194          50.000000      25.000000      36.602540
7195          42.288416      22.427389      43.223311
7196          50.000000      22.780305      40.009741
7197          38.670673      27.432605      50.000000
7198          41.673794      24.948141      50.000000
7199          45.675257      22.500000      50.000000
7200          50.000000      22.682227      44.668542
7201          50.000000      20.000000      50.000000
7202          41.659800      41.542493      25.762006
7203          45.679354      50.000000      27.500404
7204          50.000000      45.002195      27.704714
7205          50.000000      50.000000      25.000000
7206          44.084702      45.032991      29.263041
7207          41.396630      50.000000      30.002424
7208          24.860569      37.822154      37.820034
7209          28.064693      43.305330      34.599187
7210          23.948233      44.660263      38.297196
7211          31.396459      45.291290      29.918482
7212          31.861695      50.000000      32.334340
7213          29.674433      50.000000      36.414574
7214          33.661821      50.000000      35.725458
7215          37.763239      39.236150      30.249084
7216          37.553766      32.050423      33.918672
7217          30.931790      35.281851      34.770630
7218          31.611327      40.089453      36.593206
7219          38.708624      44.738874      30.417276
7220          35.070947      43.264454      34.391619
7221          36.597458      50.000000      32.417719
7222          24.742917      42.228959      43.387736
7223          25.914818      35.231657      43.699973
7224          32.500329      32.272223      50.000000
7225          30.000055      36.578991      50.000000
7226          28.066516      50.000000      40.876129
7227          27.500000      40.932667      50.000000
7228          27.306672      50.000000      45.730594
7229          27.500000      45.985833      50.000000
7230          25.000000      50.000000      50.000000
7231          50.000000      41.602540      31.754265
7232          38.280840      25.350958      45.126957
7233          37.964914      25.201953      38.098412
7234          44.480910      38.178310      29.897852
7235          50.000000      37.350423      32.186055
7236          40.967837      36.636599      33.359844
7237          44.103461      26.909362      38.079872
7238          43.556340      32.524198      35.118182
7239          50.000000      29.997582      36.602265
7240          31.897818      33.452558      41.846784
7241          36.586360      32.350894      39.280912
7242          36.454969      30.276120      44.326488
7243          37.808405      32.004066      50.000000
7244          50.000000      34.975071      36.564630
7245          50.000000      27.510424      41.110032
7246          44.634092      27.368551      44.500539
7247          41.955612      29.574911      50.000000
7248          50.000000      27.527521      46.152914
7249          45.775916      27.396057      50.000000
7250          50.000000      25.000000      50.000000
7251          42.464074      42.331458      33.779263
7252          50.000000      46.016985      32.792377
7253          45.669873      50.000000      32.500000
7254          50.000000      50.000000      30.000000
7255          41.420207      50.000000      35.014546
7256          37.191230      50.000000      37.657105
7257          31.574862      41.700096      41.522819
7258          31.676952      45.364049      37.769589
7259          32.984291      50.000000      39.803554
7260          37.492519      37.283307      37.129178
7261          39.322847      44.784005      37.764181
7262          32.501052      37.840932      45.295247
7263          35.000064      36.575066      50.000000
7264          32.496360      40.642264      50.000000
7265          32.477340      50.000000      45.393282
7266          32.500000      45.669873      50.000000
7267          30.000000      50.000000      50.000000
7268          50.000000      39.479116      36.220830
7269          50.000000      43.055159      35.806132
7270          41.888586      31.513442      41.886986
7271          44.210381      38.030077      37.880972
7272          50.000000      32.446647      40.178924
7273          37.631998      36.328505      43.750819
7274          42.036283      33.447500      50.000000
7275          39.971026      36.832413      50.000000
7276          50.000000      37.250157      40.947819
7277          50.000000      32.500000      45.669873
7278          45.811782      32.196529      50.000000
7279          50.000000      30.000000      50.000000
7280          44.824849      44.660302      38.098971
7281          45.688481      50.000000      37.467771
7282          50.000000      46.307290      37.696623
7283          50.000000      50.000000      35.000000
7284          41.361455      50.000000      39.962399
7285          37.009619      50.000000      42.500000
7286          36.570774      44.081270      44.362469
7287          41.960986      42.108943      41.964911
7288          37.429971      41.333482      50.000000
7289          37.439765      50.000000      46.652421
7290          37.437310      46.563225      50.000000
7291          35.000000      50.000000      50.000000
7292          50.000000      41.869864      40.566565
7293          43.599939      36.783067      44.193830
7294          42.053298      40.671200      50.000000
7295          45.055686      37.217109      50.000000
7296          50.000000      37.709981      45.745650
7297          50.000000      35.000000      50.000000
7298          45.237799      45.293189      44.437074
7299          45.781518      50.000000      42.306624
7300          50.000000      46.226036      42.582417
7301          50.000000      50.000000      40.000000
7302          41.856048      50.000000      45.394201
7303          42.050628      45.464850      50.000000
7304          40.000000      50.000000      50.000000
7305          50.000000      42.802786      45.855037
7306          45.759180      42.508143      50.000000
7307          50.000000      40.000000      50.000000
7308          46.339746      50.000000      46.339746
7309          46.339746      46.339746      50.000000
7310          50.000000      46.376274      46.376274
7311          50.000000      50.000000      45.000000
7312          45.000000      50.000000      50.000000
7313          50.000000      45.000000      50.000000
7314          50.000000      50.000000      50.000000
7315         -47.291667     -49.791667     -49.791667
7316         -47.864852     -47.864852     -49.694979
7317         -45.669873     -47.957555     -49.771826
7318         -49.791667     -47.291667     -49.791667
7319         -47.941107     -45.669873     -49.771234
7320          47.291667     -49.791667     -49.791667
7321          45.669873     -47.941107     -49.771234
7322          47.864852     -47.864852     -49.694979
7323          49.791667     -47.291667     -49.791667
7324          47.957560     -45.669873     -49.771827
7325          49.791667      47.291667     -49.791667
7326          47.938610      45.669873     -49.771248
7327          47.864852      47.864852     -49.694979
7328          47.291667      49.791667     -49.791667
7329          45.669873      47.953048     -49.771546
7330         -47.291667      49.791667     -49.791667
7331         -45.669873      47.941107     -49.771234
7332         -47.864852      47.864852     -49.694979
7333         -49.791667      47.291667     -49.791667
7334         -47.957560      45.669873     -49.771827
7335         -42.500000     -50.000000     -50.000000
7336         -43.432457     -47.427483     -49.712609
7337         -40.932457     -47.382228     -49.712910
7338         -44.102330     -45.864777     -50.000000
7339         -37.500000     -50.000000     -50.000000
7340         -38.677393     -48.109708     -49.792692
7341         -36.177393     -48.103043     -49.793370
7342         -39.609850     -46.030395     -50.000000
7343         -32.500000     -50.000000     -50.000000
7344         -33.773005     -47.468432     -49.724244
7345         -31.273005     -47.464149     -49.724783
7346         -34.950398     -46.114133     -50.000000
7347         -27.500000     -50.000000     -50.000000
7348         -28.868832     -48.141055     -49.798248
7349         -26.368832     -48.145600     -49.797692
7350         -30.141837     -46.150242     -50.000000
7351         -22.500000     -50.000000     -50.000000
7352         -24.090657     -47.355584     -49.711504
7353         -21.590657     -47.410346     -49.710626
7354         -25.459489     -46.049465     -50.000000
7355         -17.500000     -50.000000     -50.000000
7356         -18.750000     -47.585513     -49.730199
7357         -16.250000     -47.564304     -49.729367
7358         -20.340657     -45.512802     -50.000000
7359         -12.500000     -50.000000     -50.000000
7360         -13.750000     -47.564304     -49.729367
7361         -11.250000     -47.564304     -49.729367
7362         -15.000000     -45.669873     -50.000000
7363          -7.500000     -50.000000     -50.000000
7364          -8.750000     -47.564304     -49.729367
7365          -6.250000     -47.564304     -49.729367
7366         -10.000000     -45.669873     -50.000000
7367          -2.500000     -50.000000     -50.000000
7368          -3.750000     -47.564304     -49.729367
7369          -1.250000     -47.564304     -49.729367
7370          -5.000000     -45.669873     -50.000000
7371           2.500000     -50.000000     -50.000000
7372           1.250000     -47.564304     -49.729367
7373           3.750000     -47.564304     -49.729367
7374          -0.000000     -45.669873     -50.000000
7375           7.500000     -50.000000     -50.000000
7376           6.250000     -47.564304     -49.729367
7377           8.750000     -47.564304     -49.729367
7378           5.000000     -45.669873     -50.000000
7379          12.500000     -50.000000     -50.000000
7380          11.250000     -47.564304     -49.729367
7381          13.750000     -47.564304     -49.729367
7382          10.000000     -45.669873     -50.000000
7383          17.500000     -50.000000     -50.000000
7384          16.250000     -47.564304     -49.729367
7385          18.750000     -47.564304     -49.729367
7386          15.000000     -45.669873     -50.000000
7387          22.500000     -50.000000     -50.000000
7388          21.250000     -47.564304     -49.729367
7389          23.750000     -47.564304     -49.729367
7390          20.000000     -45.669873     -50.000000
7391          27.500000     -50.000000     -50.000000
7392          26.250000     -47.564304     -49.729367
7393          28.750000     -47.564304     -49.729367
7394          25.000000     -45.669873     -50.000000
7395          32.500000     -50.000000     -50.000000
7396          31.250000     -47.564304     -49.729367
7397          33.750000     -47.564304     -49.729367
7398          30.000000     -45.669873     -50.000000
7399          37.500000     -50.000000     -50.000000
7400          36.231200     -47.576515     -49.730724
7401          38.731200     -47.576515     -49.730724
7402          34.981200     -45.680727     -50.000000
7403          42.500000     -50.000000     -50.000000
7404          41.153312     -47.627104     -49.736345
7405          43.653312     -47.627104     -49.736345
7406          39.884512     -45.736550     -50.000000
7407          44.323185     -46.060632     -50.000000
7408          50.000000     -42.500000     -50.000000
7409          47.430369     -43.427803     -49.712931
7410          47.382196     -40.927803     -49.713500
7411          45.867357     -44.097676     -50.000000
7412          50.000000     -37.500000     -50.000000
7413          48.096000     -38.750000     -49.791621
7414          48.094142     -36.250000     -49.791807
7415          46.022802     -39.677803     -50.000000
7416          50.000000     -32.500000     -50.000000
7417          47.470333     -33.782754     -49.723663
7418          47.464575     -31.282754     -49.724328
7419          46.102492     -35.032754     -50.000000
7420          50.000000     -27.500000     -50.000000
7421          48.085153     -28.914718     -49.791802
7422          48.094387     -26.414718     -49.790845
7423          46.098415     -30.197472     -50.000000
7424          50.000000     -22.500000     -50.000000
7425          47.266954     -24.196527     -49.700029
7426          47.324130     -21.696527     -49.700829
7427          45.913547     -25.611245     -50.000000
7428          50.000000     -17.500000     -50.000000
7429          47.593784     -18.750000     -49.730978
7430          47.565654     -16.250000     -49.729370
7431          45.427244     -20.446527     -50.000000
7432          50.000000     -12.500000     -50.000000
7433          47.523614     -13.777245     -49.724697
7434          47.546010     -11.277245     -49.725721
7435          45.632484     -15.027245     -50.000000
7436          50.000000      -7.500000     -50.000000
7437          47.343926      -8.549064     -49.703135
7438          47.291774      -6.049064     -49.703196
7439          45.413724      -9.826309     -50.000000
7440          50.000000      -2.500000     -50.000000
7441          48.105871      -3.750000     -49.792416
7442          48.107003      -1.250000     -49.792318
7443          45.948935      -4.799064     -50.000000
7444          50.000000       2.500000     -50.000000
7445          47.293911       1.098982     -49.703113
7446          47.338992       3.598982     -49.702770
7447          45.949392      -0.151018     -50.000000
7448          50.000000       7.500000     -50.000000
7449          47.582725       6.250000     -49.729995
7450          47.564304       8.750000     -49.729367
7451          45.451570       4.848982     -50.000000
7452          50.000000      12.500000     -50.000000
7453          47.564304      11.250000     -49.729367
7454          47.564304      13.750000     -49.729367
7455          45.669873      10.000000     -50.000000
7456          50.000000      17.500000     -50.000000
7457          47.564304      16.250000     -49.729367
7458          47.564135      18.750000     -49.729367
7459          45.669873      15.000000     -50.000000
7460          50.000000      22.500000     -50.000000
7461          47.567164      21.250000     -49.729704
7462          47.561930      23.750000     -49.729758
7463          45.672565      20.000000     -50.000000
7464          50.000000      27.500000     -50.000000
7465          47.618677      26.198028     -49.736047
7466          47.612724      28.698028     -49.736234
7467          45.725586      24.948028     -50.000000
7468          50.000000      32.500000     -50.000000
7469          47.632994      31.098264     -49.738473
7470          47.660525      33.598264     -49.738750
7471          45.793849      29.796293     -50.000000
7472          50.000000      37.500000     -50.000000
7473          47.238181      36.108555     -49.691587
7474          47.250480      38.608555     -49.692606
7475          45.433734      34.706819     -50.000000
7476          50.000000      42.500000     -50.000000
7477          47.641691      41.254072     -49.736343
7478          47.611646      43.754072     -49.734965
7479          45.407433      39.862626     -50.000000
7480          46.049463      44.423945     -50.000000
7481          42.500000      50.000000     -50.000000
7482          43.525314      47.463773     -49.716940
7483          41.025314      47.426915     -49.717413
7484          44.195187      45.902298     -50.000000
7485          37.500000      50.000000     -50.000000
7486          38.718655      48.050094     -49.785853
7487          36.218655      48.043443     -49.786477
7488          39.743969      46.014038     -50.000000
7489          32.500000      50.000000     -50.000000
7490          33.750000      47.534857     -49.730974
7491          31.250000      47.554249     -49.729554
7492          34.968655      46.116549     -50.000000
7493          27.500000      50.000000     -50.000000
7494          28.750000      47.732711     -49.749288
7495          26.250000      47.728441     -49.749483
7496          30.000000      45.827853     -50.000000
7497          22.500000      50.000000     -50.000000
7498          23.750000      47.629493     -49.738570
7499          21.250000      47.639374     -49.738221
7500          25.000000      45.898405     -50.000000
7501          17.500000      50.000000     -50.000000
7502          18.750000      47.559858     -49.729404
7503          16.250000      47.538679     -49.730583
7504          20.000000      45.740425     -50.000000
7505          12.500000      50.000000     -50.000000
7506          13.750000      47.984665     -49.779401
7507          11.250000      47.984665     -49.779401
7508          15.000000      46.062178     -50.000000
7509           7.500000      50.000000     -50.000000
7510           8.750000      47.538679     -49.730583
7511           6.250000      47.575898     -49.729616
7512          10.000000      46.062178     -50.000000
7513           2.500000      50.000000     -50.000000
7514           3.554723      47.489777     -49.720010
7515           1.054723      47.483764     -49.719816
7516           4.804723      45.592955     -50.000000
7517          -2.500000      50.000000     -50.000000
7518          -1.359986      47.494686     -49.721033
7519          -3.859986      47.489370     -49.720970
7520          -0.305264      45.525768     -50.000000
7521          -7.500000      50.000000     -50.000000
7522          -6.261535      47.565439     -49.729424
7523          -8.761535      47.563865     -49.729425
7524          -5.121521      45.603135     -50.000000
7525         -12.500000      50.000000     -50.000000
7526         -11.236906      47.563811     -49.729419
7527         -13.736906      47.565447     -49.729418
7528          -9.998441      45.670722     -50.000000
7529         -17.500000      50.000000     -50.000000
7530         -16.140014      47.489433     -49.720970
7531         -18.640014      47.496710     -49.721083
7532         -14.876920      45.603087     -50.000000
7533         -22.500000      50.000000     -50.000000
7534         -21.051772      47.448787     -49.715744
7535         -23.551772      47.472791     -49.717450
7536         -19.691785      45.492766     -50.000000
7537         -27.500000      50.000000     -50.000000
7538         -26.225694      47.266782     -49.694418
7539         -28.725694      47.252921     -49.693157
7540         -24.777465      45.264584     -50.000000
7541         -32.500000      50.000000     -50.000000
7542         -31.350109      47.660361     -49.738668
7543         -33.850109      47.636053     -49.738142
7544         -30.075803      45.444061     -50.000000
7545         -37.500000      50.000000     -50.000000
7546         -36.250000      47.557586     -49.729450
7547         -38.750000      47.564304     -49.729367
7548         -35.100109      45.739430     -50.000000
7549         -42.500000      50.000000     -50.000000
7550         -41.153312      47.627104     -49.736345
7551         -43.653312      47.627104     -49.736345
7552         -39.903312      45.725696     -50.000000
7553         -44.323185      46.060632     -50.000000
7554         -50.000000      42.500000     -50.000000
7555         -47.430369      43.427803     -49.712931
7556         -47.383137      40.927803     -49.713411
7557         -45.867357      44.097676     -50.000000
7558         -50.000000      37.500000     -50.000000
7559         -48.102574      38.721659     -49.792201
7560         -48.099025      36.221659     -49.792560
7561         -46.027984      39.649461     -50.000000
7562         -50.000000      32.500000     -50.000000
7563         -47.470653      33.773005     -49.723991
7564         -47.469396      31.273005     -49.724132
7565         -46.109142      34.994664     -50.000000
7566         -50.000000      27.500000     -50.000000
7567         -48.141477      28.750000     -49.797397
7568         -48.148876      26.250000     -49.796687
7569         -46.147236      30.023005     -50.000000
7570         -50.000000      22.500000     -50.000000
7571         -47.180816      24.000863     -49.690362
7572         -47.239417      21.500863     -49.691357
7573         -45.884031      25.250863     -50.000000
7574         -50.000000      17.500000     -50.000000
7575         -47.562776      18.724245     -49.727510
7576         -47.533132      16.224245     -49.725809
7577         -45.321902      20.225108     -50.000000
7578         -50.000000      12.500000     -50.000000
7579         -47.565152      13.750000     -49.729368
7580         -47.566664      11.250000     -49.729377
7581         -45.641401      14.974245     -50.000000
7582         -50.000000       7.500000     -50.000000
7583         -47.490411       8.801815     -49.720897
7584         -47.491797       6.301815     -49.720912
7585         -45.602027      10.051815     -50.000000
7586         -50.000000       2.500000     -50.000000
7587         -47.604505       3.758636     -49.733453
7588         -47.599158       1.258636     -49.733434
7589         -45.634518       5.060451     -50.000000
7590         -50.000000      -2.500000     -50.000000
7591         -47.562579      -1.250000     -49.729373
7592         -47.562765      -3.750000     -49.729371
7593         -45.702364       0.008636     -50.000000
7594         -50.000000      -7.500000     -50.000000
7595         -47.590399      -6.250000     -49.732440
7596         -47.590399      -8.750000     -49.732440
7597         -45.694421      -5.000000     -50.000000
7598         -50.000000     -12.500000     -50.000000
7599         -47.562765     -11.250000     -49.729371
7600         -47.564304     -13.750000     -49.729367
7601         -45.694421     -10.000000     -50.000000
7602         -50.000000     -17.500000     -50.000000
7603         -47.564304     -16.250000     -49.729367
7604         -47.564099     -18.750000     -49.729367
7605         -45.669873     -15.000000     -50.000000
7606         -50.000000     -22.500000     -50.000000
7607         -47.567364     -21.249368     -49.729730
7608         -47.567642     -23.749368     -49.729730
7609         -45.672775     -19.999368     -50.000000
7610         -50.000000     -27.500000     -50.000000
7611         -47.562541     -26.253617     -49.729163
7612         -47.562438     -28.753617     -49.729163
7613         -45.671142     -25.002985     -50.000000
7614         -50.000000     -32.500000     -50.000000
7615         -47.564275     -31.250000     -49.729367
7616         -47.564547     -33.750000     -49.729367
7617         -45.668240     -30.003617     -50.000000
7618         -50.000000     -37.500000     -50.000000
7619         -47.578210     -36.240164     -49.730885
7620         -47.577565     -38.740164     -49.730886
7621         -45.682019     -34.990164     -50.000000
7622         -50.000000     -42.500000     -50.000000
7623         -47.626710     -41.153312     -49.736345
7624         -47.627104     -43.653312     -49.736345
7625         -45.737842     -39.893476     -50.000000
7626         -46.060632     -44.323185     -50.000000
7627           1.250000     -43.504809     -50.000000
7628           2.500000     -41.339746     -50.000000
7629           3.750000     -43.504809     -50.000000
7630          -1.250000     -43.504809     -50.000000
7631           6.250000     -43.504809     -50.000000
7632          42.577530       2.057879     -50.000000
7633          43.829378      -0.113493     -50.000000
7634          41.173640      -0.253579     -50.000000
7635          40.859638       3.855310     -50.000000
7636          43.515376       3.995395     -50.000000
7637          44.545502      -2.462475     -50.000000
7638          43.733679       6.646413     -50.000000
7639          -3.900669      43.560122     -50.000000
7640          -6.302218      43.627757     -50.000000
7641          -2.019904      42.893400     -50.000000
7642          -3.200601      40.918022     -50.000000
7643           0.394805      42.883668     -50.000000
7644         -43.749672       1.277522     -50.000000
7645         -43.717180      -1.231114     -50.000000
7646         -41.771596      -2.477966     -50.000000
7647         -43.724288      -3.746852     -50.000000
7648         -43.748836      -6.246852     -50.000000
7649         -21.590657     -43.347739     -50.000000
7650         -18.750000     -43.504809     -50.000000
7651         -16.250263     -43.505065     -50.000000
7652         -13.750263     -43.505065     -50.000000
7653         -17.500263     -41.340002     -50.000000
7654          43.507729     -21.691817     -50.000000
7655          43.750358     -18.745289     -50.000000
7656          43.183827     -16.370009     -50.000000
7657          43.146437     -13.897253     -50.000000
7658          41.264311     -17.615298     -50.000000
7659          20.000000      43.301270     -50.000000
7660          20.000000      40.776895     -50.000000
7661          17.500000      43.145498     -50.000000
7662          22.500000      43.371822     -50.000000
7663          15.000000      43.301270     -50.000000
7664          12.500000      43.693575     -50.000000
7665          15.000000      40.776895     -50.000000
7666         -42.519786      21.163458     -50.000000
7667         -42.810813      18.386840     -50.000000
7668         -43.751564      16.166379     -50.000000
7669         -43.780036      13.692134     -50.000000
7670         -40.949448      17.104729     -50.000000
7671          13.750000     -43.504809     -50.000000
7672          16.250000     -43.504809     -50.000000
7673          17.500000     -41.339746     -50.000000
7674          18.750000     -43.504809     -50.000000
7675          21.250000     -43.504809     -50.000000
7676          43.504809      13.750000     -50.000000
7677          43.504809      16.250000     -50.000000
7678          41.355897      17.500000     -50.000000
7679          43.520960      18.750000     -50.000000
7680          43.523652      21.250000     -50.000000
7681         -13.696142      43.627707     -50.000000
7682         -16.099250      43.560120     -50.000000
7683         -16.799318      40.918020     -50.000000
7684         -17.980096      42.893400     -50.000000
7685         -20.391854      42.850666     -50.000000
7686         -43.516589     -13.750000     -50.000000
7687         -43.516589     -16.250000     -50.000000
7688         -41.353489     -17.500000     -50.000000
7689         -43.506773     -18.750000     -50.000000
7690         -43.509674     -21.249368     -50.000000
7691         -33.905871      43.607878     -50.000000
7692         -36.305762      43.538321     -50.000000
7693         -31.891843      43.727375     -50.000000
7694         -33.097496      41.526267     -50.000000
7695         -29.267428      43.362450     -50.000000
7696         -43.477934     -31.279115     -50.000000
7697         -41.319513     -32.575216     -50.000000
7698         -43.511451     -33.796101     -50.000000
7699         -43.476302     -28.782732     -50.000000
7700         -43.523597     -36.286265     -50.000000
7701          31.250000     -43.504809     -50.000000
7702          28.750000     -43.504809     -50.000000
7703          32.494181     -41.343106     -50.000000
7704          33.744181     -43.508169     -50.000000
7705          36.225380     -43.519024     -50.000000
7706          43.924033      32.822014     -50.000000
7707          43.545985      35.332305     -50.000000
7708          43.865764      28.485484     -50.000000
7709          43.883697      30.885720     -50.000000
7710          41.995948      31.511206     -50.000000
7711         -34.809291     -44.002897     -50.000000
7712         -34.885294     -41.354120     -50.000000
7713         -32.622013     -42.908508     -50.000000
7714         -37.213679     -44.559746     -50.000000
7715         -30.329507     -41.531356     -50.000000
7716         -30.253505     -44.180133     -50.000000
7717         -27.849332     -44.773090     -50.000000
7718          42.840096     -32.613001     -50.000000
7719          44.027175     -34.787563     -50.000000
7720          41.312921     -34.835057     -50.000000
7721          41.299638     -30.424555     -50.000000
7722          44.013892     -30.377062     -50.000000
7723          44.575318     -37.254809     -50.000000
7724          44.557957     -28.009026     -50.000000
7725          30.000000      43.301270     -50.000000
7726          27.500000      43.459250     -50.000000
7727          32.498180      43.156068     -50.000000
7728          29.998180      40.787466     -50.000000
7729          34.964985      43.501677     -50.000000
7730          34.963166      40.987873     -50.000000
7731          37.433640      43.948353     -50.000000
7732         -44.028642      34.777814     -50.000000
7733         -41.425833      34.872633     -50.000000
7734         -42.954476      32.640829     -50.000000
7735         -44.580500      37.226468     -50.000000
7736         -41.524700      30.318098     -50.000000
7737         -44.127509      30.223279     -50.000000
7738         -44.717460      27.700274     -50.000000
7739          -8.750000     -43.504809     -50.000000
7740          -7.500000     -41.339746     -50.000000
7741          -6.250000     -43.504809     -50.000000
7742         -11.250000     -43.504809     -50.000000
7743          -3.750000     -43.504809     -50.000000
7744          43.828921      -4.761540     -50.000000
7745          42.616177      -6.898429     -50.000000
7746          41.212744      -4.561840     -50.000000
7747          43.506885      -8.804265     -50.000000
7748          40.890708      -8.604566     -50.000000
7749          43.688255     -11.532446     -50.000000
7750          10.000000      43.301270     -50.000000
7751          10.075915      40.535169     -50.000000
7752           7.575915      42.903772     -50.000000
7753           5.379575      43.300782     -50.000000
7754           2.684298      43.223863     -50.000000
7755           5.455490      40.534681     -50.000000
7756         -43.103878       8.935981     -50.000000
7757         -43.171724      11.384166     -50.000000
7758         -41.234707       7.619793     -50.000000
7759         -43.665009       6.287441     -50.000000
7760         -43.765347       3.744262     -50.000000
7761          41.137198     -43.569936     -50.000000
7762          42.681369     -41.606979     -50.000000
7763          43.850796     -43.818562     -50.000000
7764          38.715085     -43.524968     -50.000000
7765         -38.733885      43.514113     -50.000000
7766         -41.137198      43.569936     -50.000000
7767         -42.681369      41.606979     -50.000000
7768         -43.850796      43.818562     -50.000000
7769         -43.571043     -41.144881     -50.000000
7770         -41.612741     -42.686473     -50.000000
7771         -43.823217     -43.848216     -50.000000
7772         -43.527366     -38.731733     -50.000000
7773          43.554492      38.944154     -50.000000
7774          43.906239      41.589671     -50.000000
7775          43.904904      43.986497     -50.000000
7776          42.051963      43.068025     -50.000000
7777          11.250000     -43.504809     -50.000000
7778          12.500000     -41.339746     -50.000000
7779           8.750000     -43.504809     -50.000000
7780          16.250000     -39.174682     -50.000000
7781          18.750000     -39.174682     -50.000000
7782          13.750000     -39.174682     -50.000000
7783          15.000000     -37.009619     -50.000000
7784          11.250000     -39.174682     -50.000000
7785          20.000000     -37.009619     -50.000000
7786          21.250000     -39.174682     -50.000000
7787          23.750000     -39.174682     -50.000000
7788          22.500000     -41.339746     -50.000000
7789          23.750000     -43.504809     -50.000000
7790          18.750000     -34.844555     -50.000000
7791          21.250000     -34.844555     -50.000000
7792          16.250000     -34.844555     -50.000000
7793          17.500000     -32.679492     -50.000000
7794          13.750000     -34.844555     -50.000000
7795          22.500000     -32.679492     -50.000000
7796          23.750000     -34.844555     -50.000000
7797          26.250000     -34.844555     -50.000000
7798          25.000000     -37.009619     -50.000000
7799          26.250000     -39.174682     -50.000000
7800          16.250000     -30.514428     -50.000000
7801          18.750000     -30.514428     -50.000000
7802          20.000000     -28.349365     -50.000000
7803          21.250000     -30.514428     -50.000000
7804          23.750000     -30.514428     -50.000000
7805          13.750000     -30.514428     -50.000000
7806          15.000000     -28.349365     -50.000000
7807          12.500000     -32.679492     -50.000000
7808          11.250000     -30.514428     -50.000000
7809          11.250000     -34.844555     -50.000000
7810          13.750000     -26.184301     -50.000000
7811          16.250000     -26.184301     -50.000000
7812          17.500000     -24.019238     -50.000000
7813          18.750000     -26.184301     -50.000000
7814          21.250000     -26.184301     -50.000000
7815          11.250000     -26.184301     -50.000000
7816          12.500000     -24.019238     -50.000000
7817          10.000000     -28.349365     -50.000000
7818           8.750000     -26.184301     -50.000000
7819           8.750000     -30.514428     -50.000000
7820          11.250000     -21.854174     -50.000000
7821          13.750000     -21.854174     -50.000000
7822          14.999994     -19.689114     -50.000000
7823          16.249994     -21.854178     -50.000000
7824          18.749994     -21.854178     -50.000000
7825           8.750000     -21.854174     -50.000000
7826          10.000000     -19.689111     -50.000000
7827           7.500000     -24.019238     -50.000000
7828           6.250000     -21.854174     -50.000000
7829           6.250000     -26.184301     -50.000000
7830           8.750000     -17.524047     -50.000000
7831          11.250000     -17.524047     -50.000000
7832          12.500000     -15.358984     -50.000000
7833          13.750000     -17.524047     -50.000000
7834          16.249994     -17.524051     -50.000000
7835           6.250000     -17.524047     -50.000000
7836           7.500000     -15.358984     -50.000000
7837           5.000000     -19.689111     -50.000000
7838           3.750000     -17.524047     -50.000000
7839           3.750000     -21.854174     -50.000000
7840           6.250000     -13.193920     -50.000000
7841           8.750000     -13.193920     -50.000000
7842          10.000000     -11.028857     -50.000000
7843          11.250000     -13.193920     -50.000000
7844          13.750000     -13.193920     -50.000000
7845           3.750000     -13.193920     -50.000000
7846           5.000000     -11.028857     -50.000000
7847           2.500000     -15.358984     -50.000000
7848           1.250000     -13.193920     -50.000000
7849           1.250000     -17.524047     -50.000000
7850           3.750000      -8.863793     -50.000000
7851           6.250000      -8.863793     -50.000000
7852           7.500000      -6.698730     -50.000000
7853           8.750000      -8.863793     -50.000000
7854          11.250000      -8.863793     -50.000000
7855           1.250000      -8.863793     -50.000000
7856           2.500000      -6.698730     -50.000000
7857          -0.000000     -11.028857     -50.000000
7858          -1.250000      -8.863793     -50.000000
7859          -1.250000     -13.193920     -50.000000
7860           1.250000      -4.533666     -50.000000
7861           3.750000      -4.533666     -50.000000
7862           5.000000      -2.368603     -50.000000
7863           6.250000      -4.533666     -50.000000
7864           8.750000      -4.533666     -50.000000
7865          -1.250000      -4.533666     -50.000000
7866          -0.000000      -2.368603     -50.000000
7867          -2.500000      -6.698730     -50.000000
7868          -3.750000      -4.533666     -50.000000
7869          -3.750000      -8.863793     -50.000000
7870          -1.250000      -0.203539     -50.000000
7871           1.250000      -0.203539     -50.000000
7872           2.500000       1.961524     -50.000000
7873           3.750000      -0.203539     -50.000000
7874           6.250000      -0.203539     -50.000000
7875          -3.750000      -0.203539     -50.000000
7876          -2.500000       1.961524     -50.000000
7877          -5.000000      -2.368603     -50.000000
7878          -6.250000      -0.203539     -50.000000
7879          -6.250000      -4.533666     -50.000000
7880          -2.500000     -15.358984     -50.000000
7881          -3.750000     -13.193920     -50.000000
7882          -6.249999     -13.193921     -50.000000
7883          -4.999999     -11.028857     -50.000000
7884          -6.249999      -8.863794     -50.000000
7885           1.250000       4.126588     -50.000000
7886           3.750000       4.126588     -50.000000
7887          -3.750000       4.126588     -50.000000
7888          -1.250000       4.126588     -50.000000
7889          -0.000000       6.291651     -50.000000
7890           5.000000       6.291651     -50.000000
7891           6.250000       4.126588     -50.000000
7892           8.750000       4.126588     -50.000000
7893           7.500000       1.961524     -50.000000
7894           8.750000      -0.203539     -50.000000
7895          -8.750000      -0.203539     -50.000000
7896          -7.500000       1.961524     -50.000000
7897          -8.750000       4.126588     -50.000000
7898          -6.250000       4.126588     -50.000000
7899          -5.000000       6.291651     -50.000000
7900           3.750000       8.456715     -50.000000
7901           6.250000       8.456715     -50.000000
7902           1.250000       8.456715     -50.000000
7903           2.500000      10.621778     -50.000000
7904          -1.250000       8.456715     -50.000000
7905           7.500000      10.621778     -50.000000
7906           8.750000       8.456715     -50.000000
7907          11.250000       8.456715     -50.000000
7908          10.000000       6.291651     -50.000000
7909          11.250000       4.126588     -50.000000
7910          15.000000     -11.028857     -50.000000
7911          16.250000     -13.193920     -50.000000
7912          13.750000      -8.863793     -50.000000
7913          16.250000      -8.863793     -50.000000
7914          12.500000      -6.698730     -50.000000
7915           6.250000      12.786842     -50.000000
7916           8.750000      12.786842     -50.000000
7917           3.750000      12.786842     -50.000000
7918           5.000000      14.951905     -50.000000
7919           1.250000      12.786842     -50.000000
7920          10.000000      14.951905     -50.000000
7921          11.250000      12.786842     -50.000000
7922          13.750000      12.786842     -50.000000
7923          12.500000      10.621778     -50.000000
7924          13.750000       8.456715     -50.000000
7925           3.750000      17.116969     -50.000000
7926           6.250000      17.116969     -50.000000
7927           8.750001      17.116968     -50.000000
7928          11.250001      17.116968     -50.000000
7929           7.500001      19.282032     -50.000000
7930           1.250000      17.116969     -50.000000
7931           2.500000      19.282032     -50.000000
7932          -0.000000      14.951905     -50.000000
7933          -1.250000      17.116969     -50.000000
7934          -1.250000      12.786842     -50.000000
7935          15.000000      14.951905     -50.000000
7936          16.250000      12.786842     -50.000000
7937          13.750001      17.116968     -50.000000
7938          16.250001      17.116968     -50.000000
7939          12.500003      19.282031     -50.000000
7940          18.750000      12.786842     -50.000000
7941          17.500000      10.621778     -50.000000
7942          18.750000       8.456715     -50.000000
7943          16.250000       8.456715     -50.000000
7944          15.000000       6.291651     -50.000000
7945          20.000000      14.951905     -50.000000
7946          21.250000      12.786842     -50.000000
7947          18.750000      17.116969     -50.000000
7948          21.250000      17.116969     -50.000000
7949          17.500001      19.282031     -50.000000
7950           2.500000     -24.019238     -50.000000
7951           1.250000     -21.854174     -50.000000
7952           3.750000     -26.184301     -50.000000
7953           1.250000     -26.184301     -50.000000
7954           5.000000     -28.349365     -50.000000
7955          23.750000      12.786842     -50.000000
7956          22.500000      10.621778     -50.000000
7957          23.750000       8.456715     -50.000000
7958          21.250000       8.456715     -50.000000
7959          20.000000       6.291651     -50.000000
7960          22.499792     -24.019358     -50.000000
7961          23.749792     -26.184421     -50.000000
7962          21.249965     -21.854194     -50.000000
7963          23.749758     -21.854314     -50.000000
7964          19.999960     -19.689134     -50.000000
7965           1.250000      21.447096     -50.000000
7966           3.750000      21.447096     -50.000000
7967           5.000001      23.612158     -50.000000
7968           6.250001      21.447095     -50.000000
7969           8.750003      21.447094     -50.000000
7970          -1.250000      21.447096     -50.000000
7971          -0.000000      23.612159     -50.000000
7972          -2.500000      19.282032     -50.000000
7973          -3.750000      21.447096     -50.000000
7974          -3.750000      17.116969     -50.000000
7975          22.504169      19.279625     -50.000000
7976          23.754169      17.114562     -50.000000
7977          26.254169      17.114562     -50.000000
7978          25.000000      14.951905     -50.000000
7979          26.250000      12.786842     -50.000000
7980          21.250695      21.446695     -50.000000
7981          23.754864      21.444288     -50.000000
7982          18.750170      21.446997     -50.000000
7983          20.000865      23.611660     -50.000000
7984          16.250172      21.446997     -50.000000
7985          25.005675      23.608883     -50.000000
7986          26.259149      21.441814     -50.000000
7987          28.677104      21.500711     -50.000000
7988          27.426293      19.336116     -50.000000
7989          28.672124      17.173460     -50.000000
7990          -1.250000      25.777223     -50.000000
7991           1.250000      25.777223     -50.000000
7992           2.500000      27.942286     -50.000000
7993           3.750000      25.777223     -50.000000
7994           6.250001      25.777222     -50.000000
7995          -6.250000      21.447096     -50.000000
7996          -5.000000      23.612159     -50.000000
7997          -6.250000      25.777223     -50.000000
7998          -3.750000      25.777223     -50.000000
7999          -2.500000      27.942286     -50.000000
8000          -7.500000      19.282032     -50.000000
8001          -8.750000      21.447096     -50.000000
8002          -6.250000      17.116969     -50.000000
8003          -8.750000      17.116969     -50.000000
8004          -5.000000      14.951905     -50.000000
8005         -11.250000      21.447096     -50.000000
8006         -10.000000      23.612159     -50.000000
8007         -11.250000      25.777223     -50.000000
8008          -8.750000      25.777223     -50.000000
8009          -7.500000      27.942286     -50.000000
8010         -12.500000      19.282032     -50.000000
8011         -13.750000      21.447096     -50.000000
8012         -11.250000      17.116969     -50.000000
8013         -13.750000      17.116969     -50.000000
8014         -10.000000      14.951905     -50.000000
8015         -16.250000      21.447096     -50.000000
8016         -15.000000      23.612159     -50.000000
8017         -16.252997      25.775273     -50.000000
8018         -13.752997      25.775273     -50.000000
8019         -12.502997      27.940336     -50.000000
8020         -17.500000      19.282032     -50.000000
8021         -18.750000      21.447096     -50.000000
8022         -16.250000      17.116969     -50.000000
8023         -18.750000      17.116969     -50.000000
8024         -15.000000      14.951905     -50.000000
8025         -21.250000      21.447096     -50.000000
8026         -20.000000      23.612159     -50.000000
8027         -21.252190      25.775333     -50.000000
8028         -18.752190      25.775333     -50.000000
8029         -17.505187      27.938446     -50.000000
8030         -22.500000      19.282032     -50.000000
8031         -23.750000      21.447096     -50.000000
8032         -21.250000      17.116969     -50.000000
8033         -23.750000      17.116969     -50.000000
8034         -20.000000      14.951905     -50.000000
8035         -26.250000      21.447096     -50.000000
8036         -25.000000      23.612159     -50.000000
8037         -26.250000      25.777223     -50.000000
8038         -23.750000      25.777223     -50.000000
8039         -22.502190      27.940396     -50.000000
8040          23.751641      25.776276     -50.000000
8041          26.255926      25.773802     -50.000000
8042          21.250968      25.776664     -50.000000
8043          22.501219      27.941582     -50.000000
8044          18.750444      25.776967     -50.000000
8045          26.250000       8.456715     -50.000000
8046          25.000000       6.291651     -50.000000
8047          27.425212      10.573971     -50.000000
8048          28.675212       8.408908     -50.000000
8049          28.675212      12.739035     -50.000000
8050         -25.000000      14.951905     -50.000000
8051         -26.250000      17.116969     -50.000000
8052         -27.491153      19.276924     -50.000000
8053         -28.741153      21.441988     -50.000000
8054         -28.741153      17.111861     -50.000000
8055         -23.750000      12.786842     -50.000000
8056         -26.250000      12.786842     -50.000000
8057         -21.250000      12.786842     -50.000000
8058         -22.500000      10.621778     -50.000000
8059         -18.750000      12.786842     -50.000000
8060         -10.000000      -2.368603     -50.000000
8061         -11.250000      -0.203539     -50.000000
8062          -8.750000      -4.533666     -50.000000
8063         -11.250000      -4.533666     -50.000000
8064          -7.500000      -6.698730     -50.000000
8065          26.250000       4.126588     -50.000000
8066          23.750000       4.126588     -50.000000
8067          22.500000       1.961524     -50.000000
8068          21.250000       4.126588     -50.000000
8069          18.750000       4.126588     -50.000000
8070          27.500000     -32.679492     -50.000000
8071          28.750000     -34.844555     -50.000000
8072          26.250000     -30.514428     -50.000000
8073          28.750000     -30.514428     -50.000000
8074          25.000000     -28.349365     -50.000000
8075          27.501933      27.941170     -50.000000
8076          28.755967      25.773778     -50.000000
8077          31.222569      25.766100     -50.000000
8078          29.976561      23.598732     -50.000000
8079          31.143706      21.493034     -50.000000
8080         -28.654584      25.722134     -50.000000
8081         -27.404584      27.887198     -50.000000
8082         -29.946916      23.581511     -50.000000
8083         -31.101500      25.691486     -50.000000
8084         -31.188069      21.411340     -50.000000
8085         -28.638681      30.043080     -50.000000
8086         -26.234097      30.098168     -50.000000
8087         -24.981447      32.261702     -50.000000
8088         -23.747350      30.105820     -50.000000
8089         -21.249539      30.103929     -50.000000
8090          -8.750000      30.095591     -50.000000
8091          -6.250000      30.095591     -50.000000
8092         -11.253131      30.091671     -50.000000
8093         -10.003131      32.244976     -50.000000
8094         -13.756128      30.089721     -50.000000
8095          21.250478      30.104733     -50.000000
8096          23.751150      30.104345     -50.000000
8097          26.250946      30.106804     -50.000000
8098          28.750988      30.106780     -50.000000
8099          25.000204      32.269955     -50.000000
8100          17.500319      27.942102     -50.000000
8101          16.250077      30.105454     -50.000000
8102          18.750305      30.105322     -50.000000
8103          16.250216      25.777098     -50.000000
8104          20.000236      32.268085     -50.000000
8105         -27.500000      10.621778     -50.000000
8106         -28.750000      12.786842     -50.000000
8107         -31.226872      12.767223     -50.000000
8108         -29.976872      14.932287     -50.000000
8109         -31.218025      17.092242     -50.000000
8110         -26.250000       8.456715     -50.000000
8111         -28.750000       8.456715     -50.000000
8112         -23.750000       8.456715     -50.000000
8113         -25.000000       6.291651     -50.000000
8114         -21.250000       8.456715     -50.000000
8115          28.750000       4.126588     -50.000000
8116          27.500000       1.961524     -50.000000
8117          31.175212       8.408908     -50.000000
8118          30.000000       6.291651     -50.000000
8119          31.250000       4.126588     -50.000000
8120          28.750000      -0.203539     -50.000000
8121          26.250000      -0.203539     -50.000000
8122          25.000000      -2.368603     -50.000000
8123          23.750000      -0.203539     -50.000000
8124          21.250000      -0.203539     -50.000000
8125           1.250000      30.107350     -50.000000
8126           3.750000      30.107350     -50.000000
8127          -1.250000      30.107350     -50.000000
8128          -0.000000      32.272413     -50.000000
8129          -3.750000      30.107350     -50.000000
8130         -13.750000      -0.203539     -50.000000
8131         -12.500000       1.961524     -50.000000
8132         -11.250000       4.126588     -50.000000
8133         -10.000000       6.291651     -50.000000
8134         -13.750000       4.126588     -50.000000
8135         -15.000000      -2.368603     -50.000000
8136         -16.250000      -0.203539     -50.000000
8137         -13.749998      -4.533668     -50.000000
8138         -16.249998      -4.533668     -50.000000
8139         -12.499998      -6.698731     -50.000000
8140          31.264958      12.763082     -50.000000
8141          30.089746      14.975953     -50.000000
8142          33.303511      12.529767     -50.000000
8143          31.888977      10.292850     -50.000000
8144          33.213765       8.175593     -50.000000
8145          31.250000      -0.203539     -50.000000
8146          30.000000      -2.368603     -50.000000
8147          32.500000       1.961524     -50.000000
8148          33.750000      -0.203539     -50.000000
8149          33.750000       4.126588     -50.000000
8150          31.250000      -4.533666     -50.000000
8151          28.750000      -4.533666     -50.000000
8152          27.500000      -6.698730     -50.000000
8153          26.250000      -4.533666     -50.000000
8154          23.750000      -4.533666     -50.000000
8155          30.000165      32.272318     -50.000000
8156          31.251152      30.106685     -50.000000
8157          32.383054      27.784378     -50.000000
8158          33.603647      25.609332     -50.000000
8159          33.632231      29.949917     -50.000000
8160         -30.824166      30.169903     -50.000000
8161         -29.653679      32.380874     -50.000000
8162         -33.164470      25.518585     -50.000000
8163         -31.872137      27.659207     -50.000000
8164         -32.887135      29.997002     -50.000000
8165         -30.000000       6.291651     -50.000000
8166         -31.250000       8.456715     -50.000000
8167         -33.750000       8.456715     -50.000000
8168         -32.500000      10.621778     -50.000000
8169         -33.726872      12.767223     -50.000000
8170         -28.750000       4.126588     -50.000000
8171         -31.250000       4.126588     -50.000000
8172         -26.250000       4.126588     -50.000000
8173         -27.500000       1.961524     -50.000000
8174         -23.750000       4.126588     -50.000000
8175           5.000000      32.272413     -50.000000
8176           6.250000      30.107350     -50.000000
8177           8.750000      30.107350     -50.000000
8178           7.500000      27.942286     -50.000000
8179           8.750001      25.777222     -50.000000
8180          17.500000       1.961524     -50.000000
8181          16.250000       4.126588     -50.000000
8182          18.750000      -0.203539     -50.000000
8183          16.250000      -0.203539     -50.000000
8184          20.000000      -2.368603     -50.000000
8185           7.500000     -32.679492     -50.000000
8186           8.750000     -34.844555     -50.000000
8187           6.250000     -34.844555     -50.000000
8188           6.250000     -30.514428     -50.000000
8189          10.000000     -37.009619     -50.000000
8190          28.750027      34.425702     -50.000000
8191          31.250192      34.425607     -50.000000
8192          26.250005      34.435514     -50.000000
8193          27.500032      36.588803     -50.000000
8194          23.750209      34.433056     -50.000000
8195         -26.231005      34.426510     -50.000000
8196         -23.744257      34.434161     -50.000000
8197         -30.644898      34.756340     -50.000000
8198         -28.459413      34.629517     -50.000000
8199         -27.222224      36.801977     -50.000000
8200         -22.594298      36.543422     -50.000000
8201         -21.344739      34.378613     -50.000000
8202         -18.863180      34.370333     -50.000000
8203         -20.013139      32.261073     -50.000000
8204         -18.767980      30.095649     -50.000000
8205           3.750000      34.425718     -50.000000
8206           6.250000      34.425718     -50.000000
8207          -1.151653      34.378736     -50.000000
8208           1.348347      34.378736     -50.000000
8209           2.598347      36.532041     -50.000000
8210          10.000000      32.272413     -50.000000
8211          11.250000      30.107350     -50.000000
8212           8.750000      34.423758     -50.000000
8213          11.250000      34.423758     -50.000000
8214           7.500000      36.577063     -50.000000
8215         -32.343127       2.003517     -50.000000
8216         -33.593127       4.168580     -50.000000
8217         -34.839170       6.246334     -50.000000
8218         -36.089170       8.411397     -50.000000
8219         -35.932297       4.123262     -50.000000
8220         -26.250000      -0.203539     -50.000000
8221         -28.750000      -0.203539     -50.000000
8222         -29.981034      -2.379553     -50.000000
8223         -31.231034      -0.214489     -50.000000
8224         -33.574162      -0.172497     -50.000000
8225          33.177355      21.735191     -50.000000
8226          31.877897      19.637171     -50.000000
8227          35.957779      25.317952     -50.000000
8228          34.797294      23.299674     -50.000000
8229          35.531486      21.443811     -50.000000
8230         -32.368272      19.200608     -50.000000
8231         -33.574035      21.340132     -50.000000
8232         -35.600938      21.125957     -50.000000
8233         -34.420735      23.336688     -50.000000
8234         -35.191372      25.304409     -50.000000
8235          33.740154      -4.527982     -50.000000
8236          32.490154      -6.693045     -50.000000
8237          36.250000      -0.203539     -50.000000
8238          35.000000      -2.368603     -50.000000
8239          36.240154      -4.527982     -50.000000
8240          28.750000      -8.863793     -50.000000
8241          26.250000      -8.863793     -50.000000
8242          31.250000      -8.863793     -50.000000
8243          30.000000     -11.028857     -50.000000
8244          33.740154      -8.858109     -50.000000
8245          32.500059      36.577029     -50.000000
8246          33.750197      34.423645     -50.000000
8247          36.404234      34.289566     -50.000000
8248          35.154367      32.138145     -50.000000
8249          36.286268      29.815838     -50.000000
8250         -32.723729      34.958707     -50.000000
8251         -31.529463      37.207350     -50.000000
8252         -34.973244      30.145889     -50.000000
8253         -33.925273      32.656585     -50.000000
8254         -34.809838      35.107594     -50.000000
8255         -23.749912      -0.203590     -50.000000
8256         -24.999912      -2.368653     -50.000000
8257         -22.500000       1.961524     -50.000000
8258         -21.249912      -0.203590     -50.000000
8259         -21.250000       4.126588     -50.000000
8260         -28.746839      -4.535491     -50.000000
8261         -31.227874      -4.546441     -50.000000
8262         -26.249473      -4.533970     -50.000000
8263         -27.496312      -6.700859     -50.000000
8264         -23.749385      -4.534021     -50.000000
8265         -32.319609      -6.910290     -50.000000
8266         -33.553805      -4.754351     -50.000000
8267         -34.867241      -2.445251     -50.000000
8268         -35.979334      -0.227246     -50.000000
8269         -35.958977      -4.809100     -50.000000
8270         -26.248859      -8.864452     -50.000000
8271         -28.746224      -8.865973     -50.000000
8272         -29.940360     -11.072942     -50.000000
8273         -31.187814      -8.909349     -50.000000
8274         -33.513745      -9.117259     -50.000000
8275         -23.749424      -8.864126     -50.000000
8276         -24.999336     -11.029240     -50.000000
8277         -22.499360      -6.699099     -50.000000
8278         -21.249837      -8.863887     -50.000000
8279         -21.249799      -4.533782     -50.000000
8280         -23.749840     -13.194013     -50.000000
8281         -26.249275     -13.194339     -50.000000
8282         -27.403956     -15.329159     -50.000000
8283         -28.653452     -13.164387     -50.000000
8284         -31.095042     -13.207762     -50.000000
8285         -21.249924     -13.193964     -50.000000
8286         -22.499863     -15.359063     -50.000000
8287         -19.999938     -11.028893     -50.000000
8288         -18.749961     -13.193943     -50.000000
8289         -18.749874      -8.863866     -50.000000
8290         -21.249950     -17.524076     -50.000000
8291         -23.749866     -17.524124     -50.000000
8292         -24.964773     -19.697451     -50.000000
8293         -26.214686     -17.532438     -50.000000
8294         -28.618863     -17.502486     -50.000000
8295         -18.749971     -17.524064     -50.000000
8296         -19.999975     -19.689125     -50.000000
8297         -17.499966     -15.359003     -50.000000
8298         -16.249991     -17.524053     -50.000000
8299         -16.249980     -13.193932     -50.000000
8300         -18.749994     -21.854178     -50.000000
8301         -21.249973     -21.854190     -50.000000
8302         -22.499991     -24.019243     -50.000000
8303         -23.749973     -21.854190     -50.000000
8304         -26.214792     -21.862504     -50.000000
8305         -16.249997     -21.854176     -50.000000
8306         -17.499995     -24.019241     -50.000000
8307         -14.999997     -19.689112     -50.000000
8308         -13.749998     -21.854175     -50.000000
8309         -13.749992     -17.524052     -50.000000
8310         -21.249994     -26.184305     -50.000000
8311         -23.749994     -26.184305     -50.000000
8312         -16.251932     -26.186185     -50.000000
8313         -18.751928     -26.186187     -50.000000
8314         -20.001931     -28.351249     -50.000000
8315         -24.983573     -28.358849     -50.000000
8316         -26.233570     -26.193787     -50.000000
8317         -28.618423     -26.273556     -50.000000
8318         -27.384844     -24.099012     -50.000000
8319         -28.599645     -21.942273     -50.000000
8320         -11.249999     -21.854175     -50.000000
8321         -12.499999     -24.019239     -50.000000
8322         -11.250306     -26.184600     -50.000000
8323         -13.750305     -26.184600     -50.000000
8324         -15.002239     -28.351546     -50.000000
8325         -23.806742     -30.569665     -50.000000
8326         -26.290318     -30.579148     -50.000000
8327         -21.259456     -30.523635     -50.000000
8328         -22.566201     -32.743934     -50.000000
8329         -18.761390     -30.525518     -50.000000
8330         -29.664265     -28.315145     -50.000000
8331         -30.815540     -26.220370     -50.000000
8332         -27.529029     -32.630183     -50.000000
8333         -28.705859     -30.419367     -50.000000
8334         -30.902976     -30.366181     -50.000000
8335         -31.260360     -22.002540     -50.000000
8336         -30.090308     -19.766032     -50.000000
8337         -31.808921     -24.511257     -50.000000
8338         -33.299583     -22.335016     -50.000000
8339         -32.854763     -26.552846     -50.000000
8340         -26.628551     -35.191970     -50.000000
8341         -29.044091     -35.032190     -50.000000
8342         -21.259457     -34.853762     -50.000000
8343         -23.806744     -34.899791     -50.000000
8344         -25.321807     -37.301798     -50.000000
8345         -30.613968     -36.647581     -50.000000
8346         -31.514446     -34.085795     -50.000000
8347         -31.840915     -31.964476     -50.000000
8348         -32.799322     -29.860253     -50.000000
8349         -33.410792     -33.579867     -50.000000
8350         -18.761033     -34.855296     -50.000000
8351         -20.001576     -37.011153     -50.000000
8352         -17.511296     -32.690488     -50.000000
8353         -16.253415     -34.847880     -50.000000
8354         -16.253771     -30.518102     -50.000000
8355         -31.888220     -15.105614     -50.000000
8356         -33.175127     -13.014169     -50.000000
8357         -34.750134     -11.492449     -50.000000
8358         -35.881929      -9.493390     -50.000000
8359         -35.543312     -13.390301     -50.000000
8360          -9.999999     -19.689111     -50.000000
8361          -8.750000     -21.854175     -50.000000
8362         -11.249999     -17.524048     -50.000000
8363          -8.750000     -17.524047     -50.000000
8364         -12.499993     -15.358988     -50.000000
8365          -6.250000     -21.854174     -50.000000
8366          -7.500000     -24.019238     -50.000000
8367          -6.250000     -26.184301     -50.000000
8368          -8.750000     -26.184302     -50.000000
8369         -10.000306     -28.349663     -50.000000
8370         -18.750000       8.456715     -50.000000
8371         -20.000000       6.291651     -50.000000
8372         -17.500000      10.621778     -50.000000
8373         -16.250000       8.456715     -50.000000
8374         -16.250000      12.786842     -50.000000
8375          25.000000     -11.028857     -50.000000
8376          23.750000      -8.863793     -50.000000
8377          22.500000      -6.698730     -50.000000
8378          21.250000      -8.863793     -50.000000
8379          21.250000      -4.533666     -50.000000
8380          31.250000     -13.193920     -50.000000
8381          28.750000     -13.193920     -50.000000
8382          27.500000     -15.358984     -50.000000
8383          26.250000     -13.193920     -50.000000
8384          23.750000     -13.193920     -50.000000
8385          33.750000     -13.193920     -50.000000
8386          32.500000     -15.358984     -50.000000
8387          34.940924     -10.994749     -50.000000
8388          36.190924     -13.159813     -50.000000
8389          36.181078      -8.824001     -50.000000
8390          33.750000     -17.524047     -50.000000
8391          31.250000     -17.524047     -50.000000
8392          29.999752     -19.689254     -50.000000
8393          28.749752     -17.524191     -50.000000
8394          26.249752     -17.524191     -50.000000
8395          -8.750000       8.456715     -50.000000
8396          -7.500000      10.621778     -50.000000
8397          -6.250000       8.456715     -50.000000
8398         -11.250000       8.456715     -50.000000
8399          -3.750000       8.456715     -50.000000
8400         -24.126001      38.783483     -50.000000
8401         -21.726483      38.727935     -50.000000
8402         -26.246908      38.765819     -50.000000
8403         -25.379093      40.950332     -50.000000
8404         -28.475316      38.968825     -50.000000
8405         -38.925957       8.234674     -50.000000
8406         -37.836788      10.445056     -50.000000
8407         -39.079749      12.573832     -50.000000
8408         -36.242961      12.750554     -50.000000
8409         -34.969834      14.895999     -50.000000
8410          37.460896       1.939659     -50.000000
8411          38.710896      -0.225405     -50.000000
8412          36.177978       4.442462     -50.000000
8413          38.638874       4.420596     -50.000000
8414          34.927978       6.607525     -50.000000
8415          36.205127     -17.549955     -50.000000
8416          34.955127     -19.715018     -50.000000
8417          37.848890     -15.299500     -50.000000
8418          39.054017     -17.490471     -50.000000
8419          39.039814     -13.100330     -50.000000
8420          36.197648     -21.884400     -50.000000
8421          33.742521     -21.858492     -50.000000
8422          32.491275     -24.024275     -50.000000
8423          31.248754     -21.854894     -50.000000
8424          28.748505     -21.855037     -50.000000
8425          31.250000     -34.844555     -50.000000
8426          30.000000     -37.009619     -50.000000
8427          31.250000     -39.174682     -50.000000
8428          28.750000     -39.174682     -50.000000
8429          27.500000     -41.339746     -50.000000
8430          32.500000     -32.679492     -50.000000
8431          33.750000     -34.844555     -50.000000
8432          31.250000     -30.514428     -50.000000
8433          33.750000     -30.514428     -50.000000
8434          30.000000     -28.349365     -50.000000
8435          -7.500000     -15.358984     -50.000000
8436          -6.250000     -17.524047     -50.000000
8437          -5.000000     -19.689111     -50.000000
8438          -3.750000     -21.854174     -50.000000
8439          -3.750000     -17.524047     -50.000000
8440          -8.749999     -13.193921     -50.000000
8441         -13.749989     -13.193927     -50.000000
8442         -11.249996     -13.193923     -50.000000
8443          -9.999996     -11.028859     -50.000000
8444          -3.750000     -26.184301     -50.000000
8445          -5.000000     -28.349365     -50.000000
8446          -2.500000     -24.019238     -50.000000
8447          -1.250000     -26.184301     -50.000000
8448          -1.250000     -21.854174     -50.000000
8449          -3.750000     -30.514428     -50.000000
8450          -6.250000     -30.514428     -50.000000
8451          -7.500000     -32.679492     -50.000000
8452          -8.750000     -30.514428     -50.000000
8453         -11.250306     -30.514727     -50.000000
8454          -1.250000     -30.514428     -50.000000
8455          -2.500000     -32.679492     -50.000000
8456           0.000000     -28.349365     -50.000000
8457           1.250000     -30.514428     -50.000000
8458          -1.250000     -34.844555     -50.000000
8459          -3.750000     -34.844555     -50.000000
8460          -6.250000     -34.844555     -50.000000
8461          -8.750000     -34.844555     -50.000000
8462          -5.000000     -37.009619     -50.000000
8463           1.250000     -34.844555     -50.000000
8464           0.000000     -37.009619     -50.000000
8465           2.500000     -32.679492     -50.000000
8466           3.750000     -34.844555     -50.000000
8467           3.750000     -30.514428     -50.000000
8468          36.250000     -34.844555     -50.000000
8469          35.000000     -37.009619     -50.000000
8470          36.244181     -39.178042     -50.000000
8471          33.744181     -39.178042     -50.000000
8472          37.562921     -32.669993     -50.000000
8473          38.812921     -34.835057     -50.000000
8474          36.251220     -30.503570     -50.000000
8475          38.814141     -30.494072     -50.000000
8476          35.001220     -28.338507     -50.000000
8477          40.000000     -37.009619     -50.000000
8478          41.233885     -39.183986     -50.000000
8479          38.733885     -39.183986     -50.000000
8480          37.478066     -41.352409     -50.000000
8481          22.500000     -15.358984     -50.000000
8482          23.749965     -17.524067     -50.000000
8483          21.249965     -17.524067     -50.000000
8484          21.250000     -13.193920     -50.000000
8485          24.999717     -19.689274     -50.000000
8486         -18.750000      -0.203539     -50.000000
8487         -17.500000       1.961524     -50.000000
8488         -18.750000       4.126588     -50.000000
8489         -16.250000       4.126588     -50.000000
8490         -15.000000       6.291651     -50.000000
8491         -18.751576     -39.176217     -50.000000
8492         -21.250000     -39.174682     -50.000000
8493         -23.404096     -38.974975     -50.000000
8494         -26.225903     -39.267153     -50.000000
8495         -22.154096     -41.140038     -50.000000
8496         -12.501839     -32.681282     -50.000000
8497         -11.250000     -34.844555     -50.000000
8498         -13.751839     -34.846346     -50.000000
8499         -13.752145     -30.516517     -50.000000
8500         -10.000000     -37.009619     -50.000000
8501          13.750046      30.107324     -50.000000
8502          12.500046      27.942260     -50.000000
8503          13.750053      25.777192     -50.000000
8504          11.250008      25.777218     -50.000000
8505          10.000009      23.612154     -50.000000
8506          28.748754     -26.185021     -50.000000
8507          31.248754     -26.185021     -50.000000
8508          26.249792     -26.184421     -50.000000
8509          27.498546     -24.020077     -50.000000
8510          -8.750000      12.786842     -50.000000
8511         -11.250000      12.786842     -50.000000
8512         -13.750000      12.786842     -50.000000
8513         -12.500000      10.621778     -50.000000
8514          12.500000       1.961524     -50.000000
8515          13.750000       4.126588     -50.000000
8516          13.750000      -0.203539     -50.000000
8517          11.250000      -0.203539     -50.000000
8518          10.000000      -2.368603     -50.000000
8519          -3.750000      34.437477     -50.000000
8520          -2.401653      36.543800     -50.000000
8521          -5.000000      32.260655     -50.000000
8522          -6.250000      34.425718     -50.000000
8523         -14.999984     -11.028866     -50.000000
8524         -16.249985      -8.863802     -50.000000
8525         -13.749994      -8.863797     -50.000000
8526         -17.499885      -6.698796     -50.000000
8527          15.000032      32.270543     -50.000000
8528          12.500000      36.572762     -50.000000
8529          13.750000      34.421417     -50.000000
8530          16.250032      34.419547     -50.000000
8531           8.750000     -39.174682     -50.000000
8532           7.500000     -41.339746     -50.000000
8533           6.250000     -39.174682     -50.000000
8534           1.250000     -39.174682     -50.000000
8535          -1.250000     -39.174682     -50.000000
8536          -2.500000     -41.339746     -50.000000
8537          -3.750000     -39.174682     -50.000000
8538          -6.250000     -39.174682     -50.000000
8539         -15.001576     -37.011153     -50.000000
8540         -13.750263     -39.174938     -50.000000
8541         -16.251839     -39.176473     -50.000000
8542         -17.597390      36.545207     -50.000000
8543         -16.265790      34.427666     -50.000000
8544         -19.437472      38.369586     -50.000000
8545         -16.840082      38.426920     -50.000000
8546         -20.969175      40.609648     -50.000000
8547          39.962744      -2.396777     -50.000000
8548          38.750000      -4.533666     -50.000000
8549          37.490154      -6.693045     -50.000000
8550           6.325915      38.358347     -50.000000
8551           8.825915      38.356387     -50.000000
8552           1.727922      38.708375     -50.000000
8553           4.129575      38.755357     -50.000000
8554          31.248208      38.610628     -50.000000
8555          33.748212      38.608665     -50.000000
8556          26.250005      38.765641     -50.000000
8557          28.750027      38.755829     -50.000000
8558          37.485545      36.703740     -50.000000
8559          38.889716      34.418240     -50.000000
8560          36.215017      38.954274     -50.000000
8561          38.700499      39.082948     -50.000000
8562          23.750005      38.765641     -50.000000
8563          25.000000      40.932667     -50.000000
8564          22.500005      36.588492     -50.000000
8565          21.250001      38.755518     -50.000000
8566          21.250205      34.422932     -50.000000
8567          38.670290     -21.900488     -50.000000
8568          37.457684     -24.043962     -50.000000
8569          39.620548     -19.865752     -50.000000
8570          40.880584     -22.025315     -50.000000
8571          38.690924      -8.829686     -50.000000
8572          39.581632     -10.735522     -50.000000
8573          41.239598     -12.875209     -50.000000
8574         -39.487089       5.586134     -50.000000
8575         -36.695479       2.377436     -50.000000
8576         -37.941522       4.455190     -50.000000
8577         -40.250271       3.840308     -50.000000
8578           5.000000     -37.009619     -50.000000
8579           3.750000     -39.174682     -50.000000
8580           0.000000     -19.689111     -50.000000
8581          -1.250000     -17.524047     -50.000000
8582          38.716383     -26.193850     -50.000000
8583          36.243741     -26.177761     -50.000000
8584          33.742521     -26.188619     -50.000000
8585          41.201880     -26.124333     -50.000000
8586          39.987937     -28.258132     -50.000000
8587          42.557470     -23.726553     -50.000000
8588          43.829024     -25.790835     -50.000000
8589         -19.999912      -2.368653     -50.000000
8590         -18.749887      -4.533732     -50.000000
8591          -8.749999      -8.863794     -50.000000
8592         -11.249996      -8.863795     -50.000000
8593         -13.753131      34.421798     -50.000000
8594         -15.018921      32.246924     -50.000000
8595         -16.268787      30.095589     -50.000000
8596         -12.500000      38.971143     -50.000000
8597         -14.959236      39.093640     -50.000000
8598         -12.459236      41.462243     -50.000000
8599         -10.000163      38.815408     -50.000000
8600         -12.500163      36.446805     -50.000000
8601         -11.253294      34.266063     -50.000000
8602          41.003655      35.139957     -50.000000
8603          39.922344      32.725783     -50.000000
8604          38.239539      29.718335     -50.000000
8605          36.717403      27.530107     -50.000000
8606          39.882008      30.789489     -50.000000
8607          40.313143      28.503758     -50.000000
8608          39.741635      41.002341     -50.000000
8609          41.012162      38.751806     -50.000000
8610          42.513356      37.024761     -50.000000
8611         -27.475694      43.005901     -50.000000
8612         -25.354786      43.023566     -50.000000
8613         -22.680865      43.209015     -50.000000
8614          25.000000      43.371822     -50.000000
8615          39.740300      43.399166     -50.000000
8616         -41.281887      12.576301     -50.000000
8617         -39.688061      14.881800     -50.000000
8618         -36.120081      17.004365     -50.000000
8619         -33.603991      17.021034     -50.000000
8620         -38.747310      17.102260     -50.000000
8621         -37.381467      19.227295     -50.000000
8622         -30.267050      39.325374     -50.000000
8623         -29.291734      41.289216     -50.000000
8624          18.750001      38.599746     -50.000000
8625          17.500001      36.574395     -50.000000
8626          18.750033      34.423521     -50.000000
8627          16.250000      38.595772     -50.000000
8628          39.576720       6.358113     -50.000000
8629          37.335711       9.662865     -50.000000
8630          39.327606      11.201165     -50.000000
8631          39.347851       8.461700     -50.000000
8632          35.641743       8.491467     -50.000000
8633          35.621499      11.230933     -50.000000
8634          41.568615       7.896413     -50.000000
8635          43.947484     -39.432612     -50.000000
8636          26.250000     -43.504809     -50.000000
8637          43.504809      11.250000     -50.000000
8638          41.339746      12.500000     -50.000000
8639          43.504809       8.750000     -50.000000
8640          39.297279      16.245291     -50.000000
8641          39.313430      18.745291     -50.000000
8642          39.327606      13.701165     -50.000000
8643          37.285139      14.946457     -50.000000
8644          37.203118      20.249438     -50.000000
8645          39.261736      21.504147     -50.000000
8646          41.522920      22.474070     -50.000000
8647          43.674525      23.724070     -50.000000
8648          39.412609      23.978217     -50.000000
8649          34.997479      13.701165     -50.000000
8650          34.967152      16.245291     -50.000000
8651          33.295519      17.439664     -50.000000
8652          35.583179      18.684956     -50.000000
8653          31.261870      17.197507     -50.000000
8654          -8.761535      43.505258     -50.000000
8655         -11.236906      43.505210     -50.000000
8656         -43.652097     -11.250000     -50.000000
8657         -41.498813     -12.500000     -50.000000
8658         -43.676645      -8.750000     -50.000000
8659         -39.292975     -16.216761     -50.000000
8660         -39.283159     -18.716761     -50.000000
8661         -39.376320     -10.934290     -50.000000
8662         -39.240812     -13.434290     -50.000000
8663         -37.170482     -14.651051     -50.000000
8664         -37.216642     -19.922291     -50.000000
8665         -39.277155     -21.205530     -50.000000
8666         -39.292271     -23.698119     -50.000000
8667         -41.358788     -22.492588     -50.000000
8668         -43.524790     -23.741956     -50.000000
8669         -41.706513      -7.496852     -50.000000
8670         -40.195432      -6.246852     -50.000000
8671         -40.123240      -8.750000     -50.000000
8672         -37.865239      -9.684290     -50.000000
8673         -34.986834     -18.629910     -50.000000
8674         -34.980830     -21.118680     -50.000000
8675         -35.595476     -16.172772     -50.000000
8676         -33.359664     -17.369160     -50.000000
8677         -36.931799     -25.137632     -50.000000
8678         -39.013432     -26.424690     -50.000000
8679         -35.529391     -23.627397     -50.000000
8680         -35.250553     -26.353968     -50.000000
8681         -38.969478     -28.961217     -50.000000
8682         -41.329950     -27.521703     -50.000000
8683         -43.520256     -26.246206     -50.000000
8684         -36.898015     -30.429595     -50.000000
8685         -39.214533     -31.526608     -50.000000
8686         -35.195111     -29.661376     -50.000000
8687         -35.440165     -32.226767     -50.000000
8688         -34.257172     -28.063081     -50.000000
8689         -39.248049     -34.043595     -50.000000
8690         -37.076344     -35.247493     -50.000000
8691         -39.181324     -36.296101     -50.000000
8692         -35.113696     -34.348087     -50.000000
8693         -35.046971     -36.600593     -50.000000
8694         -39.185093     -38.741569     -50.000000
8695         -41.356798     -37.537670     -50.000000
8696         -37.041096     -39.974255     -50.000000
8697         -39.216570     -41.215824     -50.000000
8698         -34.853817     -38.879866     -50.000000
8699         -32.891169     -37.980459     -50.000000
8700         -39.468744     -43.919159     -50.000000
8701         -30.420814     -38.926854     -50.000000
8702         -28.052307     -40.198479     -50.000000
8703         -26.134596     -41.871656     -50.000000
8704         -25.571156     -44.079356     -50.000000
8705         -23.744753     -43.148031     -50.000000
8706         -37.539648      41.382562     -50.000000
8707         -41.233885      39.183986     -50.000000
8708         -43.947484      39.432612     -50.000000
8709         -38.733885      39.183986     -50.000000
8710         -40.000000      37.009619     -50.000000
8711         -36.305762      39.208194     -50.000000
8712         -38.925833      34.872633     -50.000000
8713         -36.755691      34.907546     -50.000000
8714         -38.181524      32.770560     -50.000000
8715         -34.359909      39.408243     -50.000000
8716         -35.554147      37.209667     -50.000000
8717         -39.318444      30.381898     -50.000000
8718         -40.491477      27.964349     -50.000000
8719         -37.148301      30.416811     -50.000000
8720         -39.339415      26.019629     -50.000000
8721         -41.545671      25.955829     -50.000000
8722         -42.712242      23.506418     -50.000000
8723         -43.864304      25.451137     -50.000000
8724         -37.366429      25.575331     -50.000000
8725         -38.420623      23.566811     -50.000000
8726         -36.110164      27.757227     -50.000000
8727         -40.201153      21.668150     -50.000000
8728         -38.228167      21.223852     -50.000000
8729          26.249544     -21.854438     -50.000000
8730          43.724855      26.172099     -50.000000
8731          41.814703      27.261526     -50.000000
8732          37.911049      25.220449     -50.000000
8733          40.172234      26.190373     -50.000000
8734         -13.750000       8.456715     -50.000000
8735         -32.345881      39.527740     -50.000000
8736          -8.750000     -39.174682     -50.000000
8737         -11.250000     -39.174682     -50.000000
8738         -12.500263     -41.340002     -50.000000
8739          -6.250000      12.786842     -50.000000
8740          -3.750000      12.786842     -50.000000
8741          15.000178      23.612057     -50.000000
8742          11.250009      21.447091     -50.000000
8743          13.750009      21.447091     -50.000000
8744          11.250000      38.753885     -50.000000
8745          13.750000      38.751544     -50.000000
8746          -3.159918      38.426920     -50.000000
8747          -0.561571      38.368179     -50.000000
8748           0.969657      40.591495     -50.000000
8749          -7.500000      38.971143     -50.000000
8750          -7.540683      41.462245     -50.000000
8751          -5.040683      39.093643     -50.000000
8752          -7.500163      36.446805     -50.000000
8753          -8.750163      34.269983     -50.000000
8754          18.750000     -13.193920     -50.000000
8755          17.500000     -15.358984     -50.000000
8756          18.749994     -17.524051     -50.000000
8757          17.500000      -6.698730     -50.000000
8758          18.750000      -8.863793     -50.000000
8759          20.000000     -11.028857     -50.000000
8760          16.250000      -4.533666     -50.000000
8761          18.750000      -4.533666     -50.000000
8762          11.250000      -4.533666     -50.000000
8763          13.750000      -4.533666     -50.000000
8764          15.000000      -2.368603     -50.000000
8765          -2.500000      10.621778     -50.000000
8766         -41.780163       2.504513     -50.000000
8767         -39.518451      -1.231114     -50.000000
8768         -39.525559      -3.746852     -50.000000
8769         -40.234596       1.373568     -50.000000
8770         -37.988559       0.104682     -50.000000
8771         -31.279578     -17.562753     -50.000000
8772         -36.628850      -7.309100     -50.000000
8773         -37.942286      -5.000000     -50.000000
8774         -47.291667     -49.791667      49.791667
8775         -45.669873     -47.941089      49.771234
8776         -47.864852     -47.864852      49.694979
8777         -49.791667     -47.291667      49.791667
8778         -47.928938     -45.669873      49.771558
8779          47.290278     -49.792371      49.790278
8780          47.864351     -47.867400      49.694478
8781          45.669873     -47.951298      49.771461
8782          49.792371     -47.294443      49.792371
8783          47.941095     -45.669873      49.771234
8784          49.792371      47.290278      49.790278
8785          47.867400      47.864351      49.694478
8786          47.948805      45.669873      49.771364
8787          47.294443      49.792371      49.792371
8788          45.669873      47.936565      49.771279
8789         -47.290278      49.792371      49.790278
8790         -47.864351      47.867400      49.694478
8791         -45.669873      47.951298      49.771461
8792         -49.792371      47.294443      49.792371
8793         -47.941095      45.669873      49.771234
8794         -42.500000     -50.000000      50.000000
8795         -40.932457     -47.408394      49.711868
8796         -43.432457     -47.406744      49.711863
8797         -44.102330     -45.864777      50.000000
8798         -37.500000     -50.000000      50.000000
8799         -36.177393     -48.120434      49.792054
8800         -38.677393     -48.128602      49.791940
8801         -39.609850     -46.030395      50.000000
8802         -32.500000     -50.000000      50.000000
8803         -31.273005     -47.454252      49.726289
8804         -33.773005     -47.491640      49.722487
8805         -34.950398     -46.114133      50.000000
8806         -27.500000     -50.000000      50.000000
8807         -26.368832     -48.168541      49.796451
8808         -28.868832     -48.133800      49.799352
8809         -30.141837     -46.150242      50.000000
8810         -22.500000     -50.000000      50.000000
8811         -21.590657     -47.438695      49.714266
8812         -24.090657     -47.388299      49.709734
8813         -25.459489     -46.049465      50.000000
8814         -17.500000     -50.000000      50.000000
8815         -16.250000     -47.589928      49.730583
8816         -18.750000     -47.611943      49.733593
8817         -20.340657     -45.512802      50.000000
8818         -12.500000     -50.000000      50.000000
8819         -11.250000     -47.589928      49.730583
8820         -13.750000     -47.589928      49.730583
8821         -15.000000     -45.669873      50.000000
8822          -7.500000     -50.000000      50.000000
8823          -6.250000     -47.565432      49.729369
8824          -8.750000     -47.589928      49.730583
8825         -10.000000     -45.669873      50.000000
8826          -2.500000     -50.000000      50.000000
8827          -1.250000     -47.571950      49.729475
8828          -3.750000     -47.565432      49.729369
8829          -5.000000     -45.669873      50.000000
8830           2.500000     -50.000000      50.000000
8831           3.750000     -47.572475      49.729490
8832           1.250000     -47.571950      49.729475
8833          -0.000000     -45.669873      50.000000
8834           7.500000     -50.000000      50.000000
8835           8.750000     -47.565202      49.729369
8836           6.250000     -47.572475      49.729490
8837           5.000000     -45.669873      50.000000
8838          12.500000     -50.000000      50.000000
8839          13.750000     -47.561740      49.729379
8840          11.250000     -47.565202      49.729369
8841          10.000000     -45.669873      50.000000
8842          17.500000     -50.000000      50.000000
8843          18.750000     -47.523414      49.732474
8844          16.250000     -47.561740      49.729379
8845          15.000000     -45.669873      50.000000
8846          22.500000     -50.000000      50.000000
8847          23.750000     -47.550772      49.729706
8848          21.250000     -47.523414      49.732474
8849          20.000000     -45.669873      50.000000
8850          27.500000     -50.000000      50.000000
8851          28.750000     -47.580343      49.729843
8852          26.250000     -47.550772      49.729706
8853          25.000000     -45.669873      50.000000
8854          32.500000     -50.000000      50.000000
8855          33.750000     -47.561527      49.729381
8856          31.250000     -47.580343      49.729843
8857          30.000000     -45.669873      50.000000
8858          37.500000     -50.000000      50.000000
8859          38.731200     -47.575939      49.730724
8860          36.231200     -47.573752      49.730738
8861          34.981200     -45.680727      50.000000
8862          42.500000     -50.000000      50.000000
8863          43.653312     -47.638849      49.736607
8864          41.153312     -47.626540      49.736346
8865          39.884512     -45.736550      50.000000
8866          44.323185     -46.060632      50.000000
8867          50.000000     -42.500000      50.000000
8868          47.408309     -40.927803      49.712189
8869          47.409654     -43.427803      49.712186
8870          45.867357     -44.097676      50.000000
8871          50.000000     -37.500000      50.000000
8872          48.111670     -36.250000      49.790709
8873          48.114993     -38.750000      49.790667
8874          46.022802     -39.677803      50.000000
8875          50.000000     -32.500000      50.000000
8876          47.454649     -31.282754      49.725762
8877          47.493598     -33.782754      49.722206
8878          46.102492     -35.032754      50.000000
8879          50.000000     -27.500000      50.000000
8880          48.118093     -26.414718      49.790262
8881          48.077656     -28.914718      49.792885
8882          46.098415     -30.197472      50.000000
8883          50.000000     -22.500000      50.000000
8884          47.353266     -21.696527      49.705477
8885          47.300952     -24.196527      49.699192
8886          45.913547     -25.611245      50.000000
8887          50.000000     -17.500000      50.000000
8888          47.591266     -16.250000      49.730714
8889          47.619984     -18.750000      49.735157
8890          45.427244     -20.446527      50.000000
8891          50.000000     -12.500000      50.000000
8892          47.571673     -11.277245      49.729168
8893          47.549669     -13.777245      49.726063
8894          45.632484     -15.027245      50.000000
8895          50.000000      -7.500000      50.000000
8896          47.293007      -6.049064      49.703089
8897          47.371702      -8.549064      49.706865
8898          45.413724      -9.826309      50.000000
8899          50.000000      -2.500000      50.000000
8900          48.112863      -1.250000      49.791912
8901          48.106733      -3.750000      49.792341
8902          45.948935      -4.799064      50.000000
8903          50.000000       2.500000      50.000000
8904          47.347927       3.598982      49.703515
8905          47.302289       1.098982      49.702532
8906          45.949392      -0.151018      50.000000
8907          50.000000       7.500000      50.000000
8908          47.565202       8.750000      49.729369
8909          47.590842       6.250000      49.730671
8910          45.451570       4.848982      50.000000
8911          50.000000      12.500000      50.000000
8912          47.561740      13.750000      49.729379
8913          47.565202      11.250000      49.729369
8914          45.669873      10.000000      50.000000
8915          50.000000      17.500000      50.000000
8916          47.523250      18.750000      49.732499
8917          47.561740      16.250000      49.729379
8918          45.669873      15.000000      50.000000
8919          50.000000      22.500000      50.000000
8920          47.548435      23.750000      49.730365
8921          47.526329      21.250000      49.732832
8922          45.672565      20.000000      50.000000
8923          50.000000      27.500000      50.000000
8924          47.628383      28.698028      49.736032
8925          47.605496      26.198028      49.736641
8926          45.725586      24.948028      50.000000
8927          50.000000      32.500000      50.000000
8928          47.657848      33.598264      49.738596
8929          47.648520      31.098264      49.738273
8930          45.793849      29.796293      50.000000
8931          50.000000      37.500000      50.000000
8932          47.249826      38.608555      49.692540
8933          47.235020      36.108555      49.691405
8934          45.433734      34.706819      50.000000
8935          50.000000      42.500000      50.000000
8936          47.623457      43.754072      49.735099
8937          47.641130      41.254072      49.736286
8938          45.407433      39.862626      50.000000
8939          46.049463      44.423945      50.000000
8940          42.500000      50.000000      50.000000
8941          41.025314      47.452669      49.716577
8942          43.525314      47.443351      49.716609
8943          44.195187      45.902298      50.000000
8944          37.500000      50.000000      50.000000
8945          36.218655      48.061418      49.785269
8946          38.718655      48.069611      49.785220
8947          39.743969      46.014038      50.000000
8948          32.500000      50.000000      50.000000
8949          31.250000      47.544410      49.730099
8950          33.750000      47.557505      49.729452
8951          34.968655      46.116549      50.000000
8952          27.500000      50.000000      50.000000
8953          26.250000      47.756800      49.749550
8954          28.750000      47.723589      49.749793
8955          30.000000      45.827853      50.000000
8956          22.500000      50.000000      50.000000
8957          21.250000      47.665337      49.739084
8958          23.750000      47.659087      49.738640
8959          25.000000      45.898405      50.000000
8960          17.500000      50.000000      50.000000
8961          16.250000      47.564304      49.729367
8962          18.750000      47.586695      49.730295
8963          20.000000      45.740425      50.000000
8964          12.500000      50.000000      50.000000
8965          11.250000      48.005647      49.778405
8966          13.750000      48.005647      49.778405
8967          15.000000      46.062178      50.000000
8968           7.500000      50.000000      50.000000
8969           6.250000      47.577024      49.729666
8970           8.750000      47.564304      49.729367
8971          10.000000      46.062178      50.000000
8972           2.500000      50.000000      50.000000
8973           1.054723      47.491674      49.720097
8974           3.554723      47.490943      49.720062
8975           4.804723      45.592955      50.000000
8976          -2.500000      50.000000      50.000000
8977          -3.859986      47.497795      49.721116
8978          -1.359986      47.502561      49.721312
8979          -0.305264      45.525768      50.000000
8980          -7.500000      50.000000      50.000000
8981          -8.761535      47.564764      49.729423
8982          -6.261535      47.573609      49.729566
8983          -5.121521      45.603135      50.000000
8984         -12.500000      50.000000      50.000000
8985         -13.736906      47.562883      49.729424
8986         -11.236906      47.564710      49.729417
8987          -9.998441      45.670722      50.000000
8988         -17.500000      50.000000      50.000000
8989         -18.640014      47.454403      49.723087
8990         -16.140014      47.486789      49.720975
8991         -14.876920      45.603087      50.000000
8992         -22.500000      50.000000      50.000000
8993         -23.551772      47.458675      49.716199
8994         -21.051772      47.405671      49.717786
8995         -19.691785      45.492766      50.000000
8996         -27.500000      50.000000      50.000000
8997         -28.725694      47.270992      49.694926
8998         -26.225694      47.251515      49.693065
8999         -24.777465      45.264584      50.000000
9000         -32.500000      50.000000      50.000000
9001         -33.850109      47.633368      49.738223
9002         -31.350109      47.675752      49.740174
9003         -30.075803      45.444061      50.000000
9004         -37.500000      50.000000      50.000000
9005         -38.750000      47.563725      49.729368
9006         -36.250000      47.554812      49.729534
9007         -35.100109      45.739430      50.000000
9008         -42.500000      50.000000      50.000000
9009         -43.653312      47.638849      49.736607
9010         -41.153312      47.626540      49.736346
9011         -39.903312      45.725696      50.000000
9012         -44.323185      46.060632      50.000000
9013         -50.000000      42.500000      50.000000
9014         -47.409258      40.927803      49.712186
9015         -47.409654      43.427803      49.712186
9016         -45.867357      44.097676      50.000000
9017         -50.000000      37.500000      50.000000
9018         -48.116487      36.221659      49.791380
9019         -48.121514      38.721659      49.791313
9020         -46.027984      39.649461      50.000000
9021         -50.000000      32.500000      50.000000
9022         -47.459445      31.273005      49.725453
9023         -47.493888      33.773005      49.722421
9024         -46.109142      34.994664      50.000000
9025         -50.000000      27.500000      50.000000
9026         -48.171916      26.250000      49.796203
9027         -48.134169      28.750000      49.798368
9028         -46.147236      30.023005      50.000000
9029         -50.000000      22.500000      50.000000
9030         -47.269461      21.500863      49.696221
9031         -47.215906      24.000863      49.689626
9032         -45.884031      25.250863      50.000000
9033         -50.000000      17.500000      50.000000
9034         -47.559086      16.224245      49.727122
9035         -47.589301      18.724245      49.731804
9036         -45.321902      20.225108      50.000000
9037         -50.000000      12.500000      50.000000
9038         -47.592266      11.250000      49.730815
9039         -47.590769      13.750000      49.730664
9040         -45.641401      14.974245      50.000000
9041         -50.000000       7.500000      50.000000
9042         -47.492960       6.301815      49.720931
9043         -47.516815       8.801815      49.722380
9044         -45.602027      10.051815      50.000000
9045         -50.000000       2.500000      50.000000
9046         -47.606690       1.258636      49.733492
9047         -47.605616       3.758636      49.733471
9048         -45.634518       5.060451      50.000000
9049         -50.000000      -2.500000      50.000000
9050         -47.570938      -3.750000      49.729448
9051         -47.570226      -1.250000      49.729432
9052         -45.702364       0.008636      50.000000
9053         -50.000000      -7.500000      50.000000
9054         -47.591288      -8.750000      49.732436
9055         -47.598479      -6.250000      49.732516
9056         -45.694421      -5.000000      50.000000
9057         -50.000000     -12.500000      50.000000
9058         -47.561740     -13.750000      49.729379
9059         -47.563664     -11.250000      49.729368
9060         -45.694421     -10.000000      50.000000
9061         -50.000000     -17.500000      50.000000
9062         -47.523215     -18.750000      49.732504
9063         -47.561740     -16.250000      49.729379
9064         -45.669873     -15.000000      50.000000
9065         -50.000000     -22.500000      50.000000
9066         -47.554128     -23.749368      49.730064
9067         -47.526534     -21.249368      49.732863
9068         -45.672775     -19.999368      50.000000
9069         -50.000000     -27.500000      50.000000
9070         -47.578490     -28.753617      49.729637
9071         -47.548999     -26.253617      49.729498
9072         -45.671142     -25.002985      50.000000
9073         -50.000000     -32.500000      50.000000
9074         -47.593629     -33.750000      49.730961
9075         -47.580315     -31.250000      49.729841
9076         -45.668240     -30.003617      50.000000
9077         -50.000000     -37.500000      50.000000
9078         -47.597890     -38.740164      49.731624
9079         -47.607128     -36.240164      49.732470
9080         -45.682019     -34.990164      50.000000
9081         -50.000000     -42.500000      50.000000
9082         -47.613079     -43.653312      49.736718
9083         -47.646622     -41.153312      49.737068
9084         -45.737842     -39.893476      50.000000
9085         -46.060632     -44.323185      50.000000
9086           1.250000     -43.504809      50.000000
9087           3.750000     -43.504809      50.000000
9088           2.500000     -41.339746      50.000000
9089          -1.250000     -43.504809      50.000000
9090           6.250000     -43.504809      50.000000
9091          42.577530       2.057879      50.000000
9092          41.173640      -0.253579      50.000000
9093          43.829378      -0.113493      50.000000
9094          43.515376       3.995395      50.000000
9095          40.859638       3.855310      50.000000
9096          44.545502      -2.462475      50.000000
9097          43.733679       6.646413      50.000000
9098          -6.302218      43.627757      50.000000
9099          -3.900669      43.560122      50.000000
9100          -3.200601      40.918022      50.000000
9101          -2.019904      42.893400      50.000000
9102           0.394805      42.883668      50.000000
9103         -43.717180      -1.231114      50.000000
9104         -43.749672       1.277522      50.000000
9105         -43.724288      -3.746852      50.000000
9106         -41.771596      -2.477966      50.000000
9107         -43.748836      -6.246852      50.000000
9108         -18.750000     -43.504809      50.000000
9109         -21.590657     -43.347739      50.000000
9110         -13.750263     -43.505065      50.000000
9111         -16.250263     -43.505065      50.000000
9112         -17.500263     -41.340002      50.000000
9113          43.750358     -18.745289      50.000000
9114          43.507729     -21.691817      50.000000
9115          43.183827     -16.370009      50.000000
9116          43.146437     -13.897253      50.000000
9117          41.264311     -17.615298      50.000000
9118          20.000000      43.301270      50.000000
9119          17.500000      43.145498      50.000000
9120          20.000000      40.776895      50.000000
9121          22.500000      43.371822      50.000000
9122          15.000000      43.301270      50.000000
9123          12.500000      43.693575      50.000000
9124          15.000000      40.776895      50.000000
9125         -42.810813      18.386840      50.000000
9126         -42.519786      21.163458      50.000000
9127         -43.780036      13.692134      50.000000
9128         -43.751564      16.166379      50.000000
9129         -40.949448      17.104729      50.000000
9130          16.250000     -43.504809      50.000000
9131          13.750000     -43.504809      50.000000
9132          18.750000     -43.504809      50.000000
9133          17.500000     -41.339746      50.000000
9134          21.250000     -43.504809      50.000000
9135          43.504809      16.250000      50.000000
9136          43.504809      13.750000      50.000000
9137          43.520960      18.750000      50.000000
9138          41.355897      17.500000      50.000000
9139          43.523652      21.250000      50.000000
9140         -16.099250      43.560120      50.000000
9141         -13.696142      43.627707      50.000000
9142         -17.980096      42.893400      50.000000
9143         -16.799318      40.918020      50.000000
9144         -20.391854      42.850666      50.000000
9145         -43.516589     -16.250000      50.000000
9146         -43.516589     -13.750000      50.000000
9147         -43.506773     -18.750000      50.000000
9148         -41.353489     -17.500000      50.000000
9149         -43.509674     -21.249368      50.000000
9150         -36.305762      43.538321      50.000000
9151         -33.905871      43.607878      50.000000
9152         -33.097496      41.526267      50.000000
9153         -31.891843      43.727375      50.000000
9154         -29.267428      43.362450      50.000000
9155          31.250000     -43.504809      50.000000
9156          28.750000     -43.504809      50.000000
9157          33.744181     -43.508169      50.000000
9158          32.494181     -41.343106      50.000000
9159          36.225380     -43.519024      50.000000
9160         -43.477934     -31.279115      50.000000
9161         -43.511451     -33.796101      50.000000
9162         -41.319513     -32.575216      50.000000
9163         -43.476302     -28.782732      50.000000
9164         -43.523597     -36.286265      50.000000
9165          43.545985      35.332305      50.000000
9166          43.924033      32.822014      50.000000
9167          43.883697      30.885720      50.000000
9168          43.865764      28.485484      50.000000
9169          41.995948      31.511206      50.000000
9170         -34.809291     -44.002897      50.000000
9171         -32.622013     -42.908508      50.000000
9172         -34.885294     -41.354120      50.000000
9173         -37.213679     -44.559746      50.000000
9174         -30.253505     -44.180133      50.000000
9175         -30.329507     -41.531356      50.000000
9176         -27.849332     -44.773090      50.000000
9177          42.840096     -32.613001      50.000000
9178          41.312921     -34.835057      50.000000
9179          44.027175     -34.787563      50.000000
9180          44.013892     -30.377062      50.000000
9181          41.299638     -30.424555      50.000000
9182          44.575318     -37.254809      50.000000
9183          44.557957     -28.009026      50.000000
9184          30.000000      43.301270      50.000000
9185          27.500000      43.459250      50.000000
9186          29.998180      40.787466      50.000000
9187          32.498180      43.156068      50.000000
9188          34.964985      43.501677      50.000000
9189          34.963166      40.987873      50.000000
9190          37.433640      43.948353      50.000000
9191         -44.028642      34.777814      50.000000
9192         -42.954476      32.640829      50.000000
9193         -41.425833      34.872633      50.000000
9194         -44.580500      37.226468      50.000000
9195         -44.127509      30.223279      50.000000
9196         -41.524700      30.318098      50.000000
9197         -44.717460      27.700274      50.000000
9198          -8.750000     -43.504809      50.000000
9199          -6.250000     -43.504809      50.000000
9200          -7.500000     -41.339746      50.000000
9201         -11.250000     -43.504809      50.000000
9202          -3.750000     -43.504809      50.000000
9203          43.828921      -4.761540      50.000000
9204          41.212744      -4.561840      50.000000
9205          42.616177      -6.898429      50.000000
9206          40.890708      -8.604566      50.000000
9207          43.506885      -8.804265      50.000000
9208          43.688255     -11.532446      50.000000
9209          10.000000      43.301270      50.000000
9210           7.575915      42.903772      50.000000
9211          10.075915      40.535169      50.000000
9212           5.379575      43.300782      50.000000
9213           2.684298      43.223863      50.000000
9214           5.455490      40.534681      50.000000
9215         -43.103878       8.935981      50.000000
9216         -43.171724      11.384166      50.000000
9217         -43.665009       6.287441      50.000000
9218         -41.234707       7.619793      50.000000
9219         -43.765347       3.744262      50.000000
9220          41.137198     -43.569936      50.000000
9221          43.850796     -43.818562      50.000000
9222          42.681369     -41.606979      50.000000
9223          38.715085     -43.524968      50.000000
9224         -41.137198      43.569936      50.000000
9225         -38.733885      43.514113      50.000000
9226         -43.850796      43.818562      50.000000
9227         -42.681369      41.606979      50.000000
9228          43.906239      41.589671      50.000000
9229          43.554492      38.944154      50.000000
9230          43.904904      43.986497      50.000000
9231          42.051963      43.068025      50.000000
9232         -43.571043     -41.144881      50.000000
9233         -43.823217     -43.848216      50.000000
9234         -41.612741     -42.686473      50.000000
9235         -43.527366     -38.731733      50.000000
9236          12.500000     -41.339746      50.000000
9237          11.250000     -43.504809      50.000000
9238           8.750000     -43.504809      50.000000
9239          18.750000     -39.174682      50.000000
9240          16.250000     -39.174682      50.000000
9241          15.000000     -37.009619      50.000000
9242          13.750000     -39.174682      50.000000
9243          11.250000     -39.174682      50.000000
9244          21.250000     -39.174682      50.000000
9245          20.000000     -37.009619      50.000000
9246          22.500000     -41.339746      50.000000
9247          23.750000     -39.174682      50.000000
9248          23.750000     -43.504809      50.000000
9249          21.250000     -34.844555      50.000000
9250          18.750000     -34.844555      50.000000
9251          17.500000     -32.679492      50.000000
9252          16.250000     -34.844555      50.000000
9253          13.750000     -34.844555      50.000000
9254          23.750000     -34.844555      50.000000
9255          22.500000     -32.679492      50.000000
9256          25.000000     -37.009619      50.000000
9257          26.250000     -34.844555      50.000000
9258          26.250000     -39.174682      50.000000
9259          18.750000     -30.514428      50.000000
9260          16.250000     -30.514428      50.000000
9261          21.250000     -30.514428      50.000000
9262          20.000000     -28.349365      50.000000
9263          23.750000     -30.514428      50.000000
9264          15.000000     -28.349365      50.000000
9265          13.750000     -30.514428      50.000000
9266          11.250000     -30.514428      50.000000
9267          12.500000     -32.679492      50.000000
9268          11.250000     -34.844555      50.000000
9269          16.250000     -26.184301      50.000000
9270          13.750000     -26.184301      50.000000
9271          18.750000     -26.184301      50.000000
9272          17.500000     -24.019238      50.000000
9273          21.250000     -26.184301      50.000000
9274          12.500000     -24.019238      50.000000
9275          11.250000     -26.184301      50.000000
9276           8.750000     -26.184301      50.000000
9277          10.000000     -28.349365      50.000000
9278           8.750000     -30.514428      50.000000
9279          13.750000     -21.854174      50.000000
9280          11.250000     -21.854174      50.000000
9281          16.249994     -21.854178      50.000000
9282          14.999994     -19.689114      50.000000
9283          18.749994     -21.854178      50.000000
9284          10.000000     -19.689111      50.000000
9285           8.750000     -21.854174      50.000000
9286           6.250000     -21.854174      50.000000
9287           7.500000     -24.019238      50.000000
9288           6.250000     -26.184301      50.000000
9289          11.250000     -17.524047      50.000000
9290           8.750000     -17.524047      50.000000
9291          13.750000     -17.524047      50.000000
9292          12.500000     -15.358984      50.000000
9293          16.249994     -17.524051      50.000000
9294           7.500000     -15.358984      50.000000
9295           6.250000     -17.524047      50.000000
9296           3.750000     -17.524047      50.000000
9297           5.000000     -19.689111      50.000000
9298           3.750000     -21.854174      50.000000
9299           8.750000     -13.193920      50.000000
9300           6.250000     -13.193920      50.000000
9301          11.250000     -13.193920      50.000000
9302          10.000000     -11.028857      50.000000
9303          13.750000     -13.193920      50.000000
9304           5.000000     -11.028857      50.000000
9305           3.750000     -13.193920      50.000000
9306           1.250000     -13.193920      50.000000
9307           2.500000     -15.358984      50.000000
9308           1.250000     -17.524047      50.000000
9309           6.250000      -8.863793      50.000000
9310           3.750000      -8.863793      50.000000
9311           8.750000      -8.863793      50.000000
9312           7.500000      -6.698730      50.000000
9313          11.250000      -8.863793      50.000000
9314           2.500000      -6.698730      50.000000
9315           1.250000      -8.863793      50.000000
9316          -1.250000      -8.863793      50.000000
9317          -0.000000     -11.028857      50.000000
9318          -1.250000     -13.193920      50.000000
9319           3.750000      -4.533666      50.000000
9320           1.250000      -4.533666      50.000000
9321           6.250000      -4.533666      50.000000
9322           5.000000      -2.368603      50.000000
9323           8.750000      -4.533666      50.000000
9324          -0.000000      -2.368603      50.000000
9325          -1.250000      -4.533666      50.000000
9326          -3.750000      -4.533666      50.000000
9327          -2.500000      -6.698730      50.000000
9328          -3.750000      -8.863793      50.000000
9329           1.250000      -0.203539      50.000000
9330          -1.250000      -0.203539      50.000000
9331           3.750000      -0.203539      50.000000
9332           2.500000       1.961524      50.000000
9333           6.250000      -0.203539      50.000000
9334          -2.500000       1.961524      50.000000
9335          -3.750000      -0.203539      50.000000
9336          -6.250000      -0.203539      50.000000
9337          -5.000000      -2.368603      50.000000
9338          -6.250000      -4.533666      50.000000
9339          -3.750000     -13.193920      50.000000
9340          -2.500000     -15.358984      50.000000
9341          -4.999999     -11.028857      50.000000
9342          -6.249999     -13.193921      50.000000
9343          -6.249999      -8.863794      50.000000
9344           3.750000       4.126588      50.000000
9345           1.250000       4.126588      50.000000
9346          -1.250000       4.126588      50.000000
9347          -3.750000       4.126588      50.000000
9348          -0.000000       6.291651      50.000000
9349           6.250000       4.126588      50.000000
9350           5.000000       6.291651      50.000000
9351           7.500000       1.961524      50.000000
9352           8.750000       4.126588      50.000000
9353           8.750000      -0.203539      50.000000
9354          -7.500000       1.961524      50.000000
9355          -8.750000      -0.203539      50.000000
9356          -6.250000       4.126588      50.000000
9357          -8.750000       4.126588      50.000000
9358          -5.000000       6.291651      50.000000
9359           6.250000       8.456715      50.000000
9360           3.750000       8.456715      50.000000
9361           2.500000      10.621778      50.000000
9362           1.250000       8.456715      50.000000
9363          -1.250000       8.456715      50.000000
9364           8.750000       8.456715      50.000000
9365           7.500000      10.621778      50.000000
9366          10.000000       6.291651      50.000000
9367          11.250000       8.456715      50.000000
9368          11.250000       4.126588      50.000000
9369          16.250000     -13.193920      50.000000
9370          15.000000     -11.028857      50.000000
9371          16.250000      -8.863793      50.000000
9372          13.750000      -8.863793      50.000000
9373          12.500000      -6.698730      50.000000
9374           8.750000      12.786842      50.000000
9375           6.250000      12.786842      50.000000
9376           5.000000      14.951905      50.000000
9377           3.750000      12.786842      50.000000
9378           1.250000      12.786842      50.000000
9379          11.250000      12.786842      50.000000
9380          10.000000      14.951905      50.000000
9381          12.500000      10.621778      50.000000
9382          13.750000      12.786842      50.000000
9383          13.750000       8.456715      50.000000
9384           6.250000      17.116969      50.000000
9385           3.750000      17.116969      50.000000
9386          11.250001      17.116968      50.000000
9387           8.750001      17.116968      50.000000
9388           7.500001      19.282032      50.000000
9389           2.500000      19.282032      50.000000
9390           1.250000      17.116969      50.000000
9391          -1.250000      17.116969      50.000000
9392          -0.000000      14.951905      50.000000
9393          -1.250000      12.786842      50.000000
9394          16.250000      12.786842      50.000000
9395          15.000000      14.951905      50.000000
9396          16.250001      17.116968      50.000000
9397          13.750001      17.116968      50.000000
9398          12.500003      19.282031      50.000000
9399          17.500000      10.621778      50.000000
9400          18.750000      12.786842      50.000000
9401          16.250000       8.456715      50.000000
9402          18.750000       8.456715      50.000000
9403          15.000000       6.291651      50.000000
9404          21.250000      12.786842      50.000000
9405          20.000000      14.951905      50.000000
9406          21.250000      17.116969      50.000000
9407          18.750000      17.116969      50.000000
9408          17.500001      19.282031      50.000000
9409           1.250000     -21.854174      50.000000
9410           2.500000     -24.019238      50.000000
9411           1.250000     -26.184301      50.000000
9412           3.750000     -26.184301      50.000000
9413           5.000000     -28.349365      50.000000
9414          22.500000      10.621778      50.000000
9415          23.750000      12.786842      50.000000
9416          21.250000       8.456715      50.000000
9417          23.750000       8.456715      50.000000
9418          20.000000       6.291651      50.000000
9419          23.749792     -26.184421      50.000000
9420          22.499792     -24.019358      50.000000
9421          23.749758     -21.854314      50.000000
9422          21.249965     -21.854194      50.000000
9423          19.999960     -19.689134      50.000000
9424           3.750000      21.447096      50.000000
9425           1.250000      21.447096      50.000000
9426           6.250001      21.447095      50.000000
9427           5.000001      23.612158      50.000000
9428           8.750003      21.447094      50.000000
9429          -0.000000      23.612159      50.000000
9430          -1.250000      21.447096      50.000000
9431          -3.750000      21.447096      50.000000
9432          -2.500000      19.282032      50.000000
9433          -3.750000      17.116969      50.000000
9434          23.754169      17.114562      50.000000
9435          22.504169      19.279625      50.000000
9436          25.000000      14.951905      50.000000
9437          26.254169      17.114562      50.000000
9438          26.250000      12.786842      50.000000
9439          23.754864      21.444288      50.000000
9440          21.250695      21.446695      50.000000
9441          20.000865      23.611660      50.000000
9442          18.750170      21.446997      50.000000
9443          16.250172      21.446997      50.000000
9444          26.259149      21.441814      50.000000
9445          25.005675      23.608883      50.000000
9446          27.426293      19.336116      50.000000
9447          28.677104      21.500711      50.000000
9448          28.672124      17.173460      50.000000
9449           1.250000      25.777223      50.000000
9450          -1.250000      25.777223      50.000000
9451           3.750000      25.777223      50.000000
9452           2.500000      27.942286      50.000000
9453           6.250001      25.777222      50.000000
9454          -5.000000      23.612159      50.000000
9455          -6.250000      21.447096      50.000000
9456          -3.750000      25.777223      50.000000
9457          -6.250000      25.777223      50.000000
9458          -2.500000      27.942286      50.000000
9459          -8.750000      21.447096      50.000000
9460          -7.500000      19.282032      50.000000
9461          -8.750000      17.116969      50.000000
9462          -6.250000      17.116969      50.000000
9463          -5.000000      14.951905      50.000000
9464         -10.000000      23.612159      50.000000
9465         -11.250000      21.447096      50.000000
9466          -8.750000      25.777223      50.000000
9467         -11.250000      25.777223      50.000000
9468          -7.500000      27.942286      50.000000
9469         -13.750000      21.447096      50.000000
9470         -12.500000      19.282032      50.000000
9471         -13.750000      17.116969      50.000000
9472         -11.250000      17.116969      50.000000
9473         -10.000000      14.951905      50.000000
9474         -15.000000      23.612159      50.000000
9475         -16.250000      21.447096      50.000000
9476         -13.752997      25.775273      50.000000
9477         -16.252997      25.775273      50.000000
9478         -12.502997      27.940336      50.000000
9479         -18.750000      21.447096      50.000000
9480         -17.500000      19.282032      50.000000
9481         -18.750000      17.116969      50.000000
9482         -16.250000      17.116969      50.000000
9483         -15.000000      14.951905      50.000000
9484         -20.000000      23.612159      50.000000
9485         -21.250000      21.447096      50.000000
9486         -18.752190      25.775333      50.000000
9487         -21.252190      25.775333      50.000000
9488         -17.505187      27.938446      50.000000
9489         -23.750000      21.447096      50.000000
9490         -22.500000      19.282032      50.000000
9491         -23.750000      17.116969      50.000000
9492         -21.250000      17.116969      50.000000
9493         -20.000000      14.951905      50.000000
9494         -25.000000      23.612159      50.000000
9495         -26.250000      21.447096      50.000000
9496         -23.750000      25.777223      50.000000
9497         -26.250000      25.777223      50.000000
9498         -22.502190      27.940396      50.000000
9499          26.255926      25.773802      50.000000
9500          23.751641      25.776276      50.000000
9501          22.501219      27.941582      50.000000
9502          21.250968      25.776664      50.000000
9503          18.750444      25.776967      50.000000
9504          25.000000       6.291651      50.000000
9505          26.250000       8.456715      50.000000
9506          28.675212       8.408908      50.000000
9507          27.425212      10.573971      50.000000
9508          28.675212      12.739035      50.000000
9509         -26.250000      17.116969      50.000000
9510         -25.000000      14.951905      50.000000
9511         -28.741153      21.441988      50.000000
9512         -27.491153      19.276924      50.000000
9513         -28.741153      17.111861      50.000000
9514         -26.250000      12.786842      50.000000
9515         -23.750000      12.786842      50.000000
9516         -22.500000      10.621778      50.000000
9517         -21.250000      12.786842      50.000000
9518         -18.750000      12.786842      50.000000
9519         -11.250000      -0.203539      50.000000
9520         -10.000000      -2.368603      50.000000
9521         -11.250000      -4.533666      50.000000
9522          -8.750000      -4.533666      50.000000
9523          -7.500000      -6.698730      50.000000
9524          23.750000       4.126588      50.000000
9525          26.250000       4.126588      50.000000
9526          21.250000       4.126588      50.000000
9527          22.500000       1.961524      50.000000
9528          18.750000       4.126588      50.000000
9529          28.750000     -34.844555      50.000000
9530          27.500000     -32.679492      50.000000
9531          28.750000     -30.514428      50.000000
9532          26.250000     -30.514428      50.000000
9533          25.000000     -28.349365      50.000000
9534          28.755967      25.773778      50.000000
9535          27.501933      27.941170      50.000000
9536          29.976561      23.598732      50.000000
9537          31.222569      25.766100      50.000000
9538          31.143706      21.493034      50.000000
9539         -27.404584      27.887198      50.000000
9540         -28.654584      25.722134      50.000000
9541         -31.101500      25.691486      50.000000
9542         -29.946916      23.581511      50.000000
9543         -31.188069      21.411340      50.000000
9544         -26.234097      30.098168      50.000000
9545         -28.638681      30.043080      50.000000
9546         -23.747350      30.105820      50.000000
9547         -24.981447      32.261702      50.000000
9548         -21.249539      30.103929      50.000000
9549          -6.250000      30.095591      50.000000
9550          -8.750000      30.095591      50.000000
9551         -10.003131      32.244976      50.000000
9552         -11.253131      30.091671      50.000000
9553         -13.756128      30.089721      50.000000
9554          23.751150      30.104345      50.000000
9555          21.250478      30.104733      50.000000
9556          28.750988      30.106780      50.000000
9557          26.250946      30.106804      50.000000
9558          25.000204      32.269955      50.000000
9559          17.500319      27.942102      50.000000
9560          18.750305      30.105322      50.000000
9561          16.250077      30.105454      50.000000
9562          16.250216      25.777098      50.000000
9563          20.000236      32.268085      50.000000
9564         -28.750000      12.786842      50.000000
9565         -27.500000      10.621778      50.000000
9566         -29.976872      14.932287      50.000000
9567         -31.226872      12.767223      50.000000
9568         -31.218025      17.092242      50.000000
9569         -28.750000       8.456715      50.000000
9570         -26.250000       8.456715      50.000000
9571         -25.000000       6.291651      50.000000
9572         -23.750000       8.456715      50.000000
9573         -21.250000       8.456715      50.000000
9574          27.500000       1.961524      50.000000
9575          28.750000       4.126588      50.000000
9576          30.000000       6.291651      50.000000
9577          31.175212       8.408908      50.000000
9578          31.250000       4.126588      50.000000
9579          26.250000      -0.203539      50.000000
9580          28.750000      -0.203539      50.000000
9581          23.750000      -0.203539      50.000000
9582          25.000000      -2.368603      50.000000
9583          21.250000      -0.203539      50.000000
9584           3.750000      30.107350      50.000000
9585           1.250000      30.107350      50.000000
9586          -0.000000      32.272413      50.000000
9587          -1.250000      30.107350      50.000000
9588          -3.750000      30.107350      50.000000
9589         -12.500000       1.961524      50.000000
9590         -13.750000      -0.203539      50.000000
9591         -10.000000       6.291651      50.000000
9592         -11.250000       4.126588      50.000000
9593         -13.750000       4.126588      50.000000
9594         -16.250000      -0.203539      50.000000
9595         -15.000000      -2.368603      50.000000
9596         -16.249998      -4.533668      50.000000
9597         -13.749998      -4.533668      50.000000
9598         -12.499998      -6.698731      50.000000
9599          31.264958      12.763082      50.000000
9600          30.089746      14.975953      50.000000
9601          31.888977      10.292850      50.000000
9602          33.303511      12.529767      50.000000
9603          33.213765       8.175593      50.000000
9604          30.000000      -2.368603      50.000000
9605          31.250000      -0.203539      50.000000
9606          33.750000      -0.203539      50.000000
9607          32.500000       1.961524      50.000000
9608          33.750000       4.126588      50.000000
9609          28.750000      -4.533666      50.000000
9610          31.250000      -4.533666      50.000000
9611          26.250000      -4.533666      50.000000
9612          27.500000      -6.698730      50.000000
9613          23.750000      -4.533666      50.000000
9614          31.251152      30.106685      50.000000
9615          30.000165      32.272318      50.000000
9616          33.603647      25.609332      50.000000
9617          32.383054      27.784378      50.000000
9618          33.632231      29.949917      50.000000
9619         -29.653679      32.380874      50.000000
9620         -30.824166      30.169903      50.000000
9621         -31.872137      27.659207      50.000000
9622         -33.164470      25.518585      50.000000
9623         -32.887135      29.997002      50.000000
9624         -31.250000       8.456715      50.000000
9625         -30.000000       6.291651      50.000000
9626         -32.500000      10.621778      50.000000
9627         -33.750000       8.456715      50.000000
9628         -33.726872      12.767223      50.000000
9629         -31.250000       4.126588      50.000000
9630         -28.750000       4.126588      50.000000
9631         -27.500000       1.961524      50.000000
9632         -26.250000       4.126588      50.000000
9633         -23.750000       4.126588      50.000000
9634           6.250000      30.107350      50.000000
9635           5.000000      32.272413      50.000000
9636           7.500000      27.942286      50.000000
9637           8.750000      30.107350      50.000000
9638           8.750001      25.777222      50.000000
9639          16.250000       4.126588      50.000000
9640          17.500000       1.961524      50.000000
9641          16.250000      -0.203539      50.000000
9642          18.750000      -0.203539      50.000000
9643          20.000000      -2.368603      50.000000
9644           7.500000     -32.679492      50.000000
9645           6.250000     -34.844555      50.000000
9646           8.750000     -34.844555      50.000000
9647           6.250000     -30.514428      50.000000
9648          10.000000     -37.009619      50.000000
9649          31.250192      34.425607      50.000000
9650          28.750027      34.425702      50.000000
9651          27.500032      36.588803      50.000000
9652          26.250005      34.435514      50.000000
9653          23.750209      34.433056      50.000000
9654         -23.744257      34.434161      50.000000
9655         -26.231005      34.426510      50.000000
9656         -28.459413      34.629517      50.000000
9657         -30.644898      34.756340      50.000000
9658         -27.222224      36.801977      50.000000
9659         -21.344739      34.378613      50.000000
9660         -22.594298      36.543422      50.000000
9661         -20.013139      32.261073      50.000000
9662         -18.863180      34.370333      50.000000
9663         -18.767980      30.095649      50.000000
9664           6.250000      34.425718      50.000000
9665           3.750000      34.425718      50.000000
9666           1.348347      34.378736      50.000000
9667          -1.151653      34.378736      50.000000
9668           2.598347      36.532041      50.000000
9669          11.250000      30.107350      50.000000
9670          10.000000      32.272413      50.000000
9671          11.250000      34.423758      50.000000
9672           8.750000      34.423758      50.000000
9673           7.500000      36.577063      50.000000
9674         -33.593127       4.168580      50.000000
9675         -32.343127       2.003517      50.000000
9676         -36.089170       8.411397      50.000000
9677         -34.839170       6.246334      50.000000
9678         -35.932297       4.123262      50.000000
9679         -28.750000      -0.203539      50.000000
9680         -26.250000      -0.203539      50.000000
9681         -31.231034      -0.214489      50.000000
9682         -29.981034      -2.379553      50.000000
9683         -33.574162      -0.172497      50.000000
9684          31.877897      19.637171      50.000000
9685          33.177355      21.735191      50.000000
9686          34.797294      23.299674      50.000000
9687          35.957779      25.317952      50.000000
9688          35.531486      21.443811      50.000000
9689         -33.574035      21.340132      50.000000
9690         -32.368272      19.200608      50.000000
9691         -34.420735      23.336688      50.000000
9692         -35.600938      21.125957      50.000000
9693         -35.191372      25.304409      50.000000
9694          32.490154      -6.693045      50.000000
9695          33.740154      -4.527982      50.000000
9696          35.000000      -2.368603      50.000000
9697          36.250000      -0.203539      50.000000
9698          36.240154      -4.527982      50.000000
9699          26.250000      -8.863793      50.000000
9700          28.750000      -8.863793      50.000000
9701          30.000000     -11.028857      50.000000
9702          31.250000      -8.863793      50.000000
9703          33.740154      -8.858109      50.000000
9704          33.750197      34.423645      50.000000
9705          32.500059      36.577029      50.000000
9706          35.154367      32.138145      50.000000
9707          36.404234      34.289566      50.000000
9708          36.286268      29.815838      50.000000
9709         -31.529463      37.207350      50.000000
9710         -32.723729      34.958707      50.000000
9711         -33.925273      32.656585      50.000000
9712         -34.973244      30.145889      50.000000
9713         -34.809838      35.107594      50.000000
9714         -24.999912      -2.368653      50.000000
9715         -23.749912      -0.203590      50.000000
9716         -22.500000       1.961524      50.000000
9717         -21.249912      -0.203590      50.000000
9718         -21.250000       4.126588      50.000000
9719         -31.227874      -4.546441      50.000000
9720         -28.746839      -4.535491      50.000000
9721         -27.496312      -6.700859      50.000000
9722         -26.249473      -4.533970      50.000000
9723         -23.749385      -4.534021      50.000000
9724         -33.553805      -4.754351      50.000000
9725         -32.319609      -6.910290      50.000000
9726         -35.979334      -0.227246      50.000000
9727         -34.867241      -2.445251      50.000000
9728         -35.958977      -4.809100      50.000000
9729         -28.746224      -8.865973      50.000000
9730         -26.248859      -8.864452      50.000000
9731         -31.187814      -8.909349      50.000000
9732         -29.940360     -11.072942      50.000000
9733         -33.513745      -9.117259      50.000000
9734         -24.999336     -11.029240      50.000000
9735         -23.749424      -8.864126      50.000000
9736         -21.249837      -8.863887      50.000000
9737         -22.499360      -6.699099      50.000000
9738         -21.249799      -4.533782      50.000000
9739         -26.249275     -13.194339      50.000000
9740         -23.749840     -13.194013      50.000000
9741         -28.653452     -13.164387      50.000000
9742         -27.403956     -15.329159      50.000000
9743         -31.095042     -13.207762      50.000000
9744         -22.499863     -15.359063      50.000000
9745         -21.249924     -13.193964      50.000000
9746         -18.749961     -13.193943      50.000000
9747         -19.999938     -11.028893      50.000000
9748         -18.749874      -8.863866      50.000000
9749         -23.749866     -17.524124      50.000000
9750         -21.249950     -17.524076      50.000000
9751         -26.214686     -17.532438      50.000000
9752         -24.964773     -19.697451      50.000000
9753         -28.618863     -17.502486      50.000000
9754         -19.999975     -19.689125      50.000000
9755         -18.749971     -17.524064      50.000000
9756         -16.249991     -17.524053      50.000000
9757         -17.499966     -15.359003      50.000000
9758         -16.249980     -13.193932      50.000000
9759         -21.249973     -21.854190      50.000000
9760         -18.749994     -21.854178      50.000000
9761         -23.749973     -21.854190      50.000000
9762         -22.499991     -24.019243      50.000000
9763         -26.214792     -21.862504      50.000000
9764         -17.499995     -24.019241      50.000000
9765         -16.249997     -21.854176      50.000000
9766         -13.749998     -21.854175      50.000000
9767         -14.999997     -19.689112      50.000000
9768         -13.749992     -17.524052      50.000000
9769         -23.749994     -26.184305      50.000000
9770         -21.249994     -26.184305      50.000000
9771         -18.751928     -26.186187      50.000000
9772         -16.251932     -26.186185      50.000000
9773         -20.001931     -28.351249      50.000000
9774         -26.233570     -26.193787      50.000000
9775         -24.983573     -28.358849      50.000000
9776         -27.384844     -24.099012      50.000000
9777         -28.618423     -26.273556      50.000000
9778         -28.599645     -21.942273      50.000000
9779         -12.499999     -24.019239      50.000000
9780         -11.249999     -21.854175      50.000000
9781         -13.750305     -26.184600      50.000000
9782         -11.250306     -26.184600      50.000000
9783         -15.002239     -28.351546      50.000000
9784         -26.290318     -30.579148      50.000000
9785         -23.806742     -30.569665      50.000000
9786         -22.566201     -32.743934      50.000000
9787         -21.259456     -30.523635      50.000000
9788         -18.761390     -30.525518      50.000000
9789         -30.815540     -26.220370      50.000000
9790         -29.664265     -28.315145      50.000000
9791         -28.705859     -30.419367      50.000000
9792         -27.529029     -32.630183      50.000000
9793         -30.902976     -30.366181      50.000000
9794         -30.090308     -19.766032      50.000000
9795         -31.260360     -22.002540      50.000000
9796         -33.299583     -22.335016      50.000000
9797         -31.808921     -24.511257      50.000000
9798         -32.854763     -26.552846      50.000000
9799         -29.044091     -35.032190      50.000000
9800         -26.628551     -35.191970      50.000000
9801         -23.806744     -34.899791      50.000000
9802         -21.259457     -34.853762      50.000000
9803         -25.321807     -37.301798      50.000000
9804         -31.514446     -34.085795      50.000000
9805         -30.613968     -36.647581      50.000000
9806         -32.799322     -29.860253      50.000000
9807         -31.840915     -31.964476      50.000000
9808         -33.410792     -33.579867      50.000000
9809         -20.001576     -37.011153      50.000000
9810         -18.761033     -34.855296      50.000000
9811         -16.253415     -34.847880      50.000000
9812         -17.511296     -32.690488      50.000000
9813         -16.253771     -30.518102      50.000000
9814         -33.175127     -13.014169      50.000000
9815         -31.888220     -15.105614      50.000000
9816         -35.881929      -9.493390      50.000000
9817         -34.750134     -11.492449      50.000000
9818         -35.543312     -13.390301      50.000000
9819          -8.750000     -21.854175      50.000000
9820          -9.999999     -19.689111      50.000000
9821          -8.750000     -17.524047      50.000000
9822         -11.249999     -17.524048      50.000000
9823         -12.499993     -15.358988      50.000000
9824          -7.500000     -24.019238      50.000000
9825          -6.250000     -21.854174      50.000000
9826          -8.750000     -26.184302      50.000000
9827          -6.250000     -26.184301      50.000000
9828         -10.000306     -28.349663      50.000000
9829         -18.750000       8.456715      50.000000
9830         -20.000000       6.291651      50.000000
9831         -16.250000       8.456715      50.000000
9832         -17.500000      10.621778      50.000000
9833         -16.250000      12.786842      50.000000
9834          23.750000      -8.863793      50.000000
9835          25.000000     -11.028857      50.000000
9836          22.500000      -6.698730      50.000000
9837          21.250000      -8.863793      50.000000
9838          21.250000      -4.533666      50.000000
9839          28.750000     -13.193920      50.000000
9840          31.250000     -13.193920      50.000000
9841          26.250000     -13.193920      50.000000
9842          27.500000     -15.358984      50.000000
9843          23.750000     -13.193920      50.000000
9844          32.500000     -15.358984      50.000000
9845          33.750000     -13.193920      50.000000
9846          36.190924     -13.159813      50.000000
9847          34.940924     -10.994749      50.000000
9848          36.181078      -8.824001      50.000000
9849          31.250000     -17.524047      50.000000
9850          33.750000     -17.524047      50.000000
9851          28.749752     -17.524191      50.000000
9852          29.999752     -19.689254      50.000000
9853          26.249752     -17.524191      50.000000
9854          -8.750000       8.456715      50.000000
9855          -6.250000       8.456715      50.000000
9856          -7.500000      10.621778      50.000000
9857         -11.250000       8.456715      50.000000
9858          -3.750000       8.456715      50.000000
9859         -21.726483      38.727935      50.000000
9860         -24.126001      38.783483      50.000000
9861         -25.379093      40.950332      50.000000
9862         -26.246908      38.765819      50.000000
9863         -28.475316      38.968825      50.000000
9864         -37.836788      10.445056      50.000000
9865         -38.925957       8.234674      50.000000
9866         -36.242961      12.750554      50.000000
9867         -39.079749      12.573832      50.000000
9868         -34.969834      14.895999      50.000000
9869          38.710896      -0.225405      50.000000
9870          37.460896       1.939659      50.000000
9871          38.638874       4.420596      50.000000
9872          36.177978       4.442462      50.000000
9873          34.927978       6.607525      50.000000
9874          34.955127     -19.715018      50.000000
9875          36.205127     -17.549955      50.000000
9876          39.054017     -17.490471      50.000000
9877          37.848890     -15.299500      50.000000
9878          39.039814     -13.100330      50.000000
9879          33.742521     -21.858492      50.000000
9880          36.197648     -21.884400      50.000000
9881          31.248754     -21.854894      50.000000
9882          32.491275     -24.024275      50.000000
9883          28.748505     -21.855037      50.000000
9884          30.000000     -37.009619      50.000000
9885          31.250000     -34.844555      50.000000
9886          28.750000     -39.174682      50.000000
9887          31.250000     -39.174682      50.000000
9888          27.500000     -41.339746      50.000000
9889          33.750000     -34.844555      50.000000
9890          32.500000     -32.679492      50.000000
9891          33.750000     -30.514428      50.000000
9892          31.250000     -30.514428      50.000000
9893          30.000000     -28.349365      50.000000
9894          -6.250000     -17.524047      50.000000
9895          -7.500000     -15.358984      50.000000
9896          -3.750000     -21.854174      50.000000
9897          -5.000000     -19.689111      50.000000
9898          -3.750000     -17.524047      50.000000
9899          -8.749999     -13.193921      50.000000
9900         -11.249996     -13.193923      50.000000
9901         -13.749989     -13.193927      50.000000
9902          -9.999996     -11.028859      50.000000
9903          -5.000000     -28.349365      50.000000
9904          -3.750000     -26.184301      50.000000
9905          -1.250000     -26.184301      50.000000
9906          -2.500000     -24.019238      50.000000
9907          -1.250000     -21.854174      50.000000
9908          -6.250000     -30.514428      50.000000
9909          -3.750000     -30.514428      50.000000
9910          -8.750000     -30.514428      50.000000
9911          -7.500000     -32.679492      50.000000
9912         -11.250306     -30.514727      50.000000
9913          -2.500000     -32.679492      50.000000
9914          -1.250000     -30.514428      50.000000
9915           1.250000     -30.514428      50.000000
9916           0.000000     -28.349365      50.000000
9917          -3.750000     -34.844555      50.000000
9918          -1.250000     -34.844555      50.000000
9919          -8.750000     -34.844555      50.000000
9920          -6.250000     -34.844555      50.000000
9921          -5.000000     -37.009619      50.000000
9922           0.000000     -37.009619      50.000000
9923           1.250000     -34.844555      50.000000
9924           3.750000     -34.844555      50.000000
9925           2.500000     -32.679492      50.000000
9926           3.750000     -30.514428      50.000000
9927          35.000000     -37.009619      50.000000
9928          36.250000     -34.844555      50.000000
9929          33.744181     -39.178042      50.000000
9930          36.244181     -39.178042      50.000000
9931          38.812921     -34.835057      50.000000
9932          37.562921     -32.669993      50.000000
9933          38.814141     -30.494072      50.000000
9934          36.251220     -30.503570      50.000000
9935          35.001220     -28.338507      50.000000
9936          40.000000     -37.009619      50.000000
9937          38.733885     -39.183986      50.000000
9938          41.233885     -39.183986      50.000000
9939          37.478066     -41.352409      50.000000
9940          22.500000     -15.358984      50.000000
9941          21.249965     -17.524067      50.000000
9942          23.749965     -17.524067      50.000000
9943          21.250000     -13.193920      50.000000
9944          24.999717     -19.689274      50.000000
9945         -17.500000       1.961524      50.000000
9946         -18.750000      -0.203539      50.000000
9947         -16.250000       4.126588      50.000000
9948         -18.750000       4.126588      50.000000
9949         -15.000000       6.291651      50.000000
9950         -21.250000     -39.174682      50.000000
9951         -18.751576     -39.176217      50.000000
9952         -26.225903     -39.267153      50.000000
9953         -23.404096     -38.974975      50.000000
9954         -22.154096     -41.140038      50.000000
9955         -12.501839     -32.681282      50.000000
9956         -13.751839     -34.846346      50.000000
9957         -11.250000     -34.844555      50.000000
9958         -13.752145     -30.516517      50.000000
9959         -10.000000     -37.009619      50.000000
9960          12.500046      27.942260      50.000000
9961          13.750046      30.107324      50.000000
9962          11.250008      25.777218      50.000000
9963          13.750053      25.777192      50.000000
9964          10.000009      23.612154      50.000000
9965          31.248754     -26.185021      50.000000
9966          28.748754     -26.185021      50.000000
9967          27.498546     -24.020077      50.000000
9968          26.249792     -26.184421      50.000000
9969         -11.250000      12.786842      50.000000
9970          -8.750000      12.786842      50.000000
9971         -13.750000      12.786842      50.000000
9972         -12.500000      10.621778      50.000000
9973          12.500000       1.961524      50.000000
9974          13.750000       4.126588      50.000000
9975          11.250000      -0.203539      50.000000
9976          13.750000      -0.203539      50.000000
9977          10.000000      -2.368603      50.000000
9978          -2.401653      36.543800      50.000000
9979          -3.750000      34.437477      50.000000
9980          -6.250000      34.425718      50.000000
9981          -5.000000      32.260655      50.000000
9982         -14.999984     -11.028866      50.000000
9983         -16.249985      -8.863802      50.000000
9984         -13.749994      -8.863797      50.000000
9985         -17.499885      -6.698796      50.000000
9986          15.000032      32.270543      50.000000
9987          13.750000      34.421417      50.000000
9988          12.500000      36.572762      50.000000
9989          16.250032      34.419547      50.000000
9990           8.750000     -39.174682      50.000000
9991           6.250000     -39.174682      50.000000
9992           7.500000     -41.339746      50.000000
9993          -1.250000     -39.174682      50.000000
9994           1.250000     -39.174682      50.000000
9995          -3.750000     -39.174682      50.000000
9996          -2.500000     -41.339746      50.000000
9997          -6.250000     -39.174682      50.000000
9998         -15.001576     -37.011153      50.000000
9999         -16.251839     -39.176473      50.000000
10000        -13.750263     -39.174938      50.000000
10001        -16.265790      34.427666      50.000000
10002        -17.597390      36.545207      50.000000
10003        -16.840082      38.426920      50.000000
10004        -19.437472      38.369586      50.000000
10005        -20.969175      40.609648      50.000000
10006         39.962744      -2.396777      50.000000
10007         38.750000      -4.533666      50.000000
10008         37.490154      -6.693045      50.000000
10009          8.825915      38.356387      50.000000
10010          6.325915      38.358347      50.000000
10011          4.129575      38.755357      50.000000
10012          1.727922      38.708375      50.000000
10013         33.748212      38.608665      50.000000
10014         31.248208      38.610628      50.000000
10015         28.750027      38.755829      50.000000
10016         26.250005      38.765641      50.000000
10017         38.889716      34.418240      50.000000
10018         37.485545      36.703740      50.000000
10019         38.700499      39.082948      50.000000
10020         36.215017      38.954274      50.000000
10021         25.000000      40.932667      50.000000
10022         23.750005      38.765641      50.000000
10023         21.250001      38.755518      50.000000
10024         22.500005      36.588492      50.000000
10025         21.250205      34.422932      50.000000
10026         37.457684     -24.043962      50.000000
10027         38.670290     -21.900488      50.000000
10028         40.880584     -22.025315      50.000000
10029         39.620548     -19.865752      50.000000
10030         38.690924      -8.829686      50.000000
10031         39.581632     -10.735522      50.000000
10032         41.239598     -12.875209      50.000000
10033        -39.487089       5.586134      50.000000
10034        -37.941522       4.455190      50.000000
10035        -36.695479       2.377436      50.000000
10036        -40.250271       3.840308      50.000000
10037          5.000000     -37.009619      50.000000
10038          3.750000     -39.174682      50.000000
10039          0.000000     -19.689111      50.000000
10040         -1.250000     -17.524047      50.000000
10041         36.243741     -26.177761      50.000000
10042         38.716383     -26.193850      50.000000
10043         33.742521     -26.188619      50.000000
10044         41.201880     -26.124333      50.000000
10045         39.987937     -28.258132      50.000000
10046         43.829024     -25.790835      50.000000
10047         42.557470     -23.726553      50.000000
10048        -19.999912      -2.368653      50.000000
10049        -18.749887      -4.533732      50.000000
10050         -8.749999      -8.863794      50.000000
10051        -11.249996      -8.863795      50.000000
10052        -15.018921      32.246924      50.000000
10053        -13.753131      34.421798      50.000000
10054        -16.268787      30.095589      50.000000
10055        -12.500000      38.971143      50.000000
10056        -12.459236      41.462243      50.000000
10057        -14.959236      39.093640      50.000000
10058        -12.500163      36.446805      50.000000
10059        -10.000163      38.815408      50.000000
10060        -11.253294      34.266063      50.000000
10061         39.922344      32.725783      50.000000
10062         41.003655      35.139957      50.000000
10063         36.717403      27.530107      50.000000
10064         38.239539      29.718335      50.000000
10065         39.882008      30.789489      50.000000
10066         40.313143      28.503758      50.000000
10067         41.012162      38.751806      50.000000
10068         39.741635      41.002341      50.000000
10069         42.513356      37.024761      50.000000
10070        -25.354786      43.023566      50.000000
10071        -27.475694      43.005901      50.000000
10072        -22.680865      43.209015      50.000000
10073         25.000000      43.371822      50.000000
10074         39.740300      43.399166      50.000000
10075        -39.688061      14.881800      50.000000
10076        -41.281887      12.576301      50.000000
10077        -36.120081      17.004365      50.000000
10078        -33.603991      17.021034      50.000000
10079        -37.381467      19.227295      50.000000
10080        -38.747310      17.102260      50.000000
10081        -29.291734      41.289216      50.000000
10082        -30.267050      39.325374      50.000000
10083         18.750001      38.599746      50.000000
10084         17.500001      36.574395      50.000000
10085         18.750033      34.423521      50.000000
10086         16.250000      38.595772      50.000000
10087         39.576720       6.358113      50.000000
10088         37.335711       9.662865      50.000000
10089         39.347851       8.461700      50.000000
10090         39.327606      11.201165      50.000000
10091         35.621499      11.230933      50.000000
10092         35.641743       8.491467      50.000000
10093         41.568615       7.896413      50.000000
10094         43.947484     -39.432612      50.000000
10095         26.250000     -43.504809      50.000000
10096         41.339746      12.500000      50.000000
10097         43.504809      11.250000      50.000000
10098         43.504809       8.750000      50.000000
10099         39.313430      18.745291      50.000000
10100         39.297279      16.245291      50.000000
10101         37.285139      14.946457      50.000000
10102         39.327606      13.701165      50.000000
10103         39.261736      21.504147      50.000000
10104         37.203118      20.249438      50.000000
10105         43.674525      23.724070      50.000000
10106         41.522920      22.474070      50.000000
10107         39.412609      23.978217      50.000000
10108         34.967152      16.245291      50.000000
10109         34.997479      13.701165      50.000000
10110         35.583179      18.684956      50.000000
10111         33.295519      17.439664      50.000000
10112         31.261870      17.197507      50.000000
10113        -11.236906      43.505210      50.000000
10114         -8.761535      43.505258      50.000000
10115        -41.498813     -12.500000      50.000000
10116        -43.652097     -11.250000      50.000000
10117        -43.676645      -8.750000      50.000000
10118        -39.283159     -18.716761      50.000000
10119        -39.292975     -16.216761      50.000000
10120        -39.240812     -13.434290      50.000000
10121        -39.376320     -10.934290      50.000000
10122        -37.170482     -14.651051      50.000000
10123        -39.277155     -21.205530      50.000000
10124        -37.216642     -19.922291      50.000000
10125        -41.358788     -22.492588      50.000000
10126        -39.292271     -23.698119      50.000000
10127        -43.524790     -23.741956      50.000000
10128        -41.706513      -7.496852      50.000000
10129        -40.123240      -8.750000      50.000000
10130        -40.195432      -6.246852      50.000000
10131        -37.865239      -9.684290      50.000000
10132        -34.980830     -21.118680      50.000000
10133        -34.986834     -18.629910      50.000000
10134        -33.359664     -17.369160      50.000000
10135        -35.595476     -16.172772      50.000000
10136        -39.013432     -26.424690      50.000000
10137        -36.931799     -25.137632      50.000000
10138        -35.250553     -26.353968      50.000000
10139        -35.529391     -23.627397      50.000000
10140        -41.329950     -27.521703      50.000000
10141        -38.969478     -28.961217      50.000000
10142        -43.520256     -26.246206      50.000000
10143        -39.214533     -31.526608      50.000000
10144        -36.898015     -30.429595      50.000000
10145        -35.440165     -32.226767      50.000000
10146        -35.195111     -29.661376      50.000000
10147        -34.257172     -28.063081      50.000000
10148        -39.248049     -34.043595      50.000000
10149        -39.181324     -36.296101      50.000000
10150        -37.076344     -35.247493      50.000000
10151        -35.046971     -36.600593      50.000000
10152        -35.113696     -34.348087      50.000000
10153        -41.356798     -37.537670      50.000000
10154        -39.185093     -38.741569      50.000000
10155        -39.216570     -41.215824      50.000000
10156        -37.041096     -39.974255      50.000000
10157        -34.853817     -38.879866      50.000000
10158        -32.891169     -37.980459      50.000000
10159        -39.468744     -43.919159      50.000000
10160        -28.052307     -40.198479      50.000000
10161        -30.420814     -38.926854      50.000000
10162        -26.134596     -41.871656      50.000000
10163        -25.571156     -44.079356      50.000000
10164        -23.744753     -43.148031      50.000000
10165        -37.539648      41.382562      50.000000
10166        -43.947484      39.432612      50.000000
10167        -41.233885      39.183986      50.000000
10168        -40.000000      37.009619      50.000000
10169        -38.733885      39.183986      50.000000
10170        -36.305762      39.208194      50.000000
10171        -38.925833      34.872633      50.000000
10172        -38.181524      32.770560      50.000000
10173        -36.755691      34.907546      50.000000
10174        -35.554147      37.209667      50.000000
10175        -34.359909      39.408243      50.000000
10176        -40.491477      27.964349      50.000000
10177        -39.318444      30.381898      50.000000
10178        -37.148301      30.416811      50.000000
10179        -41.545671      25.955829      50.000000
10180        -39.339415      26.019629      50.000000
10181        -43.864304      25.451137      50.000000
10182        -42.712242      23.506418      50.000000
10183        -38.420623      23.566811      50.000000
10184        -37.366429      25.575331      50.000000
10185        -36.110164      27.757227      50.000000
10186        -40.201153      21.668150      50.000000
10187        -38.228167      21.223852      50.000000
10188         26.249544     -21.854438      50.000000
10189         43.724855      26.172099      50.000000
10190         41.814703      27.261526      50.000000
10191         40.172234      26.190373      50.000000
10192         37.911049      25.220449      50.000000
10193        -13.750000       8.456715      50.000000
10194        -32.345881      39.527740      50.000000
10195        -11.250000     -39.174682      50.000000
10196         -8.750000     -39.174682      50.000000
10197        -12.500263     -41.340002      50.000000
10198         -6.250000      12.786842      50.000000
10199         -3.750000      12.786842      50.000000
10200         15.000178      23.612057      50.000000
10201         11.250009      21.447091      50.000000
10202         13.750009      21.447091      50.000000
10203         13.750000      38.751544      50.000000
10204         11.250000      38.753885      50.000000
10205         -0.561571      38.368179      50.000000
10206         -3.159918      38.426920      50.000000
10207          0.969657      40.591495      50.000000
10208         -7.500000      38.971143      50.000000
10209         -5.040683      39.093643      50.000000
10210         -7.540683      41.462245      50.000000
10211         -7.500163      36.446805      50.000000
10212         -8.750163      34.269983      50.000000
10213         17.500000     -15.358984      50.000000
10214         18.750000     -13.193920      50.000000
10215         18.749994     -17.524051      50.000000
10216         18.750000      -8.863793      50.000000
10217         17.500000      -6.698730      50.000000
10218         20.000000     -11.028857      50.000000
10219         18.750000      -4.533666      50.000000
10220         16.250000      -4.533666      50.000000
10221         13.750000      -4.533666      50.000000
10222         11.250000      -4.533666      50.000000
10223         15.000000      -2.368603      50.000000
10224         -2.500000      10.621778      50.000000
10225        -41.780163       2.504513      50.000000
10226        -39.525559      -3.746852      50.000000
10227        -39.518451      -1.231114      50.000000
10228        -37.988559       0.104682      50.000000
10229        -40.234596       1.373568      50.000000
10230        -31.279578     -17.562753      50.000000
10231        -36.628850      -7.309100      50.000000
10232        -37.942286      -5.000000      50.000000
10233        -45.669873     -49.771826     -47.924660
10234        -47.864852     -49.694979     -47.864852
10235        -49.791667     -49.791667     -47.291667
10236        -47.941120     -49.771234     -45.669873
10237         47.864852     -49.694979     -47.864852
10238         45.669873     -49.771234     -47.941107
10239         49.791667     -49.791667     -47.291667
10240         47.941095     -49.771234     -45.669873
10241        -47.864852     -49.694979      47.864852
10242        -45.669873     -49.771234      47.941125
10243        -49.791667     -49.791667      47.291667
10244        -47.943604     -49.771248      45.669873
10245         45.688137     -49.773742      47.951565
10246         47.884148     -49.699044      47.884148
10247         49.790278     -49.792371      47.290278
10248         47.944729     -49.774151      45.688137
10249        -41.153312     -49.737303     -47.649558
10250        -43.653312     -49.737027     -47.608148
10251        -44.323185     -50.000000     -46.060632
10252        -36.233885     -49.732387     -47.606351
10253        -38.733885     -49.731509     -47.597720
10254        -39.887198     -50.000000     -45.735000
10255        -31.250000     -49.731757     -47.600194
10256        -33.750000     -49.731232     -47.596020
10257        -34.983885     -50.000000     -45.679177
10258        -26.249991     -49.731018     -47.594147
10259        -28.749991     -49.731757     -47.600189
10260        -29.999991     -50.000000     -45.669868
10261        -21.250000     -49.730199     -47.543095
10262        -23.750000     -49.731018     -47.594152
10263        -24.999991     -50.000000     -45.669868
10264        -16.250000     -49.729367     -47.564304
10265        -18.750000     -49.730199     -47.543095
10266        -20.000000     -50.000000     -45.669873
10267        -11.250000     -49.729367     -47.564303
10268        -13.750000     -49.729367     -47.564303
10269        -15.000000     -50.000000     -45.669873
10270         -6.250000     -49.729367     -47.564304
10271         -8.750000     -49.729367     -47.564304
10272        -10.000000     -50.000000     -45.669873
10273         -1.250000     -49.729367     -47.564304
10274         -3.750000     -49.729367     -47.564304
10275         -5.000000     -50.000000     -45.669873
10276          3.750000     -49.729367     -47.564304
10277          1.250000     -49.729367     -47.564304
10278         -0.000000     -50.000000     -45.669873
10279          8.750000     -49.729367     -47.564304
10280          6.250000     -49.729367     -47.564304
10281          5.000000     -50.000000     -45.669873
10282         13.750000     -49.729367     -47.564304
10283         11.250000     -49.729367     -47.564304
10284         10.000000     -50.000000     -45.669873
10285         18.750000     -49.729367     -47.564304
10286         16.250000     -49.729367     -47.564304
10287         15.000000     -50.000000     -45.669873
10288         23.750000     -49.729367     -47.564304
10289         21.250000     -49.729367     -47.564304
10290         20.000000     -50.000000     -45.669873
10291         28.750000     -49.729367     -47.564304
10292         26.250000     -49.729367     -47.564304
10293         25.000000     -50.000000     -45.669873
10294         33.750000     -49.729367     -47.564304
10295         31.250000     -49.729367     -47.564304
10296         30.000000     -50.000000     -45.669873
10297         38.731200     -49.730724     -47.576515
10298         36.231200     -49.730724     -47.576515
10299         34.981200     -50.000000     -45.680727
10300         43.653312     -49.736345     -47.627104
10301         41.153312     -49.736345     -47.627104
10302         39.884512     -50.000000     -45.736550
10303         44.323185     -50.000000     -46.060632
10304        -43.428024     -49.712138      47.409260
10305        -40.928024     -49.712142      47.407612
10306        -44.097897     -50.000000      45.866973
10307        -38.719883     -49.790780      48.115805
10308        -36.219883     -49.790895      48.124019
10309        -39.647907     -50.000000      46.023311
10310        -33.738670     -49.712243      47.418398
10311        -31.238670     -49.716185      47.457167
10312        -34.958553     -50.000000      46.022851
10313        -28.653336     -49.736967      47.643357
10314        -26.153336     -49.733163      47.597815
10315        -29.892006     -50.000000      45.561938
10316        -23.730667     -49.779165      48.011945
10317        -21.230667     -49.782613      47.973604
10318        -24.884003     -50.000000      46.098610
10319        -18.750000     -49.733593      47.516664
10320        -16.250000     -49.730583      47.538679
10321        -19.980667     -50.000000      46.068250
10322        -13.750000     -49.779401      47.984665
10323        -11.250000     -49.779401      47.984665
10324        -15.000000     -50.000000      46.062178
10325         -8.750000     -49.730583      47.538679
10326         -6.250000     -49.729369      47.563175
10327        -10.000000     -50.000000      46.062178
10328         -3.671498     -49.737287      47.634465
10329         -1.171498     -49.737389      47.628138
10330         -4.921498     -50.000000      45.733213
10331          1.350109     -49.738166      47.635154
10332          3.850109     -49.738181      47.634646
10333          0.178611     -50.000000      45.802769
10334          6.263679     -49.730661      47.566710
10335          8.763679     -49.730540      47.573952
10336          5.113788     -50.000000      45.748801
10337         11.231963     -49.727703      47.548406
10338         13.731963     -49.727713      47.551890
10339          9.995641     -50.000000      45.665918
10340         16.141776     -49.719384      47.477005
10341         18.641776     -49.722593      47.516745
10342         14.873738     -50.000000      45.576583
10343         21.341113     -49.670609      47.051399
10344         23.841113     -49.667201      47.017715
10345         19.982889     -50.000000      45.089245
10346         26.263761     -49.759858      47.848036
10347         28.763761     -49.759980      47.821764
10348         25.104874     -50.000000      45.410728
10349         31.250000     -49.729843      47.548264
10350         33.750000     -49.729381      47.567080
10351         30.013761     -50.000000      45.911394
10352         36.354991     -49.734117      47.609656
10353         38.854991     -49.734104      47.607496
10354         35.104991     -50.000000      45.707761
10355         41.401393     -49.740940      47.669012
10356         43.901393     -49.741197      47.656918
10357         40.256384     -50.000000      45.800343
10358         44.589530     -50.000000      46.115656
10359        -50.000000     -50.000000     -42.500000
10360        -47.409254     -49.712138     -43.428024
10361        -47.410225     -49.712139     -40.928024
10362        -45.866973     -50.000000     -44.097897
10363        -50.000000     -50.000000     -37.500000
10364        -48.122505     -49.791311     -38.721670
10365        -48.120702     -49.791313     -36.221670
10366        -46.027580     -50.000000     -39.649694
10367        -50.000000     -50.000000     -32.500000
10368        -47.499526     -49.722334     -33.773005
10369        -47.500710     -49.722330     -31.273005
10370        -46.109122     -50.000000     -34.994675
10371        -50.000000     -50.000000     -27.500000
10372        -48.145889     -49.794009     -28.848491
10373        -48.145525     -49.794010     -26.348491
10374        -46.130717     -50.000000     -30.121496
10375        -50.000000     -50.000000     -22.500000
10376        -47.355045     -49.706206     -24.032357
10377        -47.354147     -49.706210     -21.532357
10378        -46.001713     -50.000000     -25.380848
10379        -50.000000     -50.000000     -17.500000
10380        -47.562741     -49.729372     -18.750000
10381        -47.564348     -49.729367     -16.250000
10382        -45.484574     -50.000000     -20.282357
10383        -50.000000     -50.000000     -12.500000
10384        -47.522707     -49.724740     -13.775354
10385        -47.522569     -49.724740     -11.275354
10386        -45.632858     -50.000000     -15.025354
10387        -50.000000     -50.000000      -7.500000
10388        -47.318098     -49.702022      -8.549064
10389        -47.318199     -49.702022      -6.049064
10390        -45.414099     -50.000000      -9.824419
10391        -50.000000     -50.000000      -2.500000
10392        -48.124353     -49.791595      -3.750000
10393        -48.119858     -49.791643      -1.250000
10394        -45.948935     -50.000000      -4.799064
10395        -50.000000     -50.000000       2.500000
10396        -47.434955     -49.715742       1.152458
10397        -47.396024     -49.719270       3.652458
10398        -46.058169     -50.000000      -0.097542
10399        -50.000000     -50.000000       7.500000
10400        -48.052384     -49.790031       6.135841
10401        -48.071873     -49.787819       8.635841
10402        -46.024156     -50.000000       4.788299
10403        -50.000000     -50.000000      12.500000
10404        -47.230656     -49.695247      10.876587
10405        -47.284879     -49.696440      13.376587
10406        -45.855256     -50.000000       9.512428
10407        -50.000000     -50.000000      17.500000
10408        -47.594256     -49.731030      16.250000
10409        -47.569097     -49.729410      18.750000
10410        -45.391447     -50.000000      14.626587
10411        -50.000000     -50.000000      22.500000
10412        -47.574041     -49.729960      21.250073
10413        -47.545006     -49.731009      23.750073
10414        -45.674277     -50.000000      20.000073
10415        -50.000000     -50.000000      27.500000
10416        -47.545389     -49.731050      26.250202
10417        -47.556950     -49.730258      28.750202
10418        -45.679017     -50.000000      25.000275
10419        -50.000000     -50.000000      32.500000
10420        -47.551590     -49.729666      31.250000
10421        -47.592002     -49.730788      33.750000
10422        -45.674613     -50.000000      30.000202
10423        -50.000000     -50.000000      37.500000
10424        -47.602350     -49.731945      36.233885
10425        -47.587690     -49.730840      38.733885
10426        -45.679177     -50.000000      34.983885
10427        -50.000000     -50.000000      42.500000
10428        -47.639745     -49.736648      41.153312
10429        -47.629982     -49.736361      43.653312
10430        -45.735000     -50.000000      39.887198
10431        -46.060632     -50.000000      44.323185
10432         50.000000     -50.000000     -42.500000
10433         47.408683     -49.712187     -40.927803
10434         47.409654     -49.712186     -43.427803
10435         45.867357     -50.000000     -44.097676
10436         50.000000     -50.000000     -37.500000
10437         48.117073     -49.790668     -36.250000
10438         48.115265     -49.790666     -38.750000
10439         46.022802     -50.000000     -39.677803
10440         50.000000     -50.000000     -32.500000
10441         47.500928     -49.722296     -31.277473
10442         47.502112     -49.722300     -33.777473
10443         46.103687     -50.000000     -35.027473
10444         50.000000     -50.000000     -27.500000
10445         48.137184     -49.792959     -26.360439
10446         48.136819     -49.792958     -28.860439
10447         46.122033     -50.000000     -30.137912
10448         50.000000     -50.000000     -22.500000
10449         47.347421     -49.705085     -21.563680
10450         47.346519     -49.705081     -24.063680
10451         45.984303     -50.000000     -25.424118
10452         50.000000     -50.000000     -17.500000
10453         47.564259     -49.729367     -16.250000
10454         47.565866     -49.729372     -18.750000
10455         45.475575     -50.000000     -20.313680
10456         50.000000     -50.000000     -12.500000
10457         47.522333     -49.724693     -11.277245
10458         47.522195     -49.724693     -13.777245
10459         45.632483     -50.000000     -15.027245
10460         50.000000     -50.000000      -7.500000
10461         47.318199     -49.702022      -6.049064
10462         47.318300     -49.702022      -8.549064
10463         45.413724     -50.000000      -9.826309
10464         50.000000     -50.000000      -2.500000
10465         48.128847     -49.791643      -1.250000
10466         48.124353     -49.791595      -3.750000
10467         45.948935     -50.000000      -4.799064
10468         50.000000     -50.000000       2.500000
10469         47.365931     -49.705845       3.598982
10470         47.325138     -49.702149       1.098982
10471         45.949392     -50.000000      -0.151018
10472         50.000000     -50.000000       7.500000
10473         47.582395     -49.729972       8.750000
10474         47.607197     -49.732788       6.250000
10475         45.451570     -50.000000       4.848982
10476         50.000000     -50.000000      12.500000
10477         47.534351     -49.731030      13.750000
10478         47.582395     -49.729972      11.250000
10479         45.669873     -50.000000      10.000000
10480         50.000000     -50.000000      17.500000
10481         47.567054     -49.730246      18.738409
10482         47.541972     -49.731861      16.238409
10483         45.676565     -50.000000      14.988409
10484         50.000000     -50.000000      22.500000
10485         47.633327     -49.735459      23.680452
10486         47.604772     -49.734428      21.180452
10487         45.716719     -50.000000      19.918860
10488         50.000000     -50.000000      27.500000
10489         47.203409     -49.687982      28.852357
10490         47.216783     -49.688899      26.352357
10491         45.376188     -50.000000      25.032809
10492         50.000000     -50.000000      32.500000
10493         47.729446     -49.752889      33.896189
10494         47.771249     -49.751336      31.396189
10495         45.509590     -50.000000      30.248546
10496         50.000000     -50.000000      37.500000
10497         47.893011     -49.771143      38.848311
10498         47.894937     -49.770900      36.348311
10499         46.162137     -50.000000      35.244500
10500         50.000000     -50.000000      42.500000
10501         47.859518     -49.764787      43.791208
10502         47.846649     -49.766107      41.291208
10503         46.266663     -50.000000      40.139520
10504         46.301155     -50.000000      44.479346
10505         42.577445     -50.000000       2.057822
10506         41.173534     -50.000000      -0.253650
10507         43.829357     -50.000000      -0.113507
10508         43.515376     -50.000000       3.995395
10509         40.859554     -50.000000       3.855253
10510         44.545481     -50.000000      -2.462489
10511         43.733679     -50.000000       6.646413
10512        -42.753307     -50.000000       2.180654
10513        -43.967340     -50.000000      -0.039618
10514        -41.269826     -50.000000      -0.163880
10515        -41.272497     -50.000000       4.450038
10516        -43.970012     -50.000000       4.574300
10517        -44.574688     -50.000000      -2.442077
10518        -44.543346     -50.000000       7.057683
10519          1.250000     -50.000000     -43.504809
10520          3.750000     -50.000000     -43.504809
10521          2.500000     -50.000000     -41.339746
10522         -1.250000     -50.000000     -43.504809
10523          6.250000     -50.000000     -43.504809
10524          4.232780     -50.000000      43.559787
10525          6.646350     -50.000000      43.499602
10526          1.962140     -50.000000      43.817793
10527          3.494702     -50.000000      41.568593
10528         -0.559467     -50.000000      43.811576
10529        -43.186974     -50.000000     -16.354129
10530        -43.149959     -50.000000     -13.879483
10531        -43.792856     -50.000000     -18.664749
10532        -41.309957     -50.000000     -17.518878
10533        -43.607557     -50.000000     -21.447106
10534        -20.000000     -50.000000      43.301270
10535        -22.480667     -50.000000      43.699647
10536        -19.999532     -50.000000      40.776838
10537        -17.499532     -50.000000      43.145441
10538        -15.000000     -50.000000      43.301270
10539        -14.999532     -50.000000      40.776838
10540        -12.500000     -50.000000      43.693575
10541         43.183824     -50.000000     -16.370011
10542         43.146434     -50.000000     -13.897256
10543         41.329649     -50.000000     -17.620011
10544         43.815699     -50.000000     -18.750000
10545         43.621401     -50.000000     -21.563680
10546        -18.749944     -50.000000     -43.504777
10547        -21.249944     -50.000000     -43.504777
10548        -16.249975     -50.000000     -43.504795
10549        -17.499919     -50.000000     -41.339699
10550        -13.749974     -50.000000     -43.504795
10551         43.544963     -50.000000      21.180452
10552         43.511502     -50.000000      18.738409
10553         43.411893     -50.000000      25.935067
10554         43.785885     -50.000000      23.263162
10555         41.580668     -50.000000      22.082710
10556         16.250000     -50.000000     -43.504809
10557         13.750000     -50.000000     -43.504809
10558         18.750000     -50.000000     -43.504809
10559         17.500000     -50.000000     -41.339746
10560         21.250000     -50.000000     -43.504809
10561         13.691583     -50.000000      43.556422
10562         16.101396     -50.000000      43.489786
10563         16.835079     -50.000000      41.000030
10564         18.017234     -50.000000      43.020192
10565         20.716572     -50.000000      42.599488
10566        -43.125908     -50.000000      13.424712
10567        -43.404334     -50.000000      16.298125
10568        -41.239270     -50.000000      17.548125
10569        -43.504809     -50.000000      18.750000
10570        -43.509213     -50.000000      21.250073
10571        -33.743659     -50.000000     -43.505386
10572        -36.227544     -50.000000     -43.514690
10573        -31.248792     -50.000000     -43.504631
10574        -32.492451     -50.000000     -41.340144
10575        -28.748783     -50.000000     -43.504626
10576         31.250000     -50.000000     -43.504809
10577         28.750000     -50.000000     -43.504809
10578         33.744181     -50.000000     -43.508169
10579         32.494181     -50.000000     -41.343106
10580         36.225380     -50.000000     -43.519024
10581        -43.545040     -50.000000      33.757273
10582        -43.554344     -50.000000      36.241158
10583        -43.533251     -50.000000      31.251212
10584        -41.408419     -50.000000      32.508485
10585        -43.537992     -50.000000      28.751414
10586         34.875079     -50.000000      43.308846
10587         32.473323     -50.000000      42.924398
10588         34.848402     -50.000000      40.563371
10589         37.480069     -50.000000      43.346734
10590         30.005212     -50.000000      43.389952
10591         27.518973     -50.000000      43.631473
10592         29.978535     -50.000000      40.644478
10593        -44.028642     -50.000000     -34.777814
10594        -41.325202     -50.000000     -34.793545
10595        -42.853844     -50.000000     -32.561741
10596        -44.580480     -50.000000     -37.226480
10597        -41.407297     -50.000000     -30.225828
10598        -44.110737     -50.000000     -30.210098
10599        -44.684170     -50.000000     -27.785584
10600        -30.271928     -50.000000      43.134705
10601        -32.730816     -50.000000      42.598418
10602        -30.525403     -50.000000      40.339841
10603        -27.686594     -50.000000      43.303361
10604        -34.743480     -50.000000      43.946641
10605        -34.996955     -50.000000      41.151777
10606        -37.224692     -50.000000      44.576211
10607         42.841489     -50.000000     -32.606840
10608         41.313120     -50.000000     -34.834177
10609         44.028369     -50.000000     -34.782283
10610         44.077683     -50.000000     -30.238513
10611         41.362434     -50.000000     -30.290407
10612         44.575318     -50.000000     -37.254809
10613         44.642979     -50.000000     -27.821479
10614         43.809763     -50.000000      32.273321
10615         43.302368     -50.000000      29.729489
10616         44.681225     -50.000000      36.751377
10617         44.536072     -50.000000      34.299255
10618         42.328850     -50.000000      33.780198
10619         43.512617     -50.000000      16.236477
10620         43.505925     -50.000000      13.748068
10621         41.340861     -50.000000      12.498068
10622         43.504809     -50.000000      11.250000
10623         43.504809     -50.000000       8.750000
10624         -8.749998     -50.000000     -43.504808
10625         -6.250000     -50.000000     -43.504809
10626         -7.499997     -50.000000     -41.339744
10627        -11.249997     -50.000000     -43.504808
10628         -3.750000     -50.000000     -43.504809
10629        -10.000000     -50.000000      43.301270
10630        -10.028168     -50.000000      40.543342
10631         -7.528168     -50.000000      42.911945
10632         -5.141324     -50.000000      43.345532
10633         -5.169492     -50.000000      40.587605
10634         -2.562822     -50.000000      43.408872
10635        -43.858107     -50.000000      -4.741141
10636        -42.565163     -50.000000      -6.893280
10637        -41.190915     -50.000000      -4.536292
10638        -43.497386     -50.000000      -8.799681
10639        -40.830195     -50.000000      -8.594833
10640        -43.679131     -50.000000     -11.525971
10641         43.828900     -50.000000      -4.761554
10642         41.212723     -50.000000      -4.561854
10643         42.616177     -50.000000      -6.898429
10644         40.890705     -50.000000      -8.604567
10645         43.506882     -50.000000      -8.804267
10646         43.688252     -50.000000     -11.532448
10647        -38.715085     -50.000000     -43.524968
10648        -41.134512     -50.000000     -43.571487
10649        -42.678300     -50.000000     -41.608752
10650        -43.850412     -50.000000     -43.818783
10651         41.137198     -50.000000     -43.569936
10652         43.850796     -50.000000     -43.818562
10653         42.681369     -50.000000     -41.606979
10654         38.715085     -50.000000     -43.524968
10655        -43.524968     -50.000000      38.715085
10656        -43.571487     -50.000000      41.134512
10657        -41.608752     -50.000000      42.678300
10658        -43.818783     -50.000000      43.850412
10659         39.789923     -50.000000      43.156108
10660         42.336325     -50.000000      43.210801
10661         44.047950     -50.000000      41.574491
10662         44.514411     -50.000000      44.218727
10663         12.500000     -50.000000     -41.339746
10664         11.250000     -50.000000     -43.504809
10665          8.750000     -50.000000     -43.504809
10666         18.750000     -50.000000     -39.174682
10667         16.250000     -50.000000     -39.174682
10668         15.000000     -50.000000     -37.009619
10669         13.750000     -50.000000     -39.174682
10670         11.250000     -50.000000     -39.174682
10671         21.250000     -50.000000     -39.174682
10672         20.000000     -50.000000     -37.009619
10673         22.500000     -50.000000     -41.339746
10674         23.750000     -50.000000     -39.174682
10675         23.750000     -50.000000     -43.504809
10676         21.250000     -50.000000     -34.844555
10677         18.750000     -50.000000     -34.844555
10678         17.500000     -50.000000     -32.679492
10679         16.250000     -50.000000     -34.844555
10680         13.750000     -50.000000     -34.844555
10681         23.750000     -50.000000     -34.844555
10682         22.500000     -50.000000     -32.679492
10683         25.000000     -50.000000     -37.009619
10684         26.250000     -50.000000     -34.844555
10685         26.250000     -50.000000     -39.174682
10686         18.750000     -50.000000     -30.514428
10687         16.250000     -50.000000     -30.514428
10688         21.250000     -50.000000     -30.514428
10689         20.000000     -50.000000     -28.349365
10690         23.750000     -50.000000     -30.514428
10691         15.000000     -50.000000     -28.349365
10692         13.750000     -50.000000     -30.514428
10693         11.250000     -50.000000     -30.514428
10694         12.500000     -50.000000     -32.679492
10695         11.250000     -50.000000     -34.844555
10696         16.250000     -50.000000     -26.184301
10697         13.750000     -50.000000     -26.184301
10698         18.750000     -50.000000     -26.184301
10699         17.500000     -50.000000     -24.019238
10700         21.250000     -50.000000     -26.184301
10701         12.500000     -50.000000     -24.019238
10702         11.250000     -50.000000     -26.184301
10703          8.750000     -50.000000     -26.184301
10704         10.000000     -50.000000     -28.349365
10705          8.750000     -50.000000     -30.514428
10706         13.750000     -50.000000     -21.854174
10707         11.250000     -50.000000     -21.854174
10708         16.249999     -50.000000     -21.854175
10709         14.999999     -50.000000     -19.689112
10710         18.749999     -50.000000     -21.854175
10711         10.000000     -50.000000     -19.689111
10712          8.750000     -50.000000     -21.854174
10713          6.250000     -50.000000     -21.854174
10714          7.500000     -50.000000     -24.019238
10715          6.250000     -50.000000     -26.184301
10716         11.250000     -50.000000     -17.524047
10717          8.750000     -50.000000     -17.524047
10718         13.749999     -50.000000     -17.524048
10719         12.499999     -50.000000     -15.358985
10720         16.249998     -50.000000     -17.524049
10721          7.500000     -50.000000     -15.358984
10722          6.250000     -50.000000     -17.524047
10723          3.750000     -50.000000     -17.524047
10724          5.000000     -50.000000     -19.689111
10725          3.750000     -50.000000     -21.854174
10726          8.750000     -50.000000     -13.193920
10727          6.250000     -50.000000     -13.193920
10728         11.250000     -50.000000     -13.193920
10729         10.000000     -50.000000     -11.028857
10730         13.749999     -50.000000     -13.193921
10731          5.000000     -50.000000     -11.028857
10732          3.750000     -50.000000     -13.193920
10733          1.250000     -50.000000     -13.193920
10734          2.500000     -50.000000     -15.358984
10735          1.250000     -50.000000     -17.524047
10736          6.250000     -50.000000      -8.863793
10737          3.750000     -50.000000      -8.863793
10738          8.749998     -50.000000      -8.863795
10739          7.499998     -50.000000      -6.698731
10740         11.249998     -50.000000      -8.863795
10741          2.500000     -50.000000      -6.698730
10742          1.250000     -50.000000      -8.863793
10743         -1.250000     -50.000000      -8.863793
10744         -0.000000     -50.000000     -11.028857
10745         -1.250000     -50.000000     -13.193920
10746          3.750000     -50.000000      -4.533666
10747          1.250000     -50.000000      -4.533666
10748          6.249999     -50.000000      -4.533667
10749          4.999999     -50.000000      -2.368604
10750          8.749997     -50.000000      -4.533668
10751         -0.000000     -50.000000      -2.368603
10752         -1.250000     -50.000000      -4.533666
10753         -3.750000     -50.000000      -4.533666
10754         -2.500000     -50.000000      -6.698730
10755         -3.750000     -50.000000      -8.863793
10756          1.250000     -50.000000      -0.203539
10757         -1.250000     -50.000000      -0.203539
10758          3.750000     -50.000000      -0.203539
10759          2.500000     -50.000000       1.961524
10760          6.249999     -50.000000      -0.203540
10761         -2.500000     -50.000000       1.961524
10762         -3.750000     -50.000000      -0.203539
10763         -6.250000     -50.000000      -0.203539
10764         -5.000000     -50.000000      -2.368603
10765         -6.250000     -50.000000      -4.533666
10766         -3.750000     -50.000000     -13.193920
10767         -2.500000     -50.000000     -15.358984
10768         -5.000000     -50.000000     -11.028857
10769         -6.250000     -50.000000     -13.193920
10770         -6.250000     -50.000000      -8.863793
10771         -1.250000     -50.000000       4.126588
10772         -3.750000     -50.000000       4.126588
10773          3.749999     -50.000000       4.126587
10774          1.249999     -50.000000       4.126587
10775         -0.000001     -50.000000       6.291651
10776         -5.000000     -50.000000       6.291651
10777         -6.250000     -50.000000       4.126588
10778         -8.750000     -50.000000       4.126588
10779         -7.500000     -50.000000       1.961524
10780         -8.750000     -50.000000      -0.203539
10781          7.499992     -50.000000       1.961518
10782          8.749979     -50.000000       4.126572
10783          6.249987     -50.000000       4.126578
10784          8.749991     -50.000000      -0.203546
10785          4.999987     -50.000000       6.291641
10786         -3.750000     -50.000000       8.456715
10787         -6.250000     -50.000000       8.456715
10788         -1.250000     -50.000000       8.456715
10789         -2.500000     -50.000000      10.621778
10790          1.249999     -50.000000       8.456714
10791        -10.000000     -50.000000       6.291651
10792        -11.250000     -50.000000       4.126588
10793         -8.750000     -50.000000       8.456715
10794        -11.250000     -50.000000       8.456715
10795         -7.500000     -50.000000      10.621778
10796        -13.750000     -50.000000       4.126588
10797        -12.500000     -50.000000       1.961524
10798        -13.750000     -50.000000      -0.203539
10799        -11.250000     -50.000000      -0.203539
10800        -10.000000     -50.000000      -2.368603
10801         15.000000     -50.000000     -11.028857
10802         16.249999     -50.000000     -13.193921
10803         16.249993     -50.000000      -8.863798
10804         13.749993     -50.000000      -8.863798
10805         12.499992     -50.000000      -6.698736
10806        -12.500000     -50.000000      10.621778
10807        -13.750000     -50.000000       8.456715
10808        -15.000000     -50.000000       6.291651
10809        -16.250000     -50.000000       4.126588
10810        -16.250000     -50.000000       8.456715
10811        -11.250000     -50.000000      12.786842
10812        -13.750000     -50.000000      12.786842
10813         -8.750000     -50.000000      12.786842
10814        -10.000000     -50.000000      14.951905
10815         -6.250000     -50.000000      12.786842
10816        -16.250000     -50.000000      -0.203539
10817        -15.000000     -50.000000      -2.368603
10818        -17.500000     -50.000000       1.961524
10819        -18.750000     -50.000000      -0.203539
10820        -18.750000     -50.000000       4.126588
10821        -15.000000     -50.000000      14.951905
10822        -16.250000     -50.000000      12.786842
10823        -18.750000     -50.000000      12.786842
10824        -17.500000     -50.000000      10.621778
10825        -18.750000     -50.000000       8.456715
10826        -13.750000     -50.000000      17.116969
10827        -16.250000     -50.000000      17.116969
10828        -11.250000     -50.000000      17.116969
10829        -12.500000     -50.000000      19.282032
10830         -8.750000     -50.000000      17.116969
10831        -17.500000     -50.000000      19.282032
10832        -18.750000     -50.000000      17.116969
10833        -21.250000     -50.000000      17.116969
10834        -20.000000     -50.000000      14.951905
10835        -21.250000     -50.000000      12.786842
10836          1.250000     -50.000000     -21.854174
10837          2.500000     -50.000000     -24.019238
10838          1.250000     -50.000000     -26.184301
10839          3.750000     -50.000000     -26.184301
10840          5.000000     -50.000000     -28.349365
10841         23.749791     -50.000000     -26.184422
10842         22.499791     -50.000000     -24.019358
10843         23.749751     -50.000000     -21.854319
10844         21.249960     -50.000000     -21.854198
10845         19.999959     -50.000000     -19.689135
10846        -11.250000     -50.000000      21.447096
10847        -13.750000     -50.000000      21.447096
10848        -16.249910     -50.000000      21.446945
10849        -18.749910     -50.000000      21.446945
10850        -14.999910     -50.000000      23.612009
10851         -8.750000     -50.000000      21.447096
10852        -10.000000     -50.000000      23.612159
10853         -7.500000     -50.000000      19.282032
10854         -6.250000     -50.000000      21.447096
10855         -6.250000     -50.000000      17.116969
10856        -22.500000     -50.000000      19.282032
10857        -23.750000     -50.000000      17.116969
10858        -21.250000     -50.000000      21.447096
10859        -23.750000     -50.000000      21.447096
10860        -19.999910     -50.000000      23.612009
10861        -26.250000     -50.000000      17.116969
10862        -25.000000     -50.000000      14.951905
10863        -26.250000     -50.000000      12.786842
10864        -23.750000     -50.000000      12.786842
10865        -22.500000     -50.000000      10.621778
10866        -25.000000     -50.000000      23.612159
10867        -26.250000     -50.000000      21.447096
10868        -27.466850     -50.000000      19.408025
10869        -28.716850     -50.000000      17.242961
10870        -28.716850     -50.000000      21.573088
10871        -23.750000     -50.000000      25.777223
10872        -26.250000     -50.000000      25.777223
10873        -21.248169     -50.000000      25.776505
10874        -22.498169     -50.000000      27.941568
10875        -18.748079     -50.000000      25.776354
10876         28.750000     -50.000000     -34.844555
10877         27.500000     -50.000000     -32.679492
10878         28.750000     -50.000000     -30.514428
10879         26.250000     -50.000000     -30.514428
10880         25.000000     -50.000000     -28.349365
10881         -8.750000     -50.000000      25.777223
10882        -11.250000     -50.000000      25.777223
10883        -12.499462     -50.000000      27.941384
10884        -13.749462     -50.000000      25.776320
10885        -16.249373     -50.000000      25.776170
10886         -6.250000     -50.000000      25.777223
10887         -7.500000     -50.000000      27.942286
10888         -5.000000     -50.000000      23.612159
10889         -3.750000     -50.000000      25.777223
10890         -3.750000     -50.000000      21.447096
10891        -28.750000     -50.000000      12.786842
10892        -27.500000     -50.000000      10.621778
10893        -30.251430     -50.000000      15.075855
10894        -31.501430     -50.000000      12.910792
10895        -31.468279     -50.000000      17.366911
10896        -27.380902     -50.000000      28.011047
10897        -28.630902     -50.000000      25.845984
10898        -31.233715     -50.000000      26.158631
10899        -30.102813     -50.000000      23.924806
10900        -31.319663     -50.000000      21.885735
10901        -26.203020     -50.000000      30.103146
10902        -28.583922     -50.000000      30.171907
10903        -23.742170     -50.000000      30.106649
10904        -24.945190     -50.000000      32.267509
10905        -21.240339     -50.000000      30.105931
10906         -6.249819     -50.000000      30.104427
10907         -8.749819     -50.000000      30.104427
10908        -11.249304     -50.000000      30.104487
10909        -13.748766     -50.000000      30.103585
10910         -9.999123     -50.000000      32.266628
10911         -1.250000     -50.000000      25.777223
10912         -2.500000     -50.000000      27.942286
10913         -1.250000     -50.000000      30.107350
10914         -3.750000     -50.000000      30.107350
10915         -4.999819     -50.000000      32.269491
10916         -0.000000     -50.000000      23.612159
10917          1.250000     -50.000000      25.777223
10918         -1.250000     -50.000000      21.447096
10919          1.250000     -50.000000      21.447096
10920         -2.500000     -50.000000      19.282032
10921          3.750000     -50.000000      25.777223
10922          2.500000     -50.000000      27.942286
10923          3.731965     -50.000000      30.108510
10924          1.231965     -50.000000      30.108510
10925         -0.018035     -50.000000      32.273574
10926          5.000000     -50.000000      23.612159
10927          6.250000     -50.000000      25.777223
10928          3.749999     -50.000000      21.447095
10929          6.249999     -50.000000      21.447095
10930          2.499999     -50.000000      19.282032
10931          8.750000     -50.000000      25.777223
10932          7.500000     -50.000000      27.942286
10933          8.750000     -50.000000      30.107350
10934          6.250000     -50.000000      30.107350
10935          4.981965     -50.000000      32.273574
10936         10.000000     -50.000000      23.612159
10937         11.250000     -50.000000      25.777223
10938          8.750000     -50.000000      21.447096
10939         11.250000     -50.000000      21.447096
10940          7.499999     -50.000000      19.282032
10941         13.750000     -50.000000      25.777223
10942         12.500000     -50.000000      27.942286
10943         13.750000     -50.000000      30.107350
10944         11.250000     -50.000000      30.107350
10945         10.000000     -50.000000      32.272413
10946         15.000000     -50.000000      23.612159
10947         16.250000     -50.000000      25.777223
10948         13.750000     -50.000000      21.447096
10949         16.250000     -50.000000      21.447096
10950         12.500000     -50.000000      19.282032
10951         18.750000     -50.000000      25.777223
10952         17.500000     -50.000000      27.942286
10953         18.766685     -50.000000      30.083998
10954         16.266685     -50.000000      30.083998
10955         15.016685     -50.000000      32.249062
10956         20.000000     -50.000000      23.612159
10957         21.250000     -50.000000      25.777223
10958         18.750000     -50.000000      21.447096
10959         21.250000     -50.000000      21.447096
10960         17.500000     -50.000000      19.282032
10961         23.750000     -50.000000      25.777223
10962         22.500000     -50.000000      27.942286
10963         23.750000     -50.000000      30.107350
10964         21.250000     -50.000000      30.107350
10965         20.016685     -50.000000      32.249062
10966         22.500000     -50.000000      19.282032
10967         23.750000     -50.000000      21.447096
10968         26.237543     -50.000000      21.456746
10969         24.987543     -50.000000      23.621810
10970         26.237543     -50.000000      25.786873
10971         21.250000     -50.000000      17.116969
10972         23.750000     -50.000000      17.116969
10973         18.750000     -50.000000      17.116969
10974         20.000000     -50.000000      14.951905
10975         16.250000     -50.000000      17.116969
10976         25.014958     -50.000000      14.955913
10977         26.264958     -50.000000      17.120977
10978         28.690217     -50.000000      17.178879
10979         27.425260     -50.000000      19.339935
10980         28.662803     -50.000000      21.514649
10981         23.752493     -50.000000      12.787510
10982         26.267451     -50.000000      12.791518
10983         21.250000     -50.000000      12.786842
10984         22.502493     -50.000000      10.622446
10985         18.750000     -50.000000      12.786842
10986         26.250000     -50.000000      30.107350
10987         25.000000     -50.000000      32.272413
10988         27.500000     -50.000000      27.942286
10989         28.750000     -50.000000      30.107350
10990         28.737543     -50.000000      25.786873
10991         27.430613     -50.000000      10.575419
10992         28.693078     -50.000000      12.743822
10993         31.300074     -50.000000      12.755219
10994         30.136912     -50.000000      14.971318
10995         31.297214     -50.000000      17.190276
10996         26.240928     -50.000000       8.449656
10997         28.666556     -50.000000       8.401960
10998         23.750981     -50.000000       8.456206
10999         24.986924     -50.000000       6.282748
11000         21.248488     -50.000000       8.455538
11001         11.249989     -50.000000      17.116960
11002         13.749989     -50.000000      17.116960
11003          8.749995     -50.000000      17.116965
11004          9.999984     -50.000000      14.951893
11005          6.249995     -50.000000      17.116965
11006         29.988436     -50.000000       6.283925
11007         31.178120     -50.000000       8.409687
11008         31.892655     -50.000000      10.293240
11009         33.336489     -50.000000      12.520736
11010         33.214535     -50.000000       8.175205
11011         23.746309     -50.000000       4.123927
11012         26.236256     -50.000000       4.117377
11013         27.495530     -50.000000       1.958505
11014         28.736145     -50.000000       4.117326
11015         31.247709     -50.000000       4.125053
11016         21.248488     -50.000000       4.125411
11017         22.497821     -50.000000       1.960040
11018         19.998236     -50.000000       6.290279
11019         18.749748     -50.000000       4.126392
11020         18.749748     -50.000000       8.456519
11021         26.247076     -50.000000      -0.205526
11022         28.746964     -50.000000      -0.205578
11023         23.747299     -50.000000      -0.205378
11024         24.998733     -50.000000      -2.369460
11025         21.249478     -50.000000      -0.203894
11026         29.998749     -50.000000      -2.369446
11027         31.247203     -50.000000      -0.205414
11028         33.749028     -50.000000      -0.204191
11029         32.497243     -50.000000       1.959677
11030         33.749534     -50.000000       4.126275
11031         28.749046     -50.000000      -4.534310
11032         31.249286     -50.000000      -4.534146
11033         26.249096     -50.000000      -4.534277
11034         27.499633     -50.000000      -6.698978
11035         23.749319     -50.000000      -4.534128
11036        -29.633867     -50.000000      32.299173
11037        -30.811750     -50.000000      30.207074
11038        -31.666315     -50.000000      28.423614
11039        -33.138227     -50.000000      26.502436
11040        -32.716261     -50.000000      30.550880
11041         33.328975     -50.000000      17.413191
11042         31.882281     -50.000000      19.620752
11043         31.175260     -50.000000      21.504998
11044         29.987543     -50.000000      23.621810
11045         33.207021     -50.000000      21.727913
11046        -28.750000     -50.000000       8.456715
11047        -26.250000     -50.000000       8.456715
11048        -25.000000     -50.000000       6.291651
11049        -23.750000     -50.000000       8.456715
11050        -21.250000     -50.000000       8.456715
11051        -31.247200     -50.000000       8.455098
11052        -29.997200     -50.000000       6.290035
11053        -32.473252     -50.000000      10.493362
11054        -33.720453     -50.000000       8.326682
11055        -33.974682     -50.000000      12.782376
11056        -31.246734     -50.000000       4.124702
11057        -28.749533     -50.000000       4.126318
11058        -27.499440     -50.000000       1.961201
11059        -26.249907     -50.000000       4.126534
11060        -23.749907     -50.000000       4.126534
11061        -16.250000     -50.000000      -4.533666
11062        -13.750000     -50.000000      -4.533666
11063        -12.500000     -50.000000      -6.698730
11064        -11.250000     -50.000000      -4.533666
11065         -8.750000     -50.000000      -4.533666
11066        -18.750000     -50.000000      -4.533666
11067        -17.500000     -50.000000      -6.698730
11068        -20.000000     -50.000000      -2.368603
11069        -21.250000     -50.000000      -4.533666
11070        -21.250000     -50.000000      -0.203539
11071        -18.750000     -50.000000      -8.863793
11072        -16.250000     -50.000000      -8.863793
11073        -15.000000     -50.000000     -11.028857
11074        -13.750000     -50.000000      -8.863793
11075        -11.250000     -50.000000      -8.863793
11076        -21.250000     -50.000000      -8.863793
11077        -20.000000     -50.000000     -11.028857
11078        -22.499830     -50.000000      -6.698704
11079        -23.749830     -50.000000      -8.863768
11080        -23.749830     -50.000000      -4.533641
11081        -21.250000     -50.000000     -13.193920
11082        -18.750000     -50.000000     -13.193920
11083        -17.500000     -50.000000     -15.358984
11084        -16.250000     -50.000000     -13.193920
11085        -13.750000     -50.000000     -13.193920
11086        -23.750000     -50.000000     -13.193920
11087        -22.500000     -50.000000     -15.358984
11088        -25.000000     -50.000000     -11.028857
11089        -26.250000     -50.000000     -13.193920
11090        -26.249830     -50.000000      -8.863768
11091        -23.750000     -50.000000     -17.524047
11092        -21.250000     -50.000000     -17.524047
11093        -20.000000     -50.000000     -19.689111
11094        -18.750000     -50.000000     -17.524047
11095        -16.250000     -50.000000     -17.524047
11096        -26.248211     -50.000000     -17.523014
11097        -24.998211     -50.000000     -19.688078
11098        -28.750000     -50.000000     -13.193920
11099        -27.500000     -50.000000     -15.358984
11100        -28.748211     -50.000000     -17.523014
11101        -21.250000     -50.000000     -21.854174
11102        -18.750000     -50.000000     -21.854174
11103        -23.750000     -50.000000     -21.854174
11104        -22.500000     -50.000000     -24.019238
11105        -26.248211     -50.000000     -21.853141
11106        -17.500000     -50.000000     -24.019238
11107        -16.250000     -50.000000     -21.854174
11108        -13.750000     -50.000000     -21.854174
11109        -15.000000     -50.000000     -19.689111
11110        -13.750000     -50.000000     -17.524047
11111        -23.750000     -50.000000     -26.184301
11112        -21.250000     -50.000000     -26.184301
11113        -18.749963     -50.000000     -26.184280
11114        -16.249963     -50.000000     -26.184280
11115        -19.999963     -50.000000     -28.349344
11116        -26.242090     -50.000000     -26.179735
11117        -24.992090     -50.000000     -28.344798
11118        -27.489263     -50.000000     -24.013039
11119        -28.731353     -50.000000     -26.173536
11120        -28.737474     -50.000000     -21.846942
11121        -12.500000     -50.000000     -24.019238
11122        -11.250000     -50.000000     -21.854174
11123        -13.750000     -50.000000     -26.184301
11124        -11.250000     -50.000000     -26.184301
11125        -14.999963     -50.000000     -28.349344
11126        -30.000000     -50.000000     -11.028857
11127        -31.250000     -50.000000     -13.193920
11128        -28.749073     -50.000000      -8.863585
11129        -31.249073     -50.000000      -8.863585
11130        -27.498903     -50.000000      -6.698496
11131        -26.240772     -50.000000     -30.509101
11132        -23.748682     -50.000000     -30.513667
11133        -22.498462     -50.000000     -32.678604
11134        -21.249780     -50.000000     -30.514302
11135        -18.749744     -50.000000     -30.514280
11136        -31.207736     -50.000000     -26.151083
11137        -29.960563     -50.000000     -28.317778
11138        -28.738647     -50.000000     -30.501129
11139        -27.495239     -50.000000     -32.669998
11140        -31.215029     -50.000000     -30.478676
11141        -29.994614     -50.000000     -19.686001
11142        -31.235667     -50.000000     -21.845899
11143        -33.757882     -50.000000     -21.812359
11144        -32.500741     -50.000000     -23.973300
11145        -33.729951     -50.000000     -26.117543
11146          7.500000     -50.000000     -32.679492
11147          6.250000     -50.000000     -30.514428
11148          6.250000     -50.000000     -34.844555
11149          8.750000     -50.000000     -34.844555
11150         10.000000     -50.000000     -37.009619
11151        -28.745712     -50.000000     -34.834211
11152        -26.247837     -50.000000     -34.842182
11153        -23.748425     -50.000000     -34.843646
11154        -21.249524     -50.000000     -34.844281
11155        -24.998899     -50.000000     -37.007859
11156        -32.512875     -50.000000     -32.642154
11157        -33.766400     -50.000000     -34.812594
11158        -31.246639     -50.000000     -34.832467
11159        -33.734790     -50.000000     -30.458803
11160        -29.999237     -50.000000     -37.004651
11161        -19.999664     -50.000000     -37.009425
11162        -18.749701     -50.000000     -34.844383
11163        -16.249863     -50.000000     -34.844476
11164        -17.499722     -50.000000     -32.679331
11165        -16.249905     -50.000000     -30.514374
11166         16.249706     -50.000000       4.126359
11167         17.499958     -50.000000       1.961492
11168         16.249944     -50.000000      -0.203582
11169         18.749986     -50.000000      -0.203549
11170         19.999465     -50.000000      -2.368967
11171         14.999699     -50.000000       6.291417
11172         13.749909     -50.000000       4.126517
11173         16.249698     -50.000000       8.456480
11174         13.749901     -50.000000       8.456638
11175         17.499950     -50.000000      10.621739
11176         11.109517     -50.000000      34.416371
11177          8.609517     -50.000000      34.416371
11178         16.229543     -50.000000      34.482585
11179         13.712858     -50.000000      34.505937
11180         12.322375     -50.000000      36.649894
11181        -23.705904     -50.000000      34.420295
11182        -26.166754     -50.000000      34.416792
11183        -28.540236     -50.000000      34.339290
11184        -30.768064     -50.000000      34.374457
11185        -27.300951     -50.000000      36.492076
11186        -21.234821     -50.000000      34.422154
11187        -22.456385     -50.000000      36.571437
11188        -19.989640     -50.000000      32.269159
11189        -18.740121     -50.000000      34.420301
11190        -18.745639     -50.000000      30.104078
11191         -3.749905     -50.000000      34.422786
11192         -6.249724     -50.000000      34.419863
11193         -1.358209     -50.000000      34.514991
11194         -2.608113     -50.000000      36.665363
11195          1.123757     -50.000000      34.516151
11196         26.250000     -50.000000      34.437477
11197         23.750000     -50.000000      34.437477
11198         22.600109     -50.000000      36.532984
11199         21.350109     -50.000000      34.367920
11200         18.866794     -50.000000      34.344569
11201         28.748791     -50.000000      34.437339
11202         27.498791     -50.000000      36.602403
11203         31.250000     -50.000000      30.107350
11204         30.000000     -50.000000      32.272413
11205         31.248791     -50.000000      34.437339
11206        -34.980320     -50.000000      25.702707
11207        -37.252428     -50.000000      24.789639
11208        -34.977735     -50.000000      23.324384
11209        -35.412920     -50.000000      27.967691
11210        -33.360937     -50.000000      22.020030
11211        -31.974973     -50.000000      19.668312
11212        -35.633045     -50.000000      21.106961
11213         32.489810     -50.000000      -6.693277
11214         33.739513     -50.000000      -4.528412
11215         34.999452     -50.000000      -2.368971
11216         36.249492     -50.000000      -0.203880
11217         36.239977     -50.000000      -4.528101
11218         26.249780     -50.000000      -8.863942
11219         28.749730     -50.000000      -8.863975
11220         29.999894     -50.000000     -11.028928
11221         31.249747     -50.000000      -8.863964
11222         33.739974     -50.000000      -8.858230
11223        -34.229577     -50.000000      32.376029
11224        -32.761758     -50.000000      34.029899
11225        -35.129640     -50.000000      34.071588
11226        -35.084142     -50.000000      30.592569
11227        -31.668127     -50.000000      36.070016
11228        -33.743856     -50.000000       4.123041
11229        -32.496189     -50.000000       1.959324
11230        -36.198822     -50.000000       8.344110
11231        -34.972770     -50.000000       6.305846
11232        -36.222226     -50.000000       4.140468
11233         23.749804     -50.000000      -8.863925
11234         24.999902     -50.000000     -11.028923
11235         22.499808     -50.000000      -6.698859
11236         21.249931     -50.000000      -8.863840
11237         21.249446     -50.000000      -4.534043
11238         28.749921     -50.000000     -13.193974
11239         31.249937     -50.000000     -13.193963
11240         26.249918     -50.000000     -13.193976
11241         27.499961     -50.000000     -15.359010
11242         23.749942     -50.000000     -13.193959
11243         32.499972     -50.000000     -15.359003
11244         33.749945     -50.000000     -13.193958
11245         36.190905     -50.000000     -13.159826
11246         34.940870     -50.000000     -10.994786
11247         36.180934     -50.000000      -8.824098
11248         31.249978     -50.000000     -17.524062
11249         33.749985     -50.000000     -17.524058
11250         28.749979     -50.000000     -17.524062
11251         29.999992     -50.000000     -19.689117
11252         26.249975     -50.000000     -17.524064
11253        -33.746021     -50.000000      -0.205837
11254        -31.248898     -50.000000      -0.204175
11255        -29.999271     -50.000000      -2.369024
11256        -28.749440     -50.000000      -0.203863
11257        -26.249813     -50.000000      -0.203647
11258         -8.750000     -50.000000     -21.854174
11259        -10.000000     -50.000000     -19.689111
11260        -11.250000     -50.000000     -17.524047
11261        -12.500000     -50.000000     -15.358984
11262         -8.750000     -50.000000     -17.524047
11263        -10.000000     -50.000000     -28.349365
11264         -8.750000     -50.000000     -26.184301
11265         -6.250000     -50.000000     -26.184301
11266         -7.500000     -50.000000     -24.019238
11267         -6.250000     -50.000000     -21.854174
11268         -3.750000     -50.000000      17.116969
11269         -1.250000     -50.000000      17.116969
11270          1.249999     -50.000000      17.116968
11271          3.749998     -50.000000      17.116967
11272         -0.000001     -50.000000      14.951904
11273        -21.242651     -50.000000      38.752982
11274        -23.713734     -50.000000      38.751123
11275        -25.283258     -50.000000      40.904398
11276        -26.496992     -50.000000      38.722853
11277        -28.870475     -50.000000      38.645351
11278         23.890153     -50.000000      38.306141
11279         21.490261     -50.000000      38.236584
11280         26.255212     -50.000000      38.856286
11281         25.145364     -50.000000      40.559886
11282         28.754003     -50.000000      38.856149
11283        -35.174451     -50.000000      14.451923
11284        -36.146274     -50.000000      12.034494
11285        -37.352750     -50.000000      10.482271
11286        -38.605068     -50.000000       8.461434
11287        -38.552519     -50.000000      12.151818
11288        -36.245993     -50.000000      -0.205853
11289        -34.998702     -50.000000      -2.369352
11290        -37.524552     -50.000000       2.007028
11291        -38.777233     -50.000000      -0.156488
11292        -38.753466     -50.000000       4.189833
11293         38.710769     -50.000000      -0.225490
11294         37.460345     -50.000000       1.939290
11295         38.638710     -50.000000       4.420487
11296         36.177433     -50.000000       4.442097
11297         34.927899     -50.000000       6.607473
11298         34.955120     -50.000000     -19.715023
11299         36.205114     -50.000000     -17.549964
11300         39.054012     -50.000000     -17.490475
11301         37.848877     -50.000000     -15.299510
11302         39.039802     -50.000000     -13.100338
11303         33.742515     -50.000000     -21.858496
11304         36.197644     -50.000000     -21.884402
11305         28.748748     -50.000000     -21.854898
11306         31.248747     -50.000000     -21.854898
11307         32.491272     -50.000000     -24.024277
11308         30.000000     -50.000000     -37.009619
11309         31.250000     -50.000000     -34.844555
11310         28.750000     -50.000000     -39.174682
11311         31.250000     -50.000000     -39.174682
11312         27.500000     -50.000000     -41.339746
11313         33.750000     -50.000000     -34.844555
11314         32.500000     -50.000000     -32.679492
11315         33.751598     -50.000000     -30.508474
11316         31.251598     -50.000000     -30.508474
11317         30.001598     -50.000000     -28.343410
11318         18.749967     -50.000000      -8.863815
11319         19.999963     -50.000000     -11.028882
11320         18.749994     -50.000000     -13.193924
11321         21.249957     -50.000000     -13.193949
11322         22.499973     -50.000000     -15.359002
11323         11.249943     -50.000000       4.126544
11324         12.499950     -50.000000       1.961486
11325         11.249984     -50.000000      -0.203552
11326         13.749950     -50.000000      -0.203578
11327         14.999978     -50.000000      -2.368619
11328         35.000000     -50.000000     -37.009619
11329         36.250000     -50.000000     -34.844555
11330         33.744181     -50.000000     -39.178042
11331         36.244181     -50.000000     -39.178042
11332         38.813120     -50.000000     -34.834177
11333         37.563120     -50.000000     -32.669113
11334         38.831434     -50.000000     -30.463282
11335         36.268314     -50.000000     -30.473661
11336         35.019912     -50.000000     -28.302643
11337         40.000000     -50.000000     -37.009619
11338         38.733885     -50.000000     -39.183986
11339         41.233885     -50.000000     -39.183986
11340         37.478066     -50.000000     -41.352409
11341        -36.244504     -50.000000      -4.532379
11342        -33.744532     -50.000000      -4.532362
11343        -31.248438     -50.000000      -4.533825
11344        -28.748979     -50.000000      -4.533512
11345        -32.494241     -50.000000      -6.696851
11346        -21.249688     -50.000000     -39.174502
11347        -18.749865     -50.000000     -39.174604
11348        -23.749692     -50.000000     -39.174504
11349        -22.499892     -50.000000     -41.339684
11350        -26.249103     -50.000000     -39.173040
11351        -33.750000     -50.000000     -13.193920
11352        -32.500000     -50.000000     -15.358984
11353        -33.746403     -50.000000     -17.521971
11354        -31.246403     -50.000000     -17.521971
11355         16.249950     -50.000000      12.786803
11356         14.999989     -50.000000      14.951897
11357         13.749939     -50.000000      12.786794
11358        -11.250000     -50.000000     -30.514428
11359         -8.750000     -50.000000     -30.514428
11360        -13.749942     -50.000000     -30.514395
11361        -12.499942     -50.000000     -32.679458
11362         -7.500000     -50.000000     -32.679492
11363         -6.250000     -50.000000     -30.514428
11364         -3.750000     -50.000000     -30.514428
11365         -5.000000     -50.000000     -28.349365
11366         -3.750000     -50.000000     -26.184301
11367         -8.750000     -50.000000     -34.844555
11368         -6.250000     -50.000000     -34.844555
11369        -11.249987     -50.000000     -34.844548
11370         -9.999987     -50.000000     -37.009611
11371        -13.749929     -50.000000     -34.844514
11372         -5.000000     -50.000000     -37.009619
11373         -3.750000     -50.000000     -34.844555
11374         -1.250000     -50.000000     -34.844555
11375         -2.500000     -50.000000     -32.679492
11376         -1.250000     -50.000000     -30.514428
11377         -2.500000     -50.000000     -24.019238
11378         -1.250000     -50.000000     -21.854174
11379         -3.750000     -50.000000     -21.854174
11380         -1.250000     -50.000000     -26.184301
11381         -5.000000     -50.000000     -19.689111
11382        -10.000000     -50.000000     -11.028857
11383         -8.750000     -50.000000      -8.863793
11384        -11.250000     -50.000000     -13.193920
11385         -8.750000     -50.000000     -13.193920
11386         26.249791     -50.000000     -26.184422
11387         28.748752     -50.000000     -26.185022
11388         27.498543     -50.000000     -24.020079
11389         31.250350     -50.000000     -26.179068
11390        -34.940924     -50.000000     -10.994749
11391        -36.190924     -50.000000     -13.159813
11392        -33.745167     -50.000000      -8.862123
11393        -36.186092     -50.000000      -8.828015
11394        -39.042962     -50.000000     -13.084450
11395        -37.852037     -50.000000     -15.283621
11396        -39.102037     -50.000000     -17.448684
11397        -36.250000     -50.000000     -17.524047
11398        -34.996403     -50.000000     -19.687034
11399        -16.249895     -50.000000     -39.174622
11400        -14.999907     -50.000000     -37.009566
11401        -13.749962     -50.000000     -39.174660
11402         17.499961     -50.000000      -6.698756
11403         18.749954     -50.000000      -4.533698
11404         16.249980     -50.000000      -4.533681
11405         32.500000     -50.000000      27.942286
11406         33.750000     -50.000000      30.107350
11407         31.250000     -50.000000      25.777223
11408         33.750000     -50.000000      25.777223
11409         36.175212     -50.000000      30.064171
11410         34.925212     -50.000000      32.229234
11411         36.162747     -50.000000      34.375343
11412         33.737535     -50.000000      34.418522
11413         32.486326     -50.000000      36.583448
11414         37.412036     -50.000000      27.901159
11415         38.587247     -50.000000      30.023043
11416         36.170624     -50.000000      25.471189
11417         38.582660     -50.000000      25.430062
11418         34.920624     -50.000000      23.306126
11419          9.999938     -50.000000       6.291603
11420         12.499933     -50.000000      10.621726
11421         11.249934     -50.000000       8.456664
11422          8.749971     -50.000000       8.456692
11423          7.500000     -50.000000     -41.339746
11424          8.750000     -50.000000     -39.174682
11425          6.250000     -50.000000     -39.174682
11426        -16.245824     -50.000000      34.420302
11427        -17.491004     -50.000000      36.573297
11428        -16.247885     -50.000000      38.597153
11429        -18.742182     -50.000000      38.597152
11430         20.765611     -50.000000      40.270088
11431         19.475568     -50.000000      38.496931
11432         17.562967     -50.000000      36.601444
11433         16.838317     -50.000000      38.634948
11434         39.962681     -50.000000      -2.396819
11435         38.749958     -50.000000      -4.533695
11436         37.490019     -50.000000      -6.693136
11437        -39.991266     -50.000000      -2.376761
11438        -38.698322     -50.000000      -4.528900
11439        -37.444153     -50.000000      -6.691910
11440         37.497452     -50.000000     -23.998656
11441         38.710057     -50.000000     -21.855183
11442         40.985695     -50.000000     -21.984718
11443         39.685887     -50.000000     -19.870465
11444         38.690915     -50.000000      -8.829692
11445         39.581620     -50.000000     -10.735530
11446         41.239592     -50.000000     -12.875213
11447        -39.572133     -50.000000     -10.730938
11448        -41.233247     -50.000000     -12.854746
11449        -38.639910     -50.000000      -8.824537
11450        -14.996774     -50.000000      32.266997
11451        -13.747657     -50.000000      34.419993
11452        -16.246932     -50.000000      30.103893
11453        -17.497631     -50.000000      27.940666
11454        -11.248913     -50.000000      34.419942
11455        -12.497963     -50.000000      36.573246
11456        -11.249610     -50.000000      38.752931
11457        -13.748353     -50.000000      38.752982
11458         23.749939     -50.000000     -17.524085
11459         24.999956     -50.000000     -19.689137
11460         26.249788     -50.000000     -21.854297
11461        -24.999906     -50.000000      -2.368657
11462        -23.749907     -50.000000      -0.203593
11463        -26.249736     -50.000000      -4.533695
11464        -21.250000     -50.000000       4.126588
11465        -22.499907     -50.000000       1.961470
11466        -20.000000     -50.000000       6.291651
11467         -6.250000     -50.000000     -39.174682
11468         -3.750000     -50.000000     -39.174682
11469        -11.249985     -50.000000     -39.174674
11470         -8.749998     -50.000000     -39.174681
11471         -0.000000     -50.000000     -37.009619
11472          1.250000     -50.000000     -34.844555
11473         -1.250000     -50.000000     -39.174682
11474          1.250000     -50.000000     -39.174682
11475         -2.500000     -50.000000     -41.339746
11476          3.750000     -50.000000     -34.844555
11477          2.500000     -50.000000     -32.679492
11478          3.750000     -50.000000     -30.514428
11479          1.250000     -50.000000     -30.514428
11480         -0.000000     -50.000000     -28.349365
11481          3.750000     -50.000000     -39.174682
11482          5.000000     -50.000000     -37.009619
11483         36.260834     -50.000000     -26.147853
11484         38.773247     -50.000000     -26.118634
11485         33.744118     -50.000000     -26.182665
11486         41.304247     -50.000000     -25.945759
11487         43.939953     -50.000000     -25.524720
11488         42.645571     -50.000000     -23.548398
11489         40.067629     -50.000000     -28.094956
11490         38.414770     -50.000000      34.203442
11491         37.227093     -50.000000      36.392730
11492         39.476482     -50.000000      31.970160
11493         40.540828     -50.000000      33.987547
11494         40.713306     -50.000000      29.807148
11495         38.364637     -50.000000      38.584324
11496         36.112614     -50.000000      38.756224
11497         33.710859     -50.000000      38.371777
11498         31.222115     -50.000000      38.390594
11499         40.674490     -50.000000      38.393697
11500         39.560011     -50.000000      40.757192
11501         41.267137     -50.000000      36.013481
11502         42.462512     -50.000000      38.186349
11503         39.581419     -50.000000      23.582757
11504         40.822831     -50.000000      26.012726
11505         42.413133     -50.000000      27.782373
11506         37.326550     -50.000000      20.276731
11507         39.325799     -50.000000      18.776685
11508         39.340497     -50.000000      21.500046
11509         35.627645     -50.000000      21.421880
11510         35.612948     -50.000000      18.698518
11511        -24.903336     -50.000000      43.331631
11512         25.096325     -50.000000      42.889287
11513         22.731266     -50.000000      42.339141
11514        -31.329362     -50.000000      38.109064
11515        -39.707919     -50.000000     -19.759304
11516        -38.803920     -50.000000     -21.719211
11517        -37.565398     -50.000000     -23.844536
11518        -36.261478     -50.000000     -21.814436
11519        -41.011839     -50.000000     -21.789404
11520         39.576642     -50.000000       6.358060
11521         39.347772     -50.000000       8.461647
11522         39.307346     -50.000000      11.201619
11523         37.315373     -50.000000       9.663266
11524         41.568615     -50.000000       7.896413
11525         35.602008     -50.000000      11.230998
11526         35.642434     -50.000000       8.491026
11527        -39.970171     -50.000000       6.583478
11528        -43.801111     -50.000000       9.298429
11529        -41.124099     -50.000000       8.721639
11530        -42.436008     -50.000000      11.176385
11531         43.947484     -50.000000     -39.432612
11532         26.250000     -50.000000     -43.504809
11533         17.499993     -50.000000     -15.358989
11534         21.249954     -50.000000     -17.524075
11535         18.749993     -50.000000     -17.524052
11536         -8.749428     -50.000000      34.419882
11537         -8.777777     -50.000000      38.363606
11538         -7.499514     -50.000000      36.573176
11539         -6.278072     -50.000000      38.363587
11540        -40.448895     -50.000000      12.847922
11541        -39.164002     -50.000000      16.363344
11542        -39.264478     -50.000000      18.815220
11543        -39.242418     -50.000000      14.400145
11544        -37.267626     -50.000000      15.667240
11545        -37.219526     -50.000000      20.020878
11546        -39.294795     -50.000000      21.205658
11547        -41.361427     -50.000000      22.500236
11548        -43.530894     -50.000000      23.750309
11549        -39.316476     -50.000000      23.705894
11550        -35.096034     -50.000000      16.415122
11551        -33.509554     -50.000000      17.501206
11552        -35.602728     -50.000000      18.716523
11553          9.999991     -50.000000      -2.368610
11554         13.749985     -50.000000      -4.533677
11555         11.249990     -50.000000      -4.533674
11556         11.231963     -50.000000      43.491482
11557         12.459621     -50.000000      41.404685
11558          8.763679     -50.000000      43.514181
11559         12.462858     -50.000000      39.039603
11560         14.922479     -50.000000      39.104542
11561          7.882672     -50.000000      41.325167
11562          7.742188     -50.000000      38.935458
11563          9.859517     -50.000000      38.950037
11564        -41.390831     -50.000000      37.488473
11565        -39.185537     -50.000000      41.231200
11566        -39.432834     -50.000000      43.947100
11567        -39.276342     -50.000000      38.809752
11568        -37.100424     -50.000000      40.078553
11569        -39.305718     -50.000000      36.335826
11570        -35.087760     -50.000000      38.730330
11571        -35.426525     -50.000000      36.691282
11572        -33.323056     -50.000000      37.764506
11573        -39.008833     -50.000000      33.716132
11574        -36.894344     -50.000000      35.037412
11575         -1.499532     -50.000000      38.889380
11576         -3.891229     -50.000000      38.797175
11577          0.503822     -50.000000      39.292084
11578         -0.779293     -50.000000      41.423895
11579          3.536380     -50.000000      34.507457
11580          2.196206     -50.000000      36.748874
11581          2.916445     -50.000000      39.283389
11582        -23.749948     -50.000000     -43.504779
11583        -28.747947     -50.000000     -39.172892
11584        -27.498740     -50.000000     -41.339538
11585        -26.249939     -50.000000     -43.504774
11586        -12.499973     -50.000000     -41.339730
11587        -37.474858     -50.000000     -41.351177
11588        -41.231200     -50.000000     -39.185537
11589        -43.947100     -50.000000     -39.432834
11590        -38.728066     -50.000000     -39.168839
11591        -39.996867     -50.000000     -36.992921
11592        -36.240525     -50.000000     -39.158561
11593        -38.822069     -50.000000     -34.776847
11594        -36.263185     -50.000000     -34.799252
11595        -37.591520     -50.000000     -32.599876
11596        -34.996948     -50.000000     -36.989565
11597        -33.743740     -50.000000     -39.171903
11598        -38.901942     -50.000000     -30.395626
11599        -40.158835     -50.000000     -28.043983
11600        -36.343058     -50.000000     -30.418031
11601        -38.880661     -50.000000     -25.981545
11602        -41.386015     -50.000000     -25.811748
11603        -42.703558     -50.000000     -23.407012
11604        -43.981733     -50.000000     -25.469450
11605        -36.338218     -50.000000     -26.076771
11606        -35.045213     -50.000000     -28.254553
11607        -31.248874     -50.000000     -39.171148
11608        -38.997044     -50.000000      31.210071
11609        -43.531231     -50.000000      26.250438
11610        -41.389869     -50.000000      27.501448
11611        -39.319061     -50.000000      26.084216
11612        -39.325821     -50.000000      28.585193
11613        -36.926236     -50.000000      29.792840
11614         11.249972     -50.000000      12.786820
11615          8.749979     -50.000000      12.786825
11616          6.249992     -50.000000      12.786835
11617          7.499980     -50.000000      10.621763
11618          6.249984     -50.000000       8.456702
11619         41.340861     -50.000000      17.498068
11620         39.308462     -50.000000      13.699687
11621         39.326915     -50.000000      16.274753
11622         37.293400     -50.000000      14.978304
11623         35.027880     -50.000000      16.268042
11624         35.009427     -50.000000      13.692976
11625         -3.750000     -50.000000      12.786842
11626         -5.000000     -50.000000      14.951905
11627         -1.250000     -50.000000      12.786842
11628          2.499996     -50.000000      10.621776
11629          3.749995     -50.000000      12.786838
11630          1.249999     -50.000000      12.786841
11631          3.749996     -50.000000       8.456712
11632          4.999994     -50.000000      14.951901
11633         -0.000000     -50.000000     -19.689111
11634         -1.250000     -50.000000     -17.524047
11635         -3.750000     -50.000000     -17.524047
11636         -7.500000     -50.000000     -15.358984
11637         -6.250000     -50.000000     -17.524047
11638         -7.500000     -50.000000      -6.698730
11639         44.088577     -50.000000      39.131594
11640          6.054415     -50.000000      34.506296
11641          7.163931     -50.000000      36.650254
11642          5.187086     -50.000000      39.025383
11643         49.771827     -45.669873     -47.924654
11644         49.694979     -47.864852     -47.864852
11645         49.771234     -47.941120     -45.669873
11646         49.694979      47.864852     -47.864852
11647         49.771248      45.669873     -47.943604
11648         49.791667      49.791667     -47.291667
11649         49.771234      47.941095     -45.669873
11650         49.694478     -47.867400      47.864351
11651         49.771234     -45.669873      47.941120
11652         49.771874     -47.958204      45.669873
11653         49.773645      45.688137      47.954033
11654         49.699044      47.884148      47.884148
11655         49.792371      49.790278      47.290278
11656         49.774151      47.944729      45.688137
11657         49.737549     -41.153312     -47.652271
11658         49.737028     -43.653312     -47.608142
11659         50.000000     -44.323185     -46.060632
11660         49.732001     -36.233885     -47.602885
11661         49.731760     -38.733885     -47.600493
11662         50.000000     -39.887198     -45.735000
11663         49.731492     -31.250000     -47.598147
11664         49.730844     -33.750000     -47.592539
11665         50.000000     -34.983885     -45.679177
11666         49.730257     -26.249991     -47.586232
11667         49.731491     -28.749991     -47.598142
11668         50.000000     -29.999991     -45.669868
11669         49.730978     -21.250000     -47.534823
11670         49.730257     -23.750000     -47.586238
11671         50.000000     -24.999991     -45.669868
11672         49.729370     -16.250000     -47.562953
11673         49.730978     -18.750000     -47.534823
11674         50.000000     -20.000000     -45.669873
11675         49.730378     -11.250000     -47.540938
11676         49.729370     -13.750000     -47.562953
11677         50.000000     -15.000000     -45.669873
11678         49.730433      -6.250000     -47.588304
11679         49.730378      -8.750000     -47.540938
11680         50.000000     -10.000000     -45.669873
11681         49.730307      -1.250000     -47.586834
11682         49.730433      -3.750000     -47.588304
11683         50.000000      -5.000000     -45.669873
11684         49.729995       3.750000     -47.545882
11685         49.730307       1.250000     -47.586834
11686         50.000000      -0.000000     -45.669873
11687         49.729367       8.750000     -47.564304
11688         49.729995       6.250000     -47.545882
11689         50.000000       5.000000     -45.669873
11690         49.729367      13.750000     -47.564304
11691         49.729367      11.250000     -47.564304
11692         50.000000      10.000000     -45.669873
11693         49.729367      18.750000     -47.564472
11694         49.729367      16.250000     -47.564304
11695         50.000000      15.000000     -45.669873
11696         49.729421      23.750000     -47.569712
11697         49.729367      21.250000     -47.564472
11698         50.000000      20.000000     -45.669873
11699         49.729612      28.750000     -47.575814
11700         49.729421      26.250000     -47.569712
11701         50.000000      25.000000     -45.669873
11702         49.729899      33.750000     -47.547351
11703         49.729612      31.250000     -47.575814
11704         50.000000      30.000000     -45.669873
11705         49.732141      38.731200     -47.548929
11706         49.731253      36.231200     -47.559647
11707         50.000000      34.981200     -45.680727
11708         49.736361      43.653312     -47.629982
11709         49.737732      41.153312     -47.600095
11710         50.000000      39.884512     -45.736550
11711         50.000000      44.323185     -46.060632
11712         49.712138     -43.428024      47.409254
11713         49.712141     -40.928024      47.410598
11714         50.000000     -44.097897      45.866973
11715         49.790779     -38.719883      48.117976
11716         49.790821     -36.219883      48.121297
11717         50.000000     -39.647907      46.023311
11718         49.712141     -33.738670      47.414652
11719         49.715826     -31.238670      47.455012
11720         50.000000     -34.958553      46.022851
11721         49.736634     -28.653336      47.641361
11722         49.733298     -26.153336      47.589942
11723         50.000000     -29.892006      45.561938
11724         49.779277     -23.730667      48.005429
11725         49.783889     -21.230667      47.967043
11726         50.000000     -24.884003      46.098610
11727         49.735157     -18.750000      47.508623
11728         49.730714     -16.250000      47.537341
11729         50.000000     -19.980667      46.068250
11730         49.779508     -13.750000      47.983570
11731         49.782006     -11.250000      47.965858
11732         50.000000     -15.000000      46.062178
11733         49.733765      -8.750000      47.515710
11734         49.730336      -6.250000      47.587184
11735         50.000000     -10.000000      46.062178
11736         49.738225      -3.671498      47.657772
11737         49.737684      -1.171498      47.650044
11738         50.000000      -4.921498      45.733213
11739         49.738460       1.350109      47.656995
11740         49.739324       3.850109      47.616869
11741         50.000000       0.178611      45.802769
11742         49.731837       6.263679      47.548423
11743         49.730540       8.763679      47.573952
11744         50.000000       5.113788      45.748801
11745         49.727703      11.231963      47.548406
11746         49.727713      13.731963      47.551890
11747         50.000000       9.995641      45.665918
11748         49.719384      16.141776      47.477005
11749         49.722619      18.641776      47.516916
11750         50.000000      14.873738      45.576583
11751         49.670640      21.341113      47.051602
11752         49.667599      23.841113      47.024350
11753         50.000000      19.982889      45.089245
11754         49.760145      26.263761      47.852824
11755         49.759591      28.763761      47.831980
11756         50.000000      25.104874      45.410728
11757         49.729405      31.250000      47.559763
11758         49.729739      33.750000      47.550119
11759         50.000000      30.013761      45.911394
11760         49.734469      36.354991      47.592991
11761         49.735445      38.854991      47.580251
11762         50.000000      35.104991      45.707761
11763         49.742247      41.401393      47.642467
11764         49.741086      43.901393      47.659741
11765         50.000000      40.256384      45.800343
11766         50.000000      44.589530      46.115656
11767         49.712138     -47.409254     -43.428024
11768         49.712139     -47.410225     -40.928024
11769         50.000000     -45.866973     -44.097897
11770         49.791311     -48.122505     -38.721670
11771         49.791313     -48.120702     -36.221670
11772         50.000000     -46.027580     -39.649694
11773         49.722334     -47.499526     -33.773005
11774         49.722330     -47.500710     -31.273005
11775         50.000000     -46.109122     -34.994675
11776         49.794009     -48.145889     -28.848491
11777         49.794010     -48.145525     -26.348491
11778         50.000000     -46.130717     -30.121496
11779         49.706206     -47.355045     -24.032357
11780         49.706210     -47.354147     -21.532357
11781         50.000000     -46.001713     -25.380848
11782         49.729372     -47.562741     -18.750000
11783         49.729367     -47.564348     -16.250000
11784         50.000000     -45.484574     -20.282357
11785         49.724740     -47.522707     -13.775354
11786         49.724740     -47.522569     -11.275354
11787         50.000000     -45.632858     -15.025354
11788         49.702022     -47.318098      -8.549064
11789         49.702022     -47.318199      -6.049064
11790         50.000000     -45.414099      -9.824419
11791         49.791595     -48.124353      -3.750000
11792         49.791643     -48.119858      -1.250000
11793         50.000000     -45.948935      -4.799064
11794         49.715742     -47.434955       1.152458
11795         49.719270     -47.396024       3.652458
11796         50.000000     -46.058169      -0.097542
11797         49.790031     -48.052384       6.135841
11798         49.787819     -48.071873       8.635841
11799         50.000000     -46.024156       4.788299
11800         49.695247     -47.230656      10.876587
11801         49.696440     -47.284879      13.376587
11802         50.000000     -45.855256       9.512428
11803         49.731030     -47.594256      16.250000
11804         49.729410     -47.569097      18.750000
11805         50.000000     -45.391447      14.626587
11806         49.729960     -47.574041      21.250073
11807         49.731009     -47.545006      23.750073
11808         50.000000     -45.674277      20.000073
11809         49.731050     -47.545389      26.250202
11810         49.730258     -47.556950      28.750202
11811         50.000000     -45.679017      25.000275
11812         49.729666     -47.551590      31.250000
11813         49.731354     -47.597035      33.750000
11814         50.000000     -45.674613      30.000202
11815         49.732508     -47.607361      36.233885
11816         49.732792     -47.609611      38.733885
11817         50.000000     -45.679177      34.983885
11818         49.738558     -47.661193      41.153312
11819         49.737082     -47.646808      43.653312
11820         50.000000     -45.735000      39.887198
11821         50.000000     -46.060632      44.323185
11822         50.000000      50.000000     -42.500000
11823         49.712187      47.408683     -40.927803
11824         49.712186      47.409654     -43.427803
11825         50.000000      45.867357     -44.097676
11826         50.000000      50.000000     -37.500000
11827         49.790668      48.117073     -36.250000
11828         49.790666      48.115265     -38.750000
11829         50.000000      46.022802     -39.677803
11830         50.000000      50.000000     -32.500000
11831         49.722296      47.500928     -31.277473
11832         49.722300      47.502112     -33.777473
11833         50.000000      46.103687     -35.027473
11834         50.000000      50.000000     -27.500000
11835         49.792959      48.137184     -26.360439
11836         49.792958      48.136819     -28.860439
11837         50.000000      46.122033     -30.137912
11838         50.000000      50.000000     -22.500000
11839         49.705085      47.347421     -21.563680
11840         49.705081      47.346519     -24.063680
11841         50.000000      45.984303     -25.424118
11842         50.000000      50.000000     -17.500000
11843         49.729367      47.564259     -16.250000
11844         49.729372      47.565866     -18.750000
11845         50.000000      45.475575     -20.313680
11846         50.000000      50.000000     -12.500000
11847         49.724693      47.522333     -11.277245
11848         49.724693      47.522195     -13.777245
11849         50.000000      45.632483     -15.027245
11850         50.000000      50.000000      -7.500000
11851         49.702022      47.318199      -6.049064
11852         49.702022      47.318300      -8.549064
11853         50.000000      45.413724      -9.826309
11854         50.000000      50.000000      -2.500000
11855         49.791643      48.128847      -1.250000
11856         49.791595      48.124353      -3.750000
11857         50.000000      45.948935      -4.799064
11858         50.000000      50.000000       2.500000
11859         49.705845      47.365931       3.598982
11860         49.702149      47.325138       1.098982
11861         50.000000      45.949392      -0.151018
11862         50.000000      50.000000       7.500000
11863         49.729972      47.582395       8.750000
11864         49.732788      47.607197       6.250000
11865         50.000000      45.451570       4.848982
11866         50.000000      50.000000      12.500000
11867         49.731030      47.534351      13.750000
11868         49.729972      47.582395      11.250000
11869         50.000000      45.669873      10.000000
11870         50.000000      50.000000      17.500000
11871         49.730246      47.567054      18.738409
11872         49.731861      47.541972      16.238409
11873         50.000000      45.676565      14.988409
11874         50.000000      50.000000      22.500000
11875         49.735459      47.633327      23.680452
11876         49.734428      47.604772      21.180452
11877         50.000000      45.716719      19.918860
11878         50.000000      50.000000      27.500000
11879         49.687982      47.203409      28.852357
11880         49.688899      47.216783      26.352357
11881         50.000000      45.376188      25.032809
11882         50.000000      50.000000      32.500000
11883         49.752889      47.729446      33.896189
11884         49.751336      47.771249      31.396189
11885         50.000000      45.509590      30.248546
11886         50.000000      50.000000      37.500000
11887         49.771143      47.893011      38.848311
11888         49.770900      47.894937      36.348311
11889         50.000000      46.162137      35.244500
11890         50.000000      50.000000      42.500000
11891         49.764787      47.859518      43.791208
11892         49.766107      47.846649      41.291208
11893         50.000000      46.266663      40.139520
11894         50.000000      46.301155      44.479346
11895         50.000000      42.577445       2.057822
11896         50.000000      41.173534      -0.253650
11897         50.000000      43.829357      -0.113507
11898         50.000000      43.515376       3.995395
11899         50.000000      40.859554       3.855253
11900         50.000000      44.545481      -2.462489
11901         50.000000      43.733679       6.646413
11902         50.000000     -42.753307       2.180654
11903         50.000000     -43.967340      -0.039618
11904         50.000000     -41.269826      -0.163880
11905         50.000000     -41.272497       4.450038
11906         50.000000     -43.970012       4.574300
11907         50.000000     -44.574688      -2.442077
11908         50.000000     -44.543346       7.057683
11909         50.000000       1.250000     -43.504809
11910         50.000000       3.750000     -43.504809
11911         50.000000       2.500000     -41.339746
11912         50.000000      -1.250000     -43.504809
11913         50.000000       6.250000     -43.504809
11914         50.000000       4.232780      43.559787
11915         50.000000       6.646350      43.499602
11916         50.000000       1.962140      43.817793
11917         50.000000       3.494702      41.568593
11918         50.000000      -0.559467      43.811576
11919         50.000000     -43.186974     -16.354129
11920         50.000000     -43.149959     -13.879483
11921         50.000000     -43.792856     -18.664749
11922         50.000000     -41.309957     -17.518878
11923         50.000000     -43.607557     -21.447106
11924         50.000000     -20.000000      43.301270
11925         50.000000     -22.480667      43.699647
11926         50.000000     -19.999532      40.776838
11927         50.000000     -17.499532      43.145441
11928         50.000000     -15.000000      43.301270
11929         50.000000     -14.999532      40.776838
11930         50.000000     -12.500000      43.693575
11931         50.000000      43.183824     -16.370011
11932         50.000000      43.146434     -13.897256
11933         50.000000      41.329649     -17.620011
11934         50.000000      43.815699     -18.750000
11935         50.000000      43.621401     -21.563680
11936         50.000000     -18.749944     -43.504777
11937         50.000000     -21.249944     -43.504777
11938         50.000000     -16.249975     -43.504795
11939         50.000000     -17.499919     -41.339699
11940         50.000000     -13.749974     -43.504795
11941         50.000000      43.544963      21.180452
11942         50.000000      43.511502      18.738409
11943         50.000000      43.411893      25.935067
11944         50.000000      43.785885      23.263162
11945         50.000000      41.580668      22.082710
11946         50.000000      16.250000     -43.504809
11947         50.000000      13.750000     -43.504809
11948         50.000000      18.750000     -43.504809
11949         50.000000      17.500000     -41.339746
11950         50.000000      21.250000     -43.504809
11951         50.000000      13.691583      43.556422
11952         50.000000      16.101396      43.489786
11953         50.000000      16.835079      41.000030
11954         50.000000      18.017234      43.020192
11955         50.000000      20.716572      42.599488
11956         50.000000     -43.125908      13.424712
11957         50.000000     -43.404334      16.298125
11958         50.000000     -41.239270      17.548125
11959         50.000000     -43.504809      18.750000
11960         50.000000     -43.509213      21.250073
11961         50.000000     -33.743659     -43.505386
11962         50.000000     -36.227544     -43.514690
11963         50.000000     -31.248792     -43.504631
11964         50.000000     -32.492451     -41.340144
11965         50.000000     -28.748783     -43.504626
11966         50.000000      31.250000     -43.504809
11967         50.000000      28.750000     -43.504809
11968         50.000000      33.744181     -43.508169
11969         50.000000      32.494181     -41.343106
11970         50.000000      36.225380     -43.519024
11971         50.000000     -43.545040      33.757273
11972         50.000000     -43.554344      36.241158
11973         50.000000     -43.533251      31.251212
11974         50.000000     -41.408419      32.508485
11975         50.000000     -43.537992      28.751414
11976         50.000000      34.875079      43.308846
11977         50.000000      32.473323      42.924398
11978         50.000000      34.848402      40.563371
11979         50.000000      37.480069      43.346734
11980         50.000000      30.005212      43.389952
11981         50.000000      27.518973      43.631473
11982         50.000000      29.978535      40.644478
11983         50.000000     -44.028642     -34.777814
11984         50.000000     -41.325202     -34.793545
11985         50.000000     -42.853844     -32.561741
11986         50.000000     -44.580480     -37.226480
11987         50.000000     -41.407297     -30.225828
11988         50.000000     -44.110737     -30.210098
11989         50.000000     -44.684170     -27.785584
11990         50.000000     -30.271928      43.134705
11991         50.000000     -32.730816      42.598418
11992         50.000000     -30.525403      40.339841
11993         50.000000     -27.686594      43.303361
11994         50.000000     -34.743480      43.946641
11995         50.000000     -34.996955      41.151777
11996         50.000000     -37.224692      44.576211
11997         50.000000      42.841489     -32.606840
11998         50.000000      41.313120     -34.834177
11999         50.000000      44.028369     -34.782283
12000         50.000000      44.077683     -30.238513
12001         50.000000      41.362434     -30.290407
12002         50.000000      44.575318     -37.254809
12003         50.000000      44.642979     -27.821479
12004         50.000000      43.809763      32.273321
12005         50.000000      43.302368      29.729489
12006         50.000000      44.681225      36.751377
12007         50.000000      44.536072      34.299255
12008         50.000000      42.328850      33.780198
12009         50.000000      43.512617      16.236477
12010         50.000000      43.505925      13.748068
12011         50.000000      41.340861      12.498068
12012         50.000000      43.504809      11.250000
12013         50.000000      43.504809       8.750000
12014         50.000000      -8.749998     -43.504808
12015         50.000000      -6.250000     -43.504809
12016         50.000000      -7.499997     -41.339744
12017         50.000000     -11.249997     -43.504808
12018         50.000000      -3.750000     -43.504809
12019         50.000000     -10.000000      43.301270
12020         50.000000     -10.028168      40.543342
12021         50.000000      -7.528168      42.911945
12022         50.000000      -5.141324      43.345532
12023         50.000000      -5.169492      40.587605
12024         50.000000      -2.562822      43.408872
12025         50.000000     -43.858107      -4.741141
12026         50.000000     -42.565163      -6.893280
12027         50.000000     -41.190915      -4.536292
12028         50.000000     -43.497386      -8.799681
12029         50.000000     -40.830195      -8.594833
12030         50.000000     -43.679131     -11.525971
12031         50.000000      43.828900      -4.761554
12032         50.000000      41.212723      -4.561854
12033         50.000000      42.616177      -6.898429
12034         50.000000      40.890705      -8.604567
12035         50.000000      43.506882      -8.804267
12036         50.000000      43.688252     -11.532448
12037         50.000000     -38.715085     -43.524968
12038         50.000000     -41.134512     -43.571487
12039         50.000000     -42.678300     -41.608752
12040         50.000000     -43.850412     -43.818783
12041         50.000000      41.137198     -43.569936
12042         50.000000      43.850796     -43.818562
12043         50.000000      42.681369     -41.606979
12044         50.000000      38.715085     -43.524968
12045         50.000000     -43.524968      38.715085
12046         50.000000     -43.571487      41.134512
12047         50.000000     -41.608752      42.678300
12048         50.000000     -43.818783      43.850412
12049         50.000000      39.789923      43.156108
12050         50.000000      42.336325      43.210801
12051         50.000000      44.047950      41.574491
12052         50.000000      44.514411      44.218727
12053         50.000000      12.500000     -41.339746
12054         50.000000      11.250000     -43.504809
12055         50.000000       8.750000     -43.504809
12056         50.000000      18.750000     -39.174682
12057         50.000000      16.250000     -39.174682
12058         50.000000      15.000000     -37.009619
12059         50.000000      13.750000     -39.174682
12060         50.000000      11.250000     -39.174682
12061         50.000000      21.250000     -39.174682
12062         50.000000      20.000000     -37.009619
12063         50.000000      22.500000     -41.339746
12064         50.000000      23.750000     -39.174682
12065         50.000000      23.750000     -43.504809
12066         50.000000      21.250000     -34.844555
12067         50.000000      18.750000     -34.844555
12068         50.000000      17.500000     -32.679492
12069         50.000000      16.250000     -34.844555
12070         50.000000      13.750000     -34.844555
12071         50.000000      23.750000     -34.844555
12072         50.000000      22.500000     -32.679492
12073         50.000000      25.000000     -37.009619
12074         50.000000      26.250000     -34.844555
12075         50.000000      26.250000     -39.174682
12076         50.000000      18.750000     -30.514428
12077         50.000000      16.250000     -30.514428
12078         50.000000      21.250000     -30.514428
12079         50.000000      20.000000     -28.349365
12080         50.000000      23.750000     -30.514428
12081         50.000000      15.000000     -28.349365
12082         50.000000      13.750000     -30.514428
12083         50.000000      11.250000     -30.514428
12084         50.000000      12.500000     -32.679492
12085         50.000000      11.250000     -34.844555
12086         50.000000      16.250000     -26.184301
12087         50.000000      13.750000     -26.184301
12088         50.000000      18.750000     -26.184301
12089         50.000000      17.500000     -24.019238
12090         50.000000      21.250000     -26.184301
12091         50.000000      12.500000     -24.019238
12092         50.000000      11.250000     -26.184301
12093         50.000000       8.750000     -26.184301
12094         50.000000      10.000000     -28.349365
12095         50.000000       8.750000     -30.514428
12096         50.000000      13.750000     -21.854174
12097         50.000000      11.250000     -21.854174
12098         50.000000      16.249999     -21.854175
12099         50.000000      14.999999     -19.689112
12100         50.000000      18.749999     -21.854175
12101         50.000000      10.000000     -19.689111
12102         50.000000       8.750000     -21.854174
12103         50.000000       6.250000     -21.854174
12104         50.000000       7.500000     -24.019238
12105         50.000000       6.250000     -26.184301
12106         50.000000      11.250000     -17.524047
12107         50.000000       8.750000     -17.524047
12108         50.000000      13.749999     -17.524048
12109         50.000000      12.499999     -15.358985
12110         50.000000      16.249998     -17.524049
12111         50.000000       7.500000     -15.358984
12112         50.000000       6.250000     -17.524047
12113         50.000000       3.750000     -17.524047
12114         50.000000       5.000000     -19.689111
12115         50.000000       3.750000     -21.854174
12116         50.000000       8.750000     -13.193920
12117         50.000000       6.250000     -13.193920
12118         50.000000      11.250000     -13.193920
12119         50.000000      10.000000     -11.028857
12120         50.000000      13.749999     -13.193921
12121         50.000000       5.000000     -11.028857
12122         50.000000       3.750000     -13.193920
12123         50.000000       1.250000     -13.193920
12124         50.000000       2.500000     -15.358984
12125         50.000000       1.250000     -17.524047
12126         50.000000       6.250000      -8.863793
12127         50.000000       3.750000      -8.863793
12128         50.000000       8.749998      -8.863795
12129         50.000000       7.499998      -6.698731
12130         50.000000      11.249998      -8.863795
12131         50.000000       2.500000      -6.698730
12132         50.000000       1.250000      -8.863793
12133         50.000000      -1.250000      -8.863793
12134         50.000000      -0.000000     -11.028857
12135         50.000000      -1.250000     -13.193920
12136         50.000000       3.750000      -4.533666
12137         50.000000       1.250000      -4.533666
12138         50.000000       6.249999      -4.533667
12139         50.000000       4.999999      -2.368604
12140         50.000000       8.749997      -4.533668
12141         50.000000      -0.000000      -2.368603
12142         50.000000      -1.250000      -4.533666
12143         50.000000      -3.750000      -4.533666
12144         50.000000      -2.500000      -6.698730
12145         50.000000      -3.750000      -8.863793
12146         50.000000       1.250000      -0.203539
12147         50.000000      -1.250000      -0.203539
12148         50.000000       3.750000      -0.203539
12149         50.000000       2.500000       1.961524
12150         50.000000       6.249999      -0.203540
12151         50.000000      -2.500000       1.961524
12152         50.000000      -3.750000      -0.203539
12153         50.000000      -6.250000      -0.203539
12154         50.000000      -5.000000      -2.368603
12155         50.000000      -6.250000      -4.533666
12156         50.000000      -3.750000     -13.193920
12157         50.000000      -2.500000     -15.358984
12158         50.000000      -5.000000     -11.028857
12159         50.000000      -6.250000     -13.193920
12160         50.000000      -6.250000      -8.863793
12161         50.000000      -1.250000       4.126588
12162         50.000000      -3.750000       4.126588
12163         50.000000       3.749999       4.126587
12164         50.000000       1.249999       4.126587
12165         50.000000      -0.000001       6.291651
12166         50.000000      -5.000000       6.291651
12167         50.000000      -6.250000       4.126588
12168         50.000000      -8.750000       4.126588
12169         50.000000      -7.500000       1.961524
12170         50.000000      -8.750000      -0.203539
12171         50.000000       7.499992       1.961518
12172         50.000000       8.749979       4.126572
12173         50.000000       6.249987       4.126578
12174         50.000000       8.749991      -0.203546
12175         50.000000       4.999987       6.291641
12176         50.000000      -3.750000       8.456715
12177         50.000000      -6.250000       8.456715
12178         50.000000      -1.250000       8.456715
12179         50.000000      -2.500000      10.621778
12180         50.000000       1.249999       8.456714
12181         50.000000     -10.000000       6.291651
12182         50.000000     -11.250000       4.126588
12183         50.000000      -8.750000       8.456715
12184         50.000000     -11.250000       8.456715
12185         50.000000      -7.500000      10.621778
12186         50.000000     -13.750000       4.126588
12187         50.000000     -12.500000       1.961524
12188         50.000000     -13.750000      -0.203539
12189         50.000000     -11.250000      -0.203539
12190         50.000000     -10.000000      -2.368603
12191         50.000000      15.000000     -11.028857
12192         50.000000      16.249999     -13.193921
12193         50.000000      16.249993      -8.863798
12194         50.000000      13.749993      -8.863798
12195         50.000000      12.499992      -6.698736
12196         50.000000     -12.500000      10.621778
12197         50.000000     -13.750000       8.456715
12198         50.000000     -15.000000       6.291651
12199         50.000000     -16.250000       4.126588
12200         50.000000     -16.250000       8.456715
12201         50.000000     -11.250000      12.786842
12202         50.000000     -13.750000      12.786842
12203         50.000000      -8.750000      12.786842
12204         50.000000     -10.000000      14.951905
12205         50.000000      -6.250000      12.786842
12206         50.000000     -16.250000      -0.203539
12207         50.000000     -15.000000      -2.368603
12208         50.000000     -17.500000       1.961524
12209         50.000000     -18.750000      -0.203539
12210         50.000000     -18.750000       4.126588
12211         50.000000     -15.000000      14.951905
12212         50.000000     -16.250000      12.786842
12213         50.000000     -18.750000      12.786842
12214         50.000000     -17.500000      10.621778
12215         50.000000     -18.750000       8.456715
12216         50.000000     -13.750000      17.116969
12217         50.000000     -16.250000      17.116969
12218         50.000000     -11.250000      17.116969
12219         50.000000     -12.500000      19.282032
12220         50.000000      -8.750000      17.116969
12221         50.000000     -17.500000      19.282032
12222         50.000000     -18.750000      17.116969
12223         50.000000     -21.250000      17.116969
12224         50.000000     -20.000000      14.951905
12225         50.000000     -21.250000      12.786842
12226         50.000000       1.250000     -21.854174
12227         50.000000       2.500000     -24.019238
12228         50.000000       1.250000     -26.184301
12229         50.000000       3.750000     -26.184301
12230         50.000000       5.000000     -28.349365
12231         50.000000      23.749791     -26.184422
12232         50.000000      22.499791     -24.019358
12233         50.000000      23.749751     -21.854319
12234         50.000000      21.249960     -21.854198
12235         50.000000      19.999959     -19.689135
12236         50.000000     -11.250000      21.447096
12237         50.000000     -13.750000      21.447096
12238         50.000000     -16.249910      21.446945
12239         50.000000     -18.749910      21.446945
12240         50.000000     -14.999910      23.612009
12241         50.000000      -8.750000      21.447096
12242         50.000000     -10.000000      23.612159
12243         50.000000      -7.500000      19.282032
12244         50.000000      -6.250000      21.447096
12245         50.000000      -6.250000      17.116969
12246         50.000000     -22.500000      19.282032
12247         50.000000     -23.750000      17.116969
12248         50.000000     -21.250000      21.447096
12249         50.000000     -23.750000      21.447096
12250         50.000000     -19.999910      23.612009
12251         50.000000     -26.250000      17.116969
12252         50.000000     -25.000000      14.951905
12253         50.000000     -26.250000      12.786842
12254         50.000000     -23.750000      12.786842
12255         50.000000     -22.500000      10.621778
12256         50.000000     -25.000000      23.612159
12257         50.000000     -26.250000      21.447096
12258         50.000000     -27.466850      19.408025
12259         50.000000     -28.716850      17.242961
12260         50.000000     -28.716850      21.573088
12261         50.000000     -23.750000      25.777223
12262         50.000000     -26.250000      25.777223
12263         50.000000     -21.248169      25.776505
12264         50.000000     -22.498169      27.941568
12265         50.000000     -18.748079      25.776354
12266         50.000000      28.750000     -34.844555
12267         50.000000      27.500000     -32.679492
12268         50.000000      28.750000     -30.514428
12269         50.000000      26.250000     -30.514428
12270         50.000000      25.000000     -28.349365
12271         50.000000      -8.750000      25.777223
12272         50.000000     -11.250000      25.777223
12273         50.000000     -12.499462      27.941384
12274         50.000000     -13.749462      25.776320
12275         50.000000     -16.249373      25.776170
12276         50.000000      -6.250000      25.777223
12277         50.000000      -7.500000      27.942286
12278         50.000000      -5.000000      23.612159
12279         50.000000      -3.750000      25.777223
12280         50.000000      -3.750000      21.447096
12281         50.000000     -28.750000      12.786842
12282         50.000000     -27.500000      10.621778
12283         50.000000     -30.251430      15.075855
12284         50.000000     -31.501430      12.910792
12285         50.000000     -31.468279      17.366911
12286         50.000000     -27.380902      28.011047
12287         50.000000     -28.630902      25.845984
12288         50.000000     -31.233715      26.158631
12289         50.000000     -30.102813      23.924806
12290         50.000000     -31.319663      21.885735
12291         50.000000     -26.203020      30.103146
12292         50.000000     -28.583922      30.171907
12293         50.000000     -23.742170      30.106649
12294         50.000000     -24.945190      32.267509
12295         50.000000     -21.240339      30.105931
12296         50.000000      -6.249819      30.104427
12297         50.000000      -8.749819      30.104427
12298         50.000000     -11.249304      30.104487
12299         50.000000     -13.748766      30.103585
12300         50.000000      -9.999123      32.266628
12301         50.000000      -1.250000      25.777223
12302         50.000000      -2.500000      27.942286
12303         50.000000      -1.250000      30.107350
12304         50.000000      -3.750000      30.107350
12305         50.000000      -4.999819      32.269491
12306         50.000000      -0.000000      23.612159
12307         50.000000       1.250000      25.777223
12308         50.000000      -1.250000      21.447096
12309         50.000000       1.250000      21.447096
12310         50.000000      -2.500000      19.282032
12311         50.000000       3.750000      25.777223
12312         50.000000       2.500000      27.942286
12313         50.000000       3.731965      30.108510
12314         50.000000       1.231965      30.108510
12315         50.000000      -0.018035      32.273574
12316         50.000000       5.000000      23.612159
12317         50.000000       6.250000      25.777223
12318         50.000000       3.749999      21.447095
12319         50.000000       6.249999      21.447095
12320         50.000000       2.499999      19.282032
12321         50.000000       8.750000      25.777223
12322         50.000000       7.500000      27.942286
12323         50.000000       8.750000      30.107350
12324         50.000000       6.250000      30.107350
12325         50.000000       4.981965      32.273574
12326         50.000000      10.000000      23.612159
12327         50.000000      11.250000      25.777223
12328         50.000000       8.750000      21.447096
12329         50.000000      11.250000      21.447096
12330         50.000000       7.499999      19.282032
12331         50.000000      13.750000      25.777223
12332         50.000000      12.500000      27.942286
12333         50.000000      13.750000      30.107350
12334         50.000000      11.250000      30.107350
12335         50.000000      10.000000      32.272413
12336         50.000000      15.000000      23.612159
12337         50.000000      16.250000      25.777223
12338         50.000000      13.750000      21.447096
12339         50.000000      16.250000      21.447096
12340         50.000000      12.500000      19.282032
12341         50.000000      18.750000      25.777223
12342         50.000000      17.500000      27.942286
12343         50.000000      18.766685      30.083998
12344         50.000000      16.266685      30.083998
12345         50.000000      15.016685      32.249062
12346         50.000000      20.000000      23.612159
12347         50.000000      21.250000      25.777223
12348         50.000000      18.750000      21.447096
12349         50.000000      21.250000      21.447096
12350         50.000000      17.500000      19.282032
12351         50.000000      23.750000      25.777223
12352         50.000000      22.500000      27.942286
12353         50.000000      23.750000      30.107350
12354         50.000000      21.250000      30.107350
12355         50.000000      20.016685      32.249062
12356         50.000000      22.500000      19.282032
12357         50.000000      23.750000      21.447096
12358         50.000000      26.237543      21.456746
12359         50.000000      24.987543      23.621810
12360         50.000000      26.237543      25.786873
12361         50.000000      21.250000      17.116969
12362         50.000000      23.750000      17.116969
12363         50.000000      18.750000      17.116969
12364         50.000000      20.000000      14.951905
12365         50.000000      16.250000      17.116969
12366         50.000000      25.014958      14.955913
12367         50.000000      26.264958      17.120977
12368         50.000000      28.690217      17.178879
12369         50.000000      27.425260      19.339935
12370         50.000000      28.662803      21.514649
12371         50.000000      23.752493      12.787510
12372         50.000000      26.267451      12.791518
12373         50.000000      21.250000      12.786842
12374         50.000000      22.502493      10.622446
12375         50.000000      18.750000      12.786842
12376         50.000000      26.250000      30.107350
12377         50.000000      25.000000      32.272413
12378         50.000000      27.500000      27.942286
12379         50.000000      28.750000      30.107350
12380         50.000000      28.737543      25.786873
12381         50.000000      27.430613      10.575419
12382         50.000000      28.693078      12.743822
12383         50.000000      31.300074      12.755219
12384         50.000000      30.136912      14.971318
12385         50.000000      31.297214      17.190276
12386         50.000000      26.240928       8.449656
12387         50.000000      28.666556       8.401960
12388         50.000000      23.750981       8.456206
12389         50.000000      24.986924       6.282748
12390         50.000000      21.248488       8.455538
12391         50.000000      11.249989      17.116960
12392         50.000000      13.749989      17.116960
12393         50.000000       8.749995      17.116965
12394         50.000000       9.999984      14.951893
12395         50.000000       6.249995      17.116965
12396         50.000000      29.988436       6.283925
12397         50.000000      31.178120       8.409687
12398         50.000000      31.892655      10.293240
12399         50.000000      33.336489      12.520736
12400         50.000000      33.214535       8.175205
12401         50.000000      23.746309       4.123927
12402         50.000000      26.236256       4.117377
12403         50.000000      27.495530       1.958505
12404         50.000000      28.736145       4.117326
12405         50.000000      31.247709       4.125053
12406         50.000000      21.248488       4.125411
12407         50.000000      22.497821       1.960040
12408         50.000000      19.998236       6.290279
12409         50.000000      18.749748       4.126392
12410         50.000000      18.749748       8.456519
12411         50.000000      26.247076      -0.205526
12412         50.000000      28.746964      -0.205578
12413         50.000000      23.747299      -0.205378
12414         50.000000      24.998733      -2.369460
12415         50.000000      21.249478      -0.203894
12416         50.000000      29.998749      -2.369446
12417         50.000000      31.247203      -0.205414
12418         50.000000      33.749028      -0.204191
12419         50.000000      32.497243       1.959677
12420         50.000000      33.749534       4.126275
12421         50.000000      28.749046      -4.534310
12422         50.000000      31.249286      -4.534146
12423         50.000000      26.249096      -4.534277
12424         50.000000      27.499633      -6.698978
12425         50.000000      23.749319      -4.534128
12426         50.000000     -29.633867      32.299173
12427         50.000000     -30.811750      30.207074
12428         50.000000     -31.666315      28.423614
12429         50.000000     -33.138227      26.502436
12430         50.000000     -32.716261      30.550880
12431         50.000000      33.328975      17.413191
12432         50.000000      31.882281      19.620752
12433         50.000000      31.175260      21.504998
12434         50.000000      29.987543      23.621810
12435         50.000000      33.207021      21.727913
12436         50.000000     -28.750000       8.456715
12437         50.000000     -26.250000       8.456715
12438         50.000000     -25.000000       6.291651
12439         50.000000     -23.750000       8.456715
12440         50.000000     -21.250000       8.456715
12441         50.000000     -31.247200       8.455098
12442         50.000000     -29.997200       6.290035
12443         50.000000     -32.473252      10.493362
12444         50.000000     -33.720453       8.326682
12445         50.000000     -33.974682      12.782376
12446         50.000000     -31.246734       4.124702
12447         50.000000     -28.749533       4.126318
12448         50.000000     -27.499440       1.961201
12449         50.000000     -26.249907       4.126534
12450         50.000000     -23.749907       4.126534
12451         50.000000     -16.250000      -4.533666
12452         50.000000     -13.750000      -4.533666
12453         50.000000     -12.500000      -6.698730
12454         50.000000     -11.250000      -4.533666
12455         50.000000      -8.750000      -4.533666
12456         50.000000     -18.750000      -4.533666
12457         50.000000     -17.500000      -6.698730
12458         50.000000     -20.000000      -2.368603
12459         50.000000     -21.250000      -4.533666
12460         50.000000     -21.250000      -0.203539
12461         50.000000     -18.750000      -8.863793
12462         50.000000     -16.250000      -8.863793
12463         50.000000     -15.000000     -11.028857
12464         50.000000     -13.750000      -8.863793
12465         50.000000     -11.250000      -8.863793
12466         50.000000     -21.250000      -8.863793
12467         50.000000     -20.000000     -11.028857
12468         50.000000     -22.499830      -6.698704
12469         50.000000     -23.749830      -8.863768
12470         50.000000     -23.749830      -4.533641
12471         50.000000     -21.250000     -13.193920
12472         50.000000     -18.750000     -13.193920
12473         50.000000     -17.500000     -15.358984
12474         50.000000     -16.250000     -13.193920
12475         50.000000     -13.750000     -13.193920
12476         50.000000     -23.750000     -13.193920
12477         50.000000     -22.500000     -15.358984
12478         50.000000     -25.000000     -11.028857
12479         50.000000     -26.250000     -13.193920
12480         50.000000     -26.249830      -8.863768
12481         50.000000     -23.750000     -17.524047
12482         50.000000     -21.250000     -17.524047
12483         50.000000     -20.000000     -19.689111
12484         50.000000     -18.750000     -17.524047
12485         50.000000     -16.250000     -17.524047
12486         50.000000     -26.248211     -17.523014
12487         50.000000     -24.998211     -19.688078
12488         50.000000     -28.750000     -13.193920
12489         50.000000     -27.500000     -15.358984
12490         50.000000     -28.748211     -17.523014
12491         50.000000     -21.250000     -21.854174
12492         50.000000     -18.750000     -21.854174
12493         50.000000     -23.750000     -21.854174
12494         50.000000     -22.500000     -24.019238
12495         50.000000     -26.248211     -21.853141
12496         50.000000     -17.500000     -24.019238
12497         50.000000     -16.250000     -21.854174
12498         50.000000     -13.750000     -21.854174
12499         50.000000     -15.000000     -19.689111
12500         50.000000     -13.750000     -17.524047
12501         50.000000     -23.750000     -26.184301
12502         50.000000     -21.250000     -26.184301
12503         50.000000     -18.749963     -26.184280
12504         50.000000     -16.249963     -26.184280
12505         50.000000     -19.999963     -28.349344
12506         50.000000     -26.242090     -26.179735
12507         50.000000     -24.992090     -28.344798
12508         50.000000     -27.489263     -24.013039
12509         50.000000     -28.731353     -26.173536
12510         50.000000     -28.737474     -21.846942
12511         50.000000     -12.500000     -24.019238
12512         50.000000     -11.250000     -21.854174
12513         50.000000     -13.750000     -26.184301
12514         50.000000     -11.250000     -26.184301
12515         50.000000     -14.999963     -28.349344
12516         50.000000     -30.000000     -11.028857
12517         50.000000     -31.250000     -13.193920
12518         50.000000     -28.749073      -8.863585
12519         50.000000     -31.249073      -8.863585
12520         50.000000     -27.498903      -6.698496
12521         50.000000     -26.240772     -30.509101
12522         50.000000     -23.748682     -30.513667
12523         50.000000     -22.498462     -32.678604
12524         50.000000     -21.249780     -30.514302
12525         50.000000     -18.749744     -30.514280
12526         50.000000     -31.207736     -26.151083
12527         50.000000     -29.960563     -28.317778
12528         50.000000     -28.738647     -30.501129
12529         50.000000     -27.495239     -32.669998
12530         50.000000     -31.215029     -30.478676
12531         50.000000     -29.994614     -19.686001
12532         50.000000     -31.235667     -21.845899
12533         50.000000     -33.757882     -21.812359
12534         50.000000     -32.500741     -23.973300
12535         50.000000     -33.729951     -26.117543
12536         50.000000       7.500000     -32.679492
12537         50.000000       6.250000     -30.514428
12538         50.000000       6.250000     -34.844555
12539         50.000000       8.750000     -34.844555
12540         50.000000      10.000000     -37.009619
12541         50.000000     -28.745712     -34.834211
12542         50.000000     -26.247837     -34.842182
12543         50.000000     -23.748425     -34.843646
12544         50.000000     -21.249524     -34.844281
12545         50.000000     -24.998899     -37.007859
12546         50.000000     -32.512875     -32.642154
12547         50.000000     -33.766400     -34.812594
12548         50.000000     -31.246639     -34.832467
12549         50.000000     -33.734790     -30.458803
12550         50.000000     -29.999237     -37.004651
12551         50.000000     -19.999664     -37.009425
12552         50.000000     -18.749701     -34.844383
12553         50.000000     -16.249863     -34.844476
12554         50.000000     -17.499722     -32.679331
12555         50.000000     -16.249905     -30.514374
12556         50.000000      16.249706       4.126359
12557         50.000000      17.499958       1.961492
12558         50.000000      16.249944      -0.203582
12559         50.000000      18.749986      -0.203549
12560         50.000000      19.999465      -2.368967
12561         50.000000      14.999699       6.291417
12562         50.000000      13.749909       4.126517
12563         50.000000      16.249698       8.456480
12564         50.000000      13.749901       8.456638
12565         50.000000      17.499950      10.621739
12566         50.000000      11.109517      34.416371
12567         50.000000       8.609517      34.416371
12568         50.000000      16.229543      34.482585
12569         50.000000      13.712858      34.505937
12570         50.000000      12.322375      36.649894
12571         50.000000     -23.705904      34.420295
12572         50.000000     -26.166754      34.416792
12573         50.000000     -28.540236      34.339290
12574         50.000000     -30.768064      34.374457
12575         50.000000     -27.300951      36.492076
12576         50.000000     -21.234821      34.422154
12577         50.000000     -22.456385      36.571437
12578         50.000000     -19.989640      32.269159
12579         50.000000     -18.740121      34.420301
12580         50.000000     -18.745639      30.104078
12581         50.000000      -3.749905      34.422786
12582         50.000000      -6.249724      34.419863
12583         50.000000      -1.358209      34.514991
12584         50.000000      -2.608113      36.665363
12585         50.000000       1.123757      34.516151
12586         50.000000      26.250000      34.437477
12587         50.000000      23.750000      34.437477
12588         50.000000      22.600109      36.532984
12589         50.000000      21.350109      34.367920
12590         50.000000      18.866794      34.344569
12591         50.000000      28.748791      34.437339
12592         50.000000      27.498791      36.602403
12593         50.000000      31.250000      30.107350
12594         50.000000      30.000000      32.272413
12595         50.000000      31.248791      34.437339
12596         50.000000     -34.980320      25.702707
12597         50.000000     -37.252428      24.789639
12598         50.000000     -34.977735      23.324384
12599         50.000000     -35.412920      27.967691
12600         50.000000     -33.360937      22.020030
12601         50.000000     -31.974973      19.668312
12602         50.000000     -35.633045      21.106961
12603         50.000000      32.489810      -6.693277
12604         50.000000      33.739513      -4.528412
12605         50.000000      34.999452      -2.368971
12606         50.000000      36.249492      -0.203880
12607         50.000000      36.239977      -4.528101
12608         50.000000      26.249780      -8.863942
12609         50.000000      28.749730      -8.863975
12610         50.000000      29.999894     -11.028928
12611         50.000000      31.249747      -8.863964
12612         50.000000      33.739974      -8.858230
12613         50.000000     -34.229577      32.376029
12614         50.000000     -32.761758      34.029899
12615         50.000000     -35.129640      34.071588
12616         50.000000     -35.084142      30.592569
12617         50.000000     -31.668127      36.070016
12618         50.000000     -33.743856       4.123041
12619         50.000000     -32.496189       1.959324
12620         50.000000     -36.198822       8.344110
12621         50.000000     -34.972770       6.305846
12622         50.000000     -36.222226       4.140468
12623         50.000000      23.749804      -8.863925
12624         50.000000      24.999902     -11.028923
12625         50.000000      22.499808      -6.698859
12626         50.000000      21.249931      -8.863840
12627         50.000000      21.249446      -4.534043
12628         50.000000      28.749921     -13.193974
12629         50.000000      31.249937     -13.193963
12630         50.000000      26.249918     -13.193976
12631         50.000000      27.499961     -15.359010
12632         50.000000      23.749942     -13.193959
12633         50.000000      32.499972     -15.359003
12634         50.000000      33.749945     -13.193958
12635         50.000000      36.190905     -13.159826
12636         50.000000      34.940870     -10.994786
12637         50.000000      36.180934      -8.824098
12638         50.000000      31.249978     -17.524062
12639         50.000000      33.749985     -17.524058
12640         50.000000      28.749979     -17.524062
12641         50.000000      29.999992     -19.689117
12642         50.000000      26.249975     -17.524064
12643         50.000000     -33.746021      -0.205837
12644         50.000000     -31.248898      -0.204175
12645         50.000000     -29.999271      -2.369024
12646         50.000000     -28.749440      -0.203863
12647         50.000000     -26.249813      -0.203647
12648         50.000000      -8.750000     -21.854174
12649         50.000000     -10.000000     -19.689111
12650         50.000000     -11.250000     -17.524047
12651         50.000000     -12.500000     -15.358984
12652         50.000000      -8.750000     -17.524047
12653         50.000000     -10.000000     -28.349365
12654         50.000000      -8.750000     -26.184301
12655         50.000000      -6.250000     -26.184301
12656         50.000000      -7.500000     -24.019238
12657         50.000000      -6.250000     -21.854174
12658         50.000000      -3.750000      17.116969
12659         50.000000      -1.250000      17.116969
12660         50.000000       1.249999      17.116968
12661         50.000000       3.749998      17.116967
12662         50.000000      -0.000001      14.951904
12663         50.000000     -21.242651      38.752982
12664         50.000000     -23.713734      38.751123
12665         50.000000     -25.283258      40.904398
12666         50.000000     -26.496992      38.722853
12667         50.000000     -28.870475      38.645351
12668         50.000000      23.890153      38.306141
12669         50.000000      21.490261      38.236584
12670         50.000000      26.255212      38.856286
12671         50.000000      25.145364      40.559886
12672         50.000000      28.754003      38.856149
12673         50.000000     -35.174451      14.451923
12674         50.000000     -36.146274      12.034494
12675         50.000000     -37.352750      10.482271
12676         50.000000     -38.605068       8.461434
12677         50.000000     -38.552519      12.151818
12678         50.000000     -36.245993      -0.205853
12679         50.000000     -34.998702      -2.369352
12680         50.000000     -37.524552       2.007028
12681         50.000000     -38.777233      -0.156488
12682         50.000000     -38.753466       4.189833
12683         50.000000      38.710769      -0.225490
12684         50.000000      37.460345       1.939290
12685         50.000000      38.638710       4.420487
12686         50.000000      36.177433       4.442097
12687         50.000000      34.927899       6.607473
12688         50.000000      34.955120     -19.715023
12689         50.000000      36.205114     -17.549964
12690         50.000000      39.054012     -17.490475
12691         50.000000      37.848877     -15.299510
12692         50.000000      39.039802     -13.100338
12693         50.000000      33.742515     -21.858496
12694         50.000000      36.197644     -21.884402
12695         50.000000      28.748748     -21.854898
12696         50.000000      31.248747     -21.854898
12697         50.000000      32.491272     -24.024277
12698         50.000000      30.000000     -37.009619
12699         50.000000      31.250000     -34.844555
12700         50.000000      28.750000     -39.174682
12701         50.000000      31.250000     -39.174682
12702         50.000000      27.500000     -41.339746
12703         50.000000      33.750000     -34.844555
12704         50.000000      32.500000     -32.679492
12705         50.000000      33.751598     -30.508474
12706         50.000000      31.251598     -30.508474
12707         50.000000      30.001598     -28.343410
12708         50.000000      18.749967      -8.863815
12709         50.000000      19.999963     -11.028882
12710         50.000000      18.749994     -13.193924
12711         50.000000      21.249957     -13.193949
12712         50.000000      22.499973     -15.359002
12713         50.000000      11.249943       4.126544
12714         50.000000      12.499950       1.961486
12715         50.000000      11.249984      -0.203552
12716         50.000000      13.749950      -0.203578
12717         50.000000      14.999978      -2.368619
12718         50.000000      35.000000     -37.009619
12719         50.000000      36.250000     -34.844555
12720         50.000000      33.744181     -39.178042
12721         50.000000      36.244181     -39.178042
12722         50.000000      38.813120     -34.834177
12723         50.000000      37.563120     -32.669113
12724         50.000000      38.831434     -30.463282
12725         50.000000      36.268314     -30.473661
12726         50.000000      35.019912     -28.302643
12727         50.000000      40.000000     -37.009619
12728         50.000000      38.733885     -39.183986
12729         50.000000      41.233885     -39.183986
12730         50.000000      37.478066     -41.352409
12731         50.000000     -36.244504      -4.532379
12732         50.000000     -33.744532      -4.532362
12733         50.000000     -31.248438      -4.533825
12734         50.000000     -28.748979      -4.533512
12735         50.000000     -32.494241      -6.696851
12736         50.000000     -21.249688     -39.174502
12737         50.000000     -18.749865     -39.174604
12738         50.000000     -23.749692     -39.174504
12739         50.000000     -22.499892     -41.339684
12740         50.000000     -26.249103     -39.173040
12741         50.000000     -33.750000     -13.193920
12742         50.000000     -32.500000     -15.358984
12743         50.000000     -33.746403     -17.521971
12744         50.000000     -31.246403     -17.521971
12745         50.000000      16.249950      12.786803
12746         50.000000      14.999989      14.951897
12747         50.000000      13.749939      12.786794
12748         50.000000     -11.250000     -30.514428
12749         50.000000      -8.750000     -30.514428
12750         50.000000     -13.749942     -30.514395
12751         50.000000     -12.499942     -32.679458
12752         50.000000      -7.500000     -32.679492
12753         50.000000      -6.250000     -30.514428
12754         50.000000      -3.750000     -30.514428
12755         50.000000      -5.000000     -28.349365
12756         50.000000      -3.750000     -26.184301
12757         50.000000      -8.750000     -34.844555
12758         50.000000      -6.250000     -34.844555
12759         50.000000     -11.249987     -34.844548
12760         50.000000      -9.999987     -37.009611
12761         50.000000     -13.749929     -34.844514
12762         50.000000      -5.000000     -37.009619
12763         50.000000      -3.750000     -34.844555
12764         50.000000      -1.250000     -34.844555
12765         50.000000      -2.500000     -32.679492
12766         50.000000      -1.250000     -30.514428
12767         50.000000      -2.500000     -24.019238
12768         50.000000      -1.250000     -21.854174
12769         50.000000      -3.750000     -21.854174
12770         50.000000      -1.250000     -26.184301
12771         50.000000      -5.000000     -19.689111
12772         50.000000     -10.000000     -11.028857
12773         50.000000      -8.750000      -8.863793
12774         50.000000     -11.250000     -13.193920
12775         50.000000      -8.750000     -13.193920
12776         50.000000      26.249791     -26.184422
12777         50.000000      28.748752     -26.185022
12778         50.000000      27.498543     -24.020079
12779         50.000000      31.250350     -26.179068
12780         50.000000     -34.940924     -10.994749
12781         50.000000     -36.190924     -13.159813
12782         50.000000     -33.745167      -8.862123
12783         50.000000     -36.186092      -8.828015
12784         50.000000     -39.042962     -13.084450
12785         50.000000     -37.852037     -15.283621
12786         50.000000     -39.102037     -17.448684
12787         50.000000     -36.250000     -17.524047
12788         50.000000     -34.996403     -19.687034
12789         50.000000     -16.249895     -39.174622
12790         50.000000     -14.999907     -37.009566
12791         50.000000     -13.749962     -39.174660
12792         50.000000      17.499961      -6.698756
12793         50.000000      18.749954      -4.533698
12794         50.000000      16.249980      -4.533681
12795         50.000000      32.500000      27.942286
12796         50.000000      33.750000      30.107350
12797         50.000000      31.250000      25.777223
12798         50.000000      33.750000      25.777223
12799         50.000000      36.175212      30.064171
12800         50.000000      34.925212      32.229234
12801         50.000000      36.162747      34.375343
12802         50.000000      33.737535      34.418522
12803         50.000000      32.486326      36.583448
12804         50.000000      37.412036      27.901159
12805         50.000000      38.587247      30.023043
12806         50.000000      36.170624      25.471189
12807         50.000000      38.582660      25.430062
12808         50.000000      34.920624      23.306126
12809         50.000000       9.999938       6.291603
12810         50.000000      12.499933      10.621726
12811         50.000000      11.249934       8.456664
12812         50.000000       8.749971       8.456692
12813         50.000000       7.500000     -41.339746
12814         50.000000       8.750000     -39.174682
12815         50.000000       6.250000     -39.174682
12816         50.000000     -16.245824      34.420302
12817         50.000000     -17.491004      36.573297
12818         50.000000     -16.247885      38.597153
12819         50.000000     -18.742182      38.597152
12820         50.000000      20.765611      40.270088
12821         50.000000      19.475568      38.496931
12822         50.000000      17.562967      36.601444
12823         50.000000      16.838317      38.634948
12824         50.000000      39.962681      -2.396819
12825         50.000000      38.749958      -4.533695
12826         50.000000      37.490019      -6.693136
12827         50.000000     -39.991266      -2.376761
12828         50.000000     -38.698322      -4.528900
12829         50.000000     -37.444153      -6.691910
12830         50.000000      37.497452     -23.998656
12831         50.000000      38.710057     -21.855183
12832         50.000000      40.985695     -21.984718
12833         50.000000      39.685887     -19.870465
12834         50.000000      38.690915      -8.829692
12835         50.000000      39.581620     -10.735530
12836         50.000000      41.239592     -12.875213
12837         50.000000     -39.572133     -10.730938
12838         50.000000     -41.233247     -12.854746
12839         50.000000     -38.639910      -8.824537
12840         50.000000     -14.996774      32.266997
12841         50.000000     -13.747657      34.419993
12842         50.000000     -16.246932      30.103893
12843         50.000000     -17.497631      27.940666
12844         50.000000     -11.248913      34.419942
12845         50.000000     -12.497963      36.573246
12846         50.000000     -11.249610      38.752931
12847         50.000000     -13.748353      38.752982
12848         50.000000      23.749939     -17.524085
12849         50.000000      24.999956     -19.689137
12850         50.000000      26.249788     -21.854297
12851         50.000000     -24.999906      -2.368657
12852         50.000000     -23.749907      -0.203593
12853         50.000000     -26.249736      -4.533695
12854         50.000000     -21.250000       4.126588
12855         50.000000     -22.499907       1.961470
12856         50.000000     -20.000000       6.291651
12857         50.000000      -6.250000     -39.174682
12858         50.000000      -3.750000     -39.174682
12859         50.000000     -11.249985     -39.174674
12860         50.000000      -8.749998     -39.174681
12861         50.000000      -0.000000     -37.009619
12862         50.000000       1.250000     -34.844555
12863         50.000000      -1.250000     -39.174682
12864         50.000000       1.250000     -39.174682
12865         50.000000      -2.500000     -41.339746
12866         50.000000       3.750000     -34.844555
12867         50.000000       2.500000     -32.679492
12868         50.000000       3.750000     -30.514428
12869         50.000000       1.250000     -30.514428
12870         50.000000      -0.000000     -28.349365
12871         50.000000       3.750000     -39.174682
12872         50.000000       5.000000     -37.009619
12873         50.000000      36.260834     -26.147853
12874         50.000000      38.773247     -26.118634
12875         50.000000      33.744118     -26.182665
12876         50.000000      41.304247     -25.945759
12877         50.000000      43.939953     -25.524720
12878         50.000000      42.645571     -23.548398
12879         50.000000      40.067629     -28.094956
12880         50.000000      38.414770      34.203442
12881         50.000000      37.227093      36.392730
12882         50.000000      39.476482      31.970160
12883         50.000000      40.540828      33.987547
12884         50.000000      40.713306      29.807148
12885         50.000000      38.364637      38.584324
12886         50.000000      36.112614      38.756224
12887         50.000000      33.710859      38.371777
12888         50.000000      31.222115      38.390594
12889         50.000000      40.674490      38.393697
12890         50.000000      39.560011      40.757192
12891         50.000000      41.267137      36.013481
12892         50.000000      42.462512      38.186349
12893         50.000000      39.581419      23.582757
12894         50.000000      40.822831      26.012726
12895         50.000000      42.413133      27.782373
12896         50.000000      37.326550      20.276731
12897         50.000000      39.325799      18.776685
12898         50.000000      39.340497      21.500046
12899         50.000000      35.627645      21.421880
12900         50.000000      35.612948      18.698518
12901         50.000000     -24.903336      43.331631
12902         50.000000      25.096325      42.889287
12903         50.000000      22.731266      42.339141
12904         50.000000     -31.329362      38.109064
12905         50.000000     -39.707919     -19.759304
12906         50.000000     -38.803920     -21.719211
12907         50.000000     -37.565398     -23.844536
12908         50.000000     -36.261478     -21.814436
12909         50.000000     -41.011839     -21.789404
12910         50.000000      39.576642       6.358060
12911         50.000000      39.347772       8.461647
12912         50.000000      39.307346      11.201619
12913         50.000000      37.315373       9.663266
12914         50.000000      41.568615       7.896413
12915         50.000000      35.602008      11.230998
12916         50.000000      35.642434       8.491026
12917         50.000000     -39.970171       6.583478
12918         50.000000     -43.801111       9.298429
12919         50.000000     -41.124099       8.721639
12920         50.000000     -42.436008      11.176385
12921         50.000000      43.947484     -39.432612
12922         50.000000      26.250000     -43.504809
12923         50.000000      17.499993     -15.358989
12924         50.000000      21.249954     -17.524075
12925         50.000000      18.749993     -17.524052
12926         50.000000      -8.749428      34.419882
12927         50.000000      -8.777777      38.363606
12928         50.000000      -7.499514      36.573176
12929         50.000000      -6.278072      38.363587
12930         50.000000     -40.448895      12.847922
12931         50.000000     -39.164002      16.363344
12932         50.000000     -39.264478      18.815220
12933         50.000000     -39.242418      14.400145
12934         50.000000     -37.267626      15.667240
12935         50.000000     -37.219526      20.020878
12936         50.000000     -39.294795      21.205658
12937         50.000000     -41.361427      22.500236
12938         50.000000     -43.530894      23.750309
12939         50.000000     -39.316476      23.705894
12940         50.000000     -35.096034      16.415122
12941         50.000000     -33.509554      17.501206
12942         50.000000     -35.602728      18.716523
12943         50.000000       9.999991      -2.368610
12944         50.000000      13.749985      -4.533677
12945         50.000000      11.249990      -4.533674
12946         50.000000      11.231963      43.491482
12947         50.000000      12.459621      41.404685
12948         50.000000       8.763679      43.514181
12949         50.000000      12.462858      39.039603
12950         50.000000      14.922479      39.104542
12951         50.000000       7.882672      41.325167
12952         50.000000       7.742188      38.935458
12953         50.000000       9.859517      38.950037
12954         50.000000     -41.390831      37.488473
12955         50.000000     -39.185537      41.231200
12956         50.000000     -39.432834      43.947100
12957         50.000000     -39.276342      38.809752
12958         50.000000     -37.100424      40.078553
12959         50.000000     -39.305718      36.335826
12960         50.000000     -35.087760      38.730330
12961         50.000000     -35.426525      36.691282
12962         50.000000     -33.323056      37.764506
12963         50.000000     -39.008833      33.716132
12964         50.000000     -36.894344      35.037412
12965         50.000000      -1.499532      38.889380
12966         50.000000      -3.891229      38.797175
12967         50.000000       0.503822      39.292084
12968         50.000000      -0.779293      41.423895
12969         50.000000       3.536380      34.507457
12970         50.000000       2.196206      36.748874
12971         50.000000       2.916445      39.283389
12972         50.000000     -23.749948     -43.504779
12973         50.000000     -28.747947     -39.172892
12974         50.000000     -27.498740     -41.339538
12975         50.000000     -26.249939     -43.504774
12976         50.000000     -12.499973     -41.339730
12977         50.000000     -37.474858     -41.351177
12978         50.000000     -41.231200     -39.185537
12979         50.000000     -43.947100     -39.432834
12980         50.000000     -38.728066     -39.168839
12981         50.000000     -39.996867     -36.992921
12982         50.000000     -36.240525     -39.158561
12983         50.000000     -38.822069     -34.776847
12984         50.000000     -36.263185     -34.799252
12985         50.000000     -37.591520     -32.599876
12986         50.000000     -34.996948     -36.989565
12987         50.000000     -33.743740     -39.171903
12988         50.000000     -38.901942     -30.395626
12989         50.000000     -40.158835     -28.043983
12990         50.000000     -36.343058     -30.418031
12991         50.000000     -38.880661     -25.981545
12992         50.000000     -41.386015     -25.811748
12993         50.000000     -42.703558     -23.407012
12994         50.000000     -43.981733     -25.469450
12995         50.000000     -36.338218     -26.076771
12996         50.000000     -35.045213     -28.254553
12997         50.000000     -31.248874     -39.171148
12998         50.000000     -38.997044      31.210071
12999         50.000000     -43.531231      26.250438
13000         50.000000     -41.389869      27.501448
13001         50.000000     -39.319061      26.084216
13002         50.000000     -39.325821      28.585193
13003         50.000000     -36.926236      29.792840
13004         50.000000      11.249972      12.786820
13005         50.000000       8.749979      12.786825
13006         50.000000       6.249992      12.786835
13007         50.000000       7.499980      10.621763
13008         50.000000       6.249984       8.456702
13009         50.000000      41.340861      17.498068
13010         50.000000      39.308462      13.699687
13011         50.000000      39.326915      16.274753
13012         50.000000      37.293400      14.978304
13013         50.000000      35.027880      16.268042
13014         50.000000      35.009427      13.692976
13015         50.000000      -3.750000      12.786842
13016         50.000000      -5.000000      14.951905
13017         50.000000      -1.250000      12.786842
13018         50.000000       2.499996      10.621776
13019         50.000000       3.749995      12.786838
13020         50.000000       1.249999      12.786841
13021         50.000000       3.749996       8.456712
13022         50.000000       4.999994      14.951901
13023         50.000000      -0.000000     -19.689111
13024         50.000000      -1.250000     -17.524047
13025         50.000000      -3.750000     -17.524047
13026         50.000000      -7.500000     -15.358984
13027         50.000000      -6.250000     -17.524047
13028         50.000000      -7.500000      -6.698730
13029         50.000000      44.088577      39.131594
13030         50.000000       6.054415      34.506296
13031         50.000000       7.163931      36.650254
13032         50.000000       5.187086      39.025383
13033         45.669873      49.771546     -47.929166
13034         47.864852      49.694979     -47.864852
13035         47.941120      49.771234     -45.669873
13036        -47.864852      49.694979     -47.864852
13037        -45.669873      49.771234     -47.941107
13038        -49.791667      49.791667     -47.291667
13039        -47.941095      49.771234     -45.669873
13040         47.867400      49.694478      47.864351
13041         45.669873      49.771279      47.945649
13042         47.958204      49.771874      45.669873
13043        -45.688137      49.773742      47.951565
13044        -47.884148      49.699044      47.884148
13045        -49.790278      49.792371      47.290278
13046        -47.944729      49.774151      45.688137
13047         41.153312      49.737145     -47.647627
13048         43.653312      49.736704     -47.613342
13049         44.323185      50.000000     -46.060632
13050         36.233885      49.732130     -47.604090
13051         38.733885      49.731348     -47.595746
13052         39.887198      50.000000     -45.735000
13053         31.250000      49.729554     -47.574358
13054         33.750000      49.730974     -47.593750
13055         34.983885      50.000000     -45.679177
13056         26.249991      49.729764     -47.578958
13057         28.749991      49.729553     -47.574352
13058         29.999991      50.000000     -45.669868
13059         21.250000      49.729404     -47.568749
13060         23.750000      49.729764     -47.578963
13061         24.999991      50.000000     -45.669868
13062         16.250000      49.730583     -47.589928
13063         18.750000      49.729404     -47.568749
13064         20.000000      50.000000     -45.669873
13065         11.250000      49.730583     -47.589928
13066         13.750000      49.730583     -47.589928
13067         15.000000      50.000000     -45.669873
13068          6.250000      49.729616     -47.552709
13069          8.750000      49.730583     -47.589928
13070         10.000000      50.000000     -45.669873
13071          1.250000      49.729429     -47.558516
13072          3.750000      49.729616     -47.552709
13073          5.000000      50.000000     -45.669873
13074         -3.750000      49.729368     -47.563672
13075         -1.250000      49.729429     -47.558516
13076          0.000000      50.000000     -45.669873
13077         -8.750000      49.729369     -47.565247
13078         -6.250000      49.729368     -47.563672
13079         -5.000000      50.000000     -45.669873
13080        -13.750000      49.729368     -47.563611
13081        -11.250000      49.729369     -47.565247
13082        -10.000000      50.000000     -45.669873
13083        -18.750000      49.729478     -47.556553
13084        -16.250000      49.729368     -47.563611
13085        -15.000000      50.000000     -45.669873
13086        -23.750000      49.731102     -47.533709
13087        -21.250000      49.729478     -47.556553
13088        -20.000000      50.000000     -45.669873
13089        -28.750000      49.729993     -47.545906
13090        -26.250000      49.731102     -47.533709
13091        -25.000000      50.000000     -45.669873
13092        -33.750000      49.729450     -47.571021
13093        -31.250000      49.729993     -47.545906
13094        -30.000000      50.000000     -45.669873
13095        -38.731200      49.730724     -47.576515
13096        -36.231200      49.730807     -47.583199
13097        -34.981200      50.000000     -45.680727
13098        -43.653312      49.736345     -47.627104
13099        -41.153312      49.736345     -47.627104
13100        -39.884512      50.000000     -45.736550
13101        -44.323185      50.000000     -46.060632
13102         43.428024      49.712194      47.414953
13103         40.928024      49.712162      47.405489
13104         44.097897      50.000000      45.866973
13105         38.719883      49.790794      48.114262
13106         36.219883      49.790842      48.122243
13107         39.647907      50.000000      46.023311
13108         33.738670      49.712171      47.415954
13109         31.238670      49.712859      47.429886
13110         34.958553      50.000000      46.022851
13111         28.653336      49.733884      47.618074
13112         26.153336      49.733625      47.582751
13113         29.892006      50.000000      45.561938
13114         23.730667      49.779547      47.999478
13115         21.230667      49.779921      47.994206
13116         24.884003      50.000000      46.098610
13117         18.750000      49.730295      47.541912
13118         16.250000      49.729367      47.564304
13119         19.980667      50.000000      46.068250
13120         13.750000      49.778405      48.005647
13121         11.250000      49.778405      48.005647
13122         15.000000      50.000000      46.062178
13123          8.750000      49.729367      47.564304
13124          6.250000      49.729666      47.551583
13125         10.000000      50.000000      46.062178
13126          3.671498      49.737575      47.623212
13127          1.171498      49.737608      47.622528
13128          4.921498      50.000000      45.733213
13129         -1.350109      49.738384      47.629560
13130         -3.850109      49.738200      47.634035
13131         -0.178611      50.000000      45.802769
13132         -6.263679      49.730681      47.566082
13133         -8.763679      49.730539      47.574891
13134         -5.113788      50.000000      45.748801
13135        -11.231963      49.727701      47.549355
13136        -13.731963      49.727708      47.551194
13137         -9.995641      50.000000      45.665918
13138        -16.141776      49.719378      47.476287
13139        -18.641776      49.721502      47.508858
13140        -14.873738      50.000000      45.576583
13141        -21.341113      49.669313      47.042034
13142        -23.841113      49.667454      46.979926
13143        -19.982889      50.000000      45.089245
13144        -26.263761      49.760041      47.820768
13145        -28.763761      49.761496      47.805542
13146        -25.104874      50.000000      45.410728
13147        -31.250000      49.731549      47.530005
13148        -33.750000      49.729534      47.573795
13149        -30.013761      50.000000      45.911394
13150        -36.354991      49.734267      47.616254
13151        -38.854991      49.734104      47.607496
13152        -35.104991      50.000000      45.707761
13153        -41.401393      49.740940      47.669012
13154        -43.901393      49.741197      47.656918
13155        -40.256384      50.000000      45.800343
13156        -44.589530      50.000000      46.115656
13157         47.409254      49.712138     -43.428024
13158         47.410225      49.712139     -40.928024
13159         45.866973      50.000000     -44.097897
13160         48.122505      49.791311     -38.721670
13161         48.120702      49.791313     -36.221670
13162         46.027580      50.000000     -39.649694
13163         47.499526      49.722334     -33.773005
13164         47.500710      49.722330     -31.273005
13165         46.109122      50.000000     -34.994675
13166         48.145889      49.794009     -28.848491
13167         48.145525      49.794010     -26.348491
13168         46.130717      50.000000     -30.121496
13169         47.355045      49.706206     -24.032357
13170         47.354147      49.706210     -21.532357
13171         46.001713      50.000000     -25.380848
13172         47.562741      49.729372     -18.750000
13173         47.564348      49.729367     -16.250000
13174         45.484574      50.000000     -20.282357
13175         47.522707      49.724740     -13.775354
13176         47.522569      49.724740     -11.275354
13177         45.632858      50.000000     -15.025354
13178         47.318098      49.702022      -8.549064
13179         47.318199      49.702022      -6.049064
13180         45.414099      50.000000      -9.824419
13181         48.124353      49.791595      -3.750000
13182         48.119858      49.791643      -1.250000
13183         45.948935      50.000000      -4.799064
13184         47.434955      49.715742       1.152458
13185         47.396024      49.719270       3.652458
13186         46.058169      50.000000      -0.097542
13187         48.052384      49.790031       6.135841
13188         48.071873      49.787819       8.635841
13189         46.024156      50.000000       4.788299
13190         47.230656      49.695247      10.876587
13191         47.284879      49.696440      13.376587
13192         45.855256      50.000000       9.512428
13193         47.594256      49.731030      16.250000
13194         47.569097      49.729410      18.750000
13195         45.391447      50.000000      14.626587
13196         47.574041      49.729960      21.250073
13197         47.545006      49.731009      23.750073
13198         45.674277      50.000000      20.000073
13199         47.545389      49.731050      26.250202
13200         47.556950      49.730258      28.750202
13201         45.679017      50.000000      25.000275
13202         47.551590      49.729666      31.250000
13203         47.597035      49.731354      33.750000
13204         45.674613      50.000000      30.000202
13205         47.607361      49.732508      36.233885
13206         47.609611      49.732792      38.733885
13207         45.679177      50.000000      34.983885
13208         47.661193      49.738558      41.153312
13209         47.646808      49.737082      43.653312
13210         45.735000      50.000000      39.887198
13211         46.060632      50.000000      44.323185
13212        -50.000000      50.000000     -42.500000
13213        -47.408683      49.712187     -40.927803
13214        -47.409654      49.712186     -43.427803
13215        -45.867357      50.000000     -44.097676
13216        -50.000000      50.000000     -37.500000
13217        -48.117073      49.790668     -36.250000
13218        -48.115265      49.790666     -38.750000
13219        -46.022802      50.000000     -39.677803
13220        -50.000000      50.000000     -32.500000
13221        -47.500928      49.722296     -31.277473
13222        -47.502112      49.722300     -33.777473
13223        -46.103687      50.000000     -35.027473
13224        -50.000000      50.000000     -27.500000
13225        -48.137184      49.792959     -26.360439
13226        -48.136819      49.792958     -28.860439
13227        -46.122033      50.000000     -30.137912
13228        -50.000000      50.000000     -22.500000
13229        -47.347421      49.705085     -21.563680
13230        -47.346519      49.705081     -24.063680
13231        -45.984303      50.000000     -25.424118
13232        -50.000000      50.000000     -17.500000
13233        -47.564259      49.729367     -16.250000
13234        -47.565866      49.729372     -18.750000
13235        -45.475575      50.000000     -20.313680
13236        -50.000000      50.000000     -12.500000
13237        -47.522333      49.724693     -11.277245
13238        -47.522195      49.724693     -13.777245
13239        -45.632483      50.000000     -15.027245
13240        -50.000000      50.000000      -7.500000
13241        -47.318199      49.702022      -6.049064
13242        -47.318300      49.702022      -8.549064
13243        -45.413724      50.000000      -9.826309
13244        -50.000000      50.000000      -2.500000
13245        -48.128847      49.791643      -1.250000
13246        -48.124353      49.791595      -3.750000
13247        -45.948935      50.000000      -4.799064
13248        -50.000000      50.000000       2.500000
13249        -47.365931      49.705845       3.598982
13250        -47.325138      49.702149       1.098982
13251        -45.949392      50.000000      -0.151018
13252        -50.000000      50.000000       7.500000
13253        -47.582395      49.729972       8.750000
13254        -47.607197      49.732788       6.250000
13255        -45.451570      50.000000       4.848982
13256        -50.000000      50.000000      12.500000
13257        -47.534351      49.731030      13.750000
13258        -47.582395      49.729972      11.250000
13259        -45.669873      50.000000      10.000000
13260        -50.000000      50.000000      17.500000
13261        -47.567054      49.730246      18.738409
13262        -47.541972      49.731861      16.238409
13263        -45.676565      50.000000      14.988409
13264        -50.000000      50.000000      22.500000
13265        -47.633327      49.735459      23.680452
13266        -47.604772      49.734428      21.180452
13267        -45.716719      50.000000      19.918860
13268        -50.000000      50.000000      27.500000
13269        -47.203409      49.687982      28.852357
13270        -47.216783      49.688899      26.352357
13271        -45.376188      50.000000      25.032809
13272        -50.000000      50.000000      32.500000
13273        -47.729446      49.752889      33.896189
13274        -47.771249      49.751336      31.396189
13275        -45.509590      50.000000      30.248546
13276        -50.000000      50.000000      37.500000
13277        -47.893011      49.771143      38.848311
13278        -47.894937      49.770900      36.348311
13279        -46.162137      50.000000      35.244500
13280        -50.000000      50.000000      42.500000
13281        -47.859518      49.764787      43.791208
13282        -47.846649      49.766107      41.291208
13283        -46.266663      50.000000      40.139520
13284        -46.301155      50.000000      44.479346
13285        -42.577445      50.000000       2.057822
13286        -41.173534      50.000000      -0.253650
13287        -43.829357      50.000000      -0.113507
13288        -43.515376      50.000000       3.995395
13289        -40.859554      50.000000       3.855253
13290        -44.545481      50.000000      -2.462489
13291        -43.733679      50.000000       6.646413
13292         42.753307      50.000000       2.180654
13293         43.967340      50.000000      -0.039618
13294         41.269826      50.000000      -0.163880
13295         41.272497      50.000000       4.450038
13296         43.970012      50.000000       4.574300
13297         44.574688      50.000000      -2.442077
13298         44.543346      50.000000       7.057683
13299         -1.250000      50.000000     -43.504809
13300         -3.750000      50.000000     -43.504809
13301         -2.500000      50.000000     -41.339746
13302          1.250000      50.000000     -43.504809
13303         -6.250000      50.000000     -43.504809
13304         -4.232780      50.000000      43.559787
13305         -6.646350      50.000000      43.499602
13306         -1.962140      50.000000      43.817793
13307         -3.494702      50.000000      41.568593
13308          0.559467      50.000000      43.811576
13309         43.186974      50.000000     -16.354129
13310         43.149959      50.000000     -13.879483
13311         43.792856      50.000000     -18.664749
13312         41.309957      50.000000     -17.518878
13313         43.607557      50.000000     -21.447106
13314         20.000000      50.000000      43.301270
13315         22.480667      50.000000      43.699647
13316         19.999532      50.000000      40.776838
13317         17.499532      50.000000      43.145441
13318         15.000000      50.000000      43.301270
13319         14.999532      50.000000      40.776838
13320         12.500000      50.000000      43.693575
13321        -43.183824      50.000000     -16.370011
13322        -43.146434      50.000000     -13.897256
13323        -41.329649      50.000000     -17.620011
13324        -43.815699      50.000000     -18.750000
13325        -43.621401      50.000000     -21.563680
13326         18.749944      50.000000     -43.504777
13327         21.249944      50.000000     -43.504777
13328         16.249975      50.000000     -43.504795
13329         17.499919      50.000000     -41.339699
13330         13.749974      50.000000     -43.504795
13331        -43.544963      50.000000      21.180452
13332        -43.511502      50.000000      18.738409
13333        -43.411893      50.000000      25.935067
13334        -43.785885      50.000000      23.263162
13335        -41.580668      50.000000      22.082710
13336        -16.250000      50.000000     -43.504809
13337        -13.750000      50.000000     -43.504809
13338        -18.750000      50.000000     -43.504809
13339        -17.500000      50.000000     -41.339746
13340        -21.250000      50.000000     -43.504809
13341        -13.691583      50.000000      43.556422
13342        -16.101396      50.000000      43.489786
13343        -16.835079      50.000000      41.000030
13344        -18.017234      50.000000      43.020192
13345        -20.716572      50.000000      42.599488
13346         43.125908      50.000000      13.424712
13347         43.404334      50.000000      16.298125
13348         41.239270      50.000000      17.548125
13349         43.504809      50.000000      18.750000
13350         43.509213      50.000000      21.250073
13351         33.743659      50.000000     -43.505386
13352         36.227544      50.000000     -43.514690
13353         31.248792      50.000000     -43.504631
13354         32.492451      50.000000     -41.340144
13355         28.748783      50.000000     -43.504626
13356        -31.250000      50.000000     -43.504809
13357        -28.750000      50.000000     -43.504809
13358        -33.744181      50.000000     -43.508169
13359        -32.494181      50.000000     -41.343106
13360        -36.225380      50.000000     -43.519024
13361         43.545040      50.000000      33.757273
13362         43.554344      50.000000      36.241158
13363         43.533251      50.000000      31.251212
13364         41.408419      50.000000      32.508485
13365         43.537992      50.000000      28.751414
13366        -34.875079      50.000000      43.308846
13367        -32.473323      50.000000      42.924398
13368        -34.848402      50.000000      40.563371
13369        -37.480069      50.000000      43.346734
13370        -30.005212      50.000000      43.389952
13371        -27.518973      50.000000      43.631473
13372        -29.978535      50.000000      40.644478
13373         44.028642      50.000000     -34.777814
13374         41.325202      50.000000     -34.793545
13375         42.853844      50.000000     -32.561741
13376         44.580480      50.000000     -37.226480
13377         41.407297      50.000000     -30.225828
13378         44.110737      50.000000     -30.210098
13379         44.684170      50.000000     -27.785584
13380         30.271928      50.000000      43.134705
13381         32.730816      50.000000      42.598418
13382         30.525403      50.000000      40.339841
13383         27.686594      50.000000      43.303361
13384         34.743480      50.000000      43.946641
13385         34.996955      50.000000      41.151777
13386         37.224692      50.000000      44.576211
13387        -42.841489      50.000000     -32.606840
13388        -41.313120      50.000000     -34.834177
13389        -44.028369      50.000000     -34.782283
13390        -44.077683      50.000000     -30.238513
13391        -41.362434      50.000000     -30.290407
13392        -44.575318      50.000000     -37.254809
13393        -44.642979      50.000000     -27.821479
13394        -43.809763      50.000000      32.273321
13395        -43.302368      50.000000      29.729489
13396        -44.681225      50.000000      36.751377
13397        -44.536072      50.000000      34.299255
13398        -42.328850      50.000000      33.780198
13399        -43.512617      50.000000      16.236477
13400        -43.505925      50.000000      13.748068
13401        -41.340861      50.000000      12.498068
13402        -43.504809      50.000000      11.250000
13403        -43.504809      50.000000       8.750000
13404          8.749998      50.000000     -43.504808
13405          6.250000      50.000000     -43.504809
13406          7.499997      50.000000     -41.339744
13407         11.249997      50.000000     -43.504808
13408          3.750000      50.000000     -43.504809
13409         10.000000      50.000000      43.301270
13410         10.028168      50.000000      40.543342
13411          7.528168      50.000000      42.911945
13412          5.141324      50.000000      43.345532
13413          5.169492      50.000000      40.587605
13414          2.562822      50.000000      43.408872
13415         43.858107      50.000000      -4.741141
13416         42.565163      50.000000      -6.893280
13417         41.190915      50.000000      -4.536292
13418         43.497386      50.000000      -8.799681
13419         40.830195      50.000000      -8.594833
13420         43.679131      50.000000     -11.525971
13421        -43.828900      50.000000      -4.761554
13422        -41.212723      50.000000      -4.561854
13423        -42.616177      50.000000      -6.898429
13424        -40.890705      50.000000      -8.604567
13425        -43.506882      50.000000      -8.804267
13426        -43.688252      50.000000     -11.532448
13427         38.715085      50.000000     -43.524968
13428         41.134512      50.000000     -43.571487
13429         42.678300      50.000000     -41.608752
13430         43.850412      50.000000     -43.818783
13431        -41.137198      50.000000     -43.569936
13432        -43.850796      50.000000     -43.818562
13433        -42.681369      50.000000     -41.606979
13434        -38.715085      50.000000     -43.524968
13435         43.524968      50.000000      38.715085
13436         43.571487      50.000000      41.134512
13437         41.608752      50.000000      42.678300
13438         43.818783      50.000000      43.850412
13439        -39.789923      50.000000      43.156108
13440        -42.336325      50.000000      43.210801
13441        -44.047950      50.000000      41.574491
13442        -44.514411      50.000000      44.218727
13443        -12.500000      50.000000     -41.339746
13444        -11.250000      50.000000     -43.504809
13445         -8.750000      50.000000     -43.504809
13446        -18.750000      50.000000     -39.174682
13447        -16.250000      50.000000     -39.174682
13448        -15.000000      50.000000     -37.009619
13449        -13.750000      50.000000     -39.174682
13450        -11.250000      50.000000     -39.174682
13451        -21.250000      50.000000     -39.174682
13452        -20.000000      50.000000     -37.009619
13453        -22.500000      50.000000     -41.339746
13454        -23.750000      50.000000     -39.174682
13455        -23.750000      50.000000     -43.504809
13456        -21.250000      50.000000     -34.844555
13457        -18.750000      50.000000     -34.844555
13458        -17.500000      50.000000     -32.679492
13459        -16.250000      50.000000     -34.844555
13460        -13.750000      50.000000     -34.844555
13461        -23.750000      50.000000     -34.844555
13462        -22.500000      50.000000     -32.679492
13463        -25.000000      50.000000     -37.009619
13464        -26.250000      50.000000     -34.844555
13465        -26.250000      50.000000     -39.174682
13466        -18.750000      50.000000     -30.514428
13467        -16.250000      50.000000     -30.514428
13468        -21.250000      50.000000     -30.514428
13469        -20.000000      50.000000     -28.349365
13470        -23.750000      50.000000     -30.514428
13471        -15.000000      50.000000     -28.349365
13472        -13.750000      50.000000     -30.514428
13473        -11.250000      50.000000     -30.514428
13474        -12.500000      50.000000     -32.679492
13475        -11.250000      50.000000     -34.844555
13476        -16.250000      50.000000     -26.184301
13477        -13.750000      50.000000     -26.184301
13478        -18.750000      50.000000     -26.184301
13479        -17.500000      50.000000     -24.019238
13480        -21.250000      50.000000     -26.184301
13481        -12.500000      50.000000     -24.019238
13482        -11.250000      50.000000     -26.184301
13483         -8.750000      50.000000     -26.184301
13484        -10.000000      50.000000     -28.349365
13485         -8.750000      50.000000     -30.514428
13486        -13.750000      50.000000     -21.854174
13487        -11.250000      50.000000     -21.854174
13488        -16.249999      50.000000     -21.854175
13489        -14.999999      50.000000     -19.689112
13490        -18.749999      50.000000     -21.854175
13491        -10.000000      50.000000     -19.689111
13492         -8.750000      50.000000     -21.854174
13493         -6.250000      50.000000     -21.854174
13494         -7.500000      50.000000     -24.019238
13495         -6.250000      50.000000     -26.184301
13496        -11.250000      50.000000     -17.524047
13497         -8.750000      50.000000     -17.524047
13498        -13.749999      50.000000     -17.524048
13499        -12.499999      50.000000     -15.358985
13500        -16.249998      50.000000     -17.524049
13501         -7.500000      50.000000     -15.358984
13502         -6.250000      50.000000     -17.524047
13503         -3.750000      50.000000     -17.524047
13504         -5.000000      50.000000     -19.689111
13505         -3.750000      50.000000     -21.854174
13506         -8.750000      50.000000     -13.193920
13507         -6.250000      50.000000     -13.193920
13508        -11.250000      50.000000     -13.193920
13509        -10.000000      50.000000     -11.028857
13510        -13.749999      50.000000     -13.193921
13511         -5.000000      50.000000     -11.028857
13512         -3.750000      50.000000     -13.193920
13513         -1.250000      50.000000     -13.193920
13514         -2.500000      50.000000     -15.358984
13515         -1.250000      50.000000     -17.524047
13516         -6.250000      50.000000      -8.863793
13517         -3.750000      50.000000      -8.863793
13518         -8.749998      50.000000      -8.863795
13519         -7.499998      50.000000      -6.698731
13520        -11.249998      50.000000      -8.863795
13521         -2.500000      50.000000      -6.698730
13522         -1.250000      50.000000      -8.863793
13523          1.250000      50.000000      -8.863793
13524          0.000000      50.000000     -11.028857
13525          1.250000      50.000000     -13.193920
13526         -3.750000      50.000000      -4.533666
13527         -1.250000      50.000000      -4.533666
13528         -6.249999      50.000000      -4.533667
13529         -4.999999      50.000000      -2.368604
13530         -8.749997      50.000000      -4.533668
13531          0.000000      50.000000      -2.368603
13532          1.250000      50.000000      -4.533666
13533          3.750000      50.000000      -4.533666
13534          2.500000      50.000000      -6.698730
13535          3.750000      50.000000      -8.863793
13536         -1.250000      50.000000      -0.203539
13537          1.250000      50.000000      -0.203539
13538         -3.750000      50.000000      -0.203539
13539         -2.500000      50.000000       1.961524
13540         -6.249999      50.000000      -0.203540
13541          2.500000      50.000000       1.961524
13542          3.750000      50.000000      -0.203539
13543          6.250000      50.000000      -0.203539
13544          5.000000      50.000000      -2.368603
13545          6.250000      50.000000      -4.533666
13546          3.750000      50.000000     -13.193920
13547          2.500000      50.000000     -15.358984
13548          5.000000      50.000000     -11.028857
13549          6.250000      50.000000     -13.193920
13550          6.250000      50.000000      -8.863793
13551          1.250000      50.000000       4.126588
13552          3.750000      50.000000       4.126588
13553         -3.749999      50.000000       4.126587
13554         -1.249999      50.000000       4.126587
13555          0.000001      50.000000       6.291651
13556          5.000000      50.000000       6.291651
13557          6.250000      50.000000       4.126588
13558          8.750000      50.000000       4.126588
13559          7.500000      50.000000       1.961524
13560          8.750000      50.000000      -0.203539
13561         -7.499992      50.000000       1.961518
13562         -8.749979      50.000000       4.126572
13563         -6.249987      50.000000       4.126578
13564         -8.749991      50.000000      -0.203546
13565         -4.999987      50.000000       6.291641
13566          3.750000      50.000000       8.456715
13567          6.250000      50.000000       8.456715
13568          1.250000      50.000000       8.456715
13569          2.500000      50.000000      10.621778
13570         -1.249999      50.000000       8.456714
13571         10.000000      50.000000       6.291651
13572         11.250000      50.000000       4.126588
13573          8.750000      50.000000       8.456715
13574         11.250000      50.000000       8.456715
13575          7.500000      50.000000      10.621778
13576         13.750000      50.000000       4.126588
13577         12.500000      50.000000       1.961524
13578         13.750000      50.000000      -0.203539
13579         11.250000      50.000000      -0.203539
13580         10.000000      50.000000      -2.368603
13581        -15.000000      50.000000     -11.028857
13582        -16.249999      50.000000     -13.193921
13583        -16.249993      50.000000      -8.863798
13584        -13.749993      50.000000      -8.863798
13585        -12.499992      50.000000      -6.698736
13586         12.500000      50.000000      10.621778
13587         13.750000      50.000000       8.456715
13588         15.000000      50.000000       6.291651
13589         16.250000      50.000000       4.126588
13590         16.250000      50.000000       8.456715
13591         11.250000      50.000000      12.786842
13592         13.750000      50.000000      12.786842
13593          8.750000      50.000000      12.786842
13594         10.000000      50.000000      14.951905
13595          6.250000      50.000000      12.786842
13596         16.250000      50.000000      -0.203539
13597         15.000000      50.000000      -2.368603
13598         17.500000      50.000000       1.961524
13599         18.750000      50.000000      -0.203539
13600         18.750000      50.000000       4.126588
13601         15.000000      50.000000      14.951905
13602         16.250000      50.000000      12.786842
13603         18.750000      50.000000      12.786842
13604         17.500000      50.000000      10.621778
13605         18.750000      50.000000       8.456715
13606         13.750000      50.000000      17.116969
13607         16.250000      50.000000      17.116969
13608         11.250000      50.000000      17.116969
13609         12.500000      50.000000      19.282032
13610          8.750000      50.000000      17.116969
13611         17.500000      50.000000      19.282032
13612         18.750000      50.000000      17.116969
13613         21.250000      50.000000      17.116969
13614         20.000000      50.000000      14.951905
13615         21.250000      50.000000      12.786842
13616         -1.250000      50.000000     -21.854174
13617         -2.500000      50.000000     -24.019238
13618         -1.250000      50.000000     -26.184301
13619         -3.750000      50.000000     -26.184301
13620         -5.000000      50.000000     -28.349365
13621        -23.749791      50.000000     -26.184422
13622        -22.499791      50.000000     -24.019358
13623        -23.749751      50.000000     -21.854319
13624        -21.249960      50.000000     -21.854198
13625        -19.999959      50.000000     -19.689135
13626         11.250000      50.000000      21.447096
13627         13.750000      50.000000      21.447096
13628         16.249910      50.000000      21.446945
13629         18.749910      50.000000      21.446945
13630         14.999910      50.000000      23.612009
13631          8.750000      50.000000      21.447096
13632         10.000000      50.000000      23.612159
13633          7.500000      50.000000      19.282032
13634          6.250000      50.000000      21.447096
13635          6.250000      50.000000      17.116969
13636         22.500000      50.000000      19.282032
13637         23.750000      50.000000      17.116969
13638         21.250000      50.000000      21.447096
13639         23.750000      50.000000      21.447096
13640         19.999910      50.000000      23.612009
13641         26.250000      50.000000      17.116969
13642         25.000000      50.000000      14.951905
13643         26.250000      50.000000      12.786842
13644         23.750000      50.000000      12.786842
13645         22.500000      50.000000      10.621778
13646         25.000000      50.000000      23.612159
13647         26.250000      50.000000      21.447096
13648         27.466850      50.000000      19.408025
13649         28.716850      50.000000      17.242961
13650         28.716850      50.000000      21.573088
13651         23.750000      50.000000      25.777223
13652         26.250000      50.000000      25.777223
13653         21.248169      50.000000      25.776505
13654         22.498169      50.000000      27.941568
13655         18.748079      50.000000      25.776354
13656        -28.750000      50.000000     -34.844555
13657        -27.500000      50.000000     -32.679492
13658        -28.750000      50.000000     -30.514428
13659        -26.250000      50.000000     -30.514428
13660        -25.000000      50.000000     -28.349365
13661          8.750000      50.000000      25.777223
13662         11.250000      50.000000      25.777223
13663         12.499462      50.000000      27.941384
13664         13.749462      50.000000      25.776320
13665         16.249373      50.000000      25.776170
13666          6.250000      50.000000      25.777223
13667          7.500000      50.000000      27.942286
13668          5.000000      50.000000      23.612159
13669          3.750000      50.000000      25.777223
13670          3.750000      50.000000      21.447096
13671         28.750000      50.000000      12.786842
13672         27.500000      50.000000      10.621778
13673         30.251430      50.000000      15.075855
13674         31.501430      50.000000      12.910792
13675         31.468279      50.000000      17.366911
13676         27.380902      50.000000      28.011047
13677         28.630902      50.000000      25.845984
13678         31.233715      50.000000      26.158631
13679         30.102813      50.000000      23.924806
13680         31.319663      50.000000      21.885735
13681         26.203020      50.000000      30.103146
13682         28.583922      50.000000      30.171907
13683         23.742170      50.000000      30.106649
13684         24.945190      50.000000      32.267509
13685         21.240339      50.000000      30.105931
13686          6.249819      50.000000      30.104427
13687          8.749819      50.000000      30.104427
13688         11.249304      50.000000      30.104487
13689         13.748766      50.000000      30.103585
13690          9.999123      50.000000      32.266628
13691          1.250000      50.000000      25.777223
13692          2.500000      50.000000      27.942286
13693          1.250000      50.000000      30.107350
13694          3.750000      50.000000      30.107350
13695          4.999819      50.000000      32.269491
13696          0.000000      50.000000      23.612159
13697         -1.250000      50.000000      25.777223
13698          1.250000      50.000000      21.447096
13699         -1.250000      50.000000      21.447096
13700          2.500000      50.000000      19.282032
13701         -3.750000      50.000000      25.777223
13702         -2.500000      50.000000      27.942286
13703         -3.731965      50.000000      30.108510
13704         -1.231965      50.000000      30.108510
13705          0.018035      50.000000      32.273574
13706         -5.000000      50.000000      23.612159
13707         -6.250000      50.000000      25.777223
13708         -3.749999      50.000000      21.447095
13709         -6.249999      50.000000      21.447095
13710         -2.499999      50.000000      19.282032
13711         -8.750000      50.000000      25.777223
13712         -7.500000      50.000000      27.942286
13713         -8.750000      50.000000      30.107350
13714         -6.250000      50.000000      30.107350
13715         -4.981965      50.000000      32.273574
13716        -10.000000      50.000000      23.612159
13717        -11.250000      50.000000      25.777223
13718         -8.750000      50.000000      21.447096
13719        -11.250000      50.000000      21.447096
13720         -7.499999      50.000000      19.282032
13721        -13.750000      50.000000      25.777223
13722        -12.500000      50.000000      27.942286
13723        -13.750000      50.000000      30.107350
13724        -11.250000      50.000000      30.107350
13725        -10.000000      50.000000      32.272413
13726        -15.000000      50.000000      23.612159
13727        -16.250000      50.000000      25.777223
13728        -13.750000      50.000000      21.447096
13729        -16.250000      50.000000      21.447096
13730        -12.500000      50.000000      19.282032
13731        -18.750000      50.000000      25.777223
13732        -17.500000      50.000000      27.942286
13733        -18.766685      50.000000      30.083998
13734        -16.266685      50.000000      30.083998
13735        -15.016685      50.000000      32.249062
13736        -20.000000      50.000000      23.612159
13737        -21.250000      50.000000      25.777223
13738        -18.750000      50.000000      21.447096
13739        -21.250000      50.000000      21.447096
13740        -17.500000      50.000000      19.282032
13741        -23.750000      50.000000      25.777223
13742        -22.500000      50.000000      27.942286
13743        -23.750000      50.000000      30.107350
13744        -21.250000      50.000000      30.107350
13745        -20.016685      50.000000      32.249062
13746        -22.500000      50.000000      19.282032
13747        -23.750000      50.000000      21.447096
13748        -26.237543      50.000000      21.456746
13749        -24.987543      50.000000      23.621810
13750        -26.237543      50.000000      25.786873
13751        -21.250000      50.000000      17.116969
13752        -23.750000      50.000000      17.116969
13753        -18.750000      50.000000      17.116969
13754        -20.000000      50.000000      14.951905
13755        -16.250000      50.000000      17.116969
13756        -25.014958      50.000000      14.955913
13757        -26.264958      50.000000      17.120977
13758        -28.690217      50.000000      17.178879
13759        -27.425260      50.000000      19.339935
13760        -28.662803      50.000000      21.514649
13761        -23.752493      50.000000      12.787510
13762        -26.267451      50.000000      12.791518
13763        -21.250000      50.000000      12.786842
13764        -22.502493      50.000000      10.622446
13765        -18.750000      50.000000      12.786842
13766        -26.250000      50.000000      30.107350
13767        -25.000000      50.000000      32.272413
13768        -27.500000      50.000000      27.942286
13769        -28.750000      50.000000      30.107350
13770        -28.737543      50.000000      25.786873
13771        -27.430613      50.000000      10.575419
13772        -28.693078      50.000000      12.743822
13773        -31.300074      50.000000      12.755219
13774        -30.136912      50.000000      14.971318
13775        -31.297214      50.000000      17.190276
13776        -26.240928      50.000000       8.449656
13777        -28.666556      50.000000       8.401960
13778        -23.750981      50.000000       8.456206
13779        -24.986924      50.000000       6.282748
13780        -21.248488      50.000000       8.455538
13781        -11.249989      50.000000      17.116960
13782        -13.749989      50.000000      17.116960
13783         -8.749995      50.000000      17.116965
13784         -9.999984      50.000000      14.951893
13785         -6.249995      50.000000      17.116965
13786        -29.988436      50.000000       6.283925
13787        -31.178120      50.000000       8.409687
13788        -31.892655      50.000000      10.293240
13789        -33.336489      50.000000      12.520736
13790        -33.214535      50.000000       8.175205
13791        -23.746309      50.000000       4.123927
13792        -26.236256      50.000000       4.117377
13793        -27.495530      50.000000       1.958505
13794        -28.736145      50.000000       4.117326
13795        -31.247709      50.000000       4.125053
13796        -21.248488      50.000000       4.125411
13797        -22.497821      50.000000       1.960040
13798        -19.998236      50.000000       6.290279
13799        -18.749748      50.000000       4.126392
13800        -18.749748      50.000000       8.456519
13801        -26.247076      50.000000      -0.205526
13802        -28.746964      50.000000      -0.205578
13803        -23.747299      50.000000      -0.205378
13804        -24.998733      50.000000      -2.369460
13805        -21.249478      50.000000      -0.203894
13806        -29.998749      50.000000      -2.369446
13807        -31.247203      50.000000      -0.205414
13808        -33.749028      50.000000      -0.204191
13809        -32.497243      50.000000       1.959677
13810        -33.749534      50.000000       4.126275
13811        -28.749046      50.000000      -4.534310
13812        -31.249286      50.000000      -4.534146
13813        -26.249096      50.000000      -4.534277
13814        -27.499633      50.000000      -6.698978
13815        -23.749319      50.000000      -4.534128
13816         29.633867      50.000000      32.299173
13817         30.811750      50.000000      30.207074
13818         31.666315      50.000000      28.423614
13819         33.138227      50.000000      26.502436
13820         32.716261      50.000000      30.550880
13821        -33.328975      50.000000      17.413191
13822        -31.882281      50.000000      19.620752
13823        -31.175260      50.000000      21.504998
13824        -29.987543      50.000000      23.621810
13825        -33.207021      50.000000      21.727913
13826         28.750000      50.000000       8.456715
13827         26.250000      50.000000       8.456715
13828         25.000000      50.000000       6.291651
13829         23.750000      50.000000       8.456715
13830         21.250000      50.000000       8.456715
13831         31.247200      50.000000       8.455098
13832         29.997200      50.000000       6.290035
13833         32.473252      50.000000      10.493362
13834         33.720453      50.000000       8.326682
13835         33.974682      50.000000      12.782376
13836         31.246734      50.000000       4.124702
13837         28.749533      50.000000       4.126318
13838         27.499440      50.000000       1.961201
13839         26.249907      50.000000       4.126534
13840         23.749907      50.000000       4.126534
13841         16.250000      50.000000      -4.533666
13842         13.750000      50.000000      -4.533666
13843         12.500000      50.000000      -6.698730
13844         11.250000      50.000000      -4.533666
13845          8.750000      50.000000      -4.533666
13846         18.750000      50.000000      -4.533666
13847         17.500000      50.000000      -6.698730
13848         20.000000      50.000000      -2.368603
13849         21.250000      50.000000      -4.533666
13850         21.250000      50.000000      -0.203539
13851         18.750000      50.000000      -8.863793
13852         16.250000      50.000000      -8.863793
13853         15.000000      50.000000     -11.028857
13854         13.750000      50.000000      -8.863793
13855         11.250000      50.000000      -8.863793
13856         21.250000      50.000000      -8.863793
13857         20.000000      50.000000     -11.028857
13858         22.499830      50.000000      -6.698704
13859         23.749830      50.000000      -8.863768
13860         23.749830      50.000000      -4.533641
13861         21.250000      50.000000     -13.193920
13862         18.750000      50.000000     -13.193920
13863         17.500000      50.000000     -15.358984
13864         16.250000      50.000000     -13.193920
13865         13.750000      50.000000     -13.193920
13866         23.750000      50.000000     -13.193920
13867         22.500000      50.000000     -15.358984
13868         25.000000      50.000000     -11.028857
13869         26.250000      50.000000     -13.193920
13870         26.249830      50.000000      -8.863768
13871         23.750000      50.000000     -17.524047
13872         21.250000      50.000000     -17.524047
13873         20.000000      50.000000     -19.689111
13874         18.750000      50.000000     -17.524047
13875         16.250000      50.000000     -17.524047
13876         26.248211      50.000000     -17.523014
13877         24.998211      50.000000     -19.688078
13878         28.750000      50.000000     -13.193920
13879         27.500000      50.000000     -15.358984
13880         28.748211      50.000000     -17.523014
13881         21.250000      50.000000     -21.854174
13882         18.750000      50.000000     -21.854174
13883         23.750000      50.000000     -21.854174
13884         22.500000      50.000000     -24.019238
13885         26.248211      50.000000     -21.853141
13886         17.500000      50.000000     -24.019238
13887         16.250000      50.000000     -21.854174
13888         13.750000      50.000000     -21.854174
13889         15.000000      50.000000     -19.689111
13890         13.750000      50.000000     -17.524047
13891         23.750000      50.000000     -26.184301
13892         21.250000      50.000000     -26.184301
13893         18.749963      50.000000     -26.184280
13894         16.249963      50.000000     -26.184280
13895         19.999963      50.000000     -28.349344
13896         26.242090      50.000000     -26.179735
13897         24.992090      50.000000     -28.344798
13898         27.489263      50.000000     -24.013039
13899         28.731353      50.000000     -26.173536
13900         28.737474      50.000000     -21.846942
13901         12.500000      50.000000     -24.019238
13902         11.250000      50.000000     -21.854174
13903         13.750000      50.000000     -26.184301
13904         11.250000      50.000000     -26.184301
13905         14.999963      50.000000     -28.349344
13906         30.000000      50.000000     -11.028857
13907         31.250000      50.000000     -13.193920
13908         28.749073      50.000000      -8.863585
13909         31.249073      50.000000      -8.863585
13910         27.498903      50.000000      -6.698496
13911         26.240772      50.000000     -30.509101
13912         23.748682      50.000000     -30.513667
13913         22.498462      50.000000     -32.678604
13914         21.249780      50.000000     -30.514302
13915         18.749744      50.000000     -30.514280
13916         31.207736      50.000000     -26.151083
13917         29.960563      50.000000     -28.317778
13918         28.738647      50.000000     -30.501129
13919         27.495239      50.000000     -32.669998
13920         31.215029      50.000000     -30.478676
13921         29.994614      50.000000     -19.686001
13922         31.235667      50.000000     -21.845899
13923         33.757882      50.000000     -21.812359
13924         32.500741      50.000000     -23.973300
13925         33.729951      50.000000     -26.117543
13926         -7.500000      50.000000     -32.679492
13927         -6.250000      50.000000     -30.514428
13928         -6.250000      50.000000     -34.844555
13929         -8.750000      50.000000     -34.844555
13930        -10.000000      50.000000     -37.009619
13931         28.745712      50.000000     -34.834211
13932         26.247837      50.000000     -34.842182
13933         23.748425      50.000000     -34.843646
13934         21.249524      50.000000     -34.844281
13935         24.998899      50.000000     -37.007859
13936         32.512875      50.000000     -32.642154
13937         33.766400      50.000000     -34.812594
13938         31.246639      50.000000     -34.832467
13939         33.734790      50.000000     -30.458803
13940         29.999237      50.000000     -37.004651
13941         19.999664      50.000000     -37.009425
13942         18.749701      50.000000     -34.844383
13943         16.249863      50.000000     -34.844476
13944         17.499722      50.000000     -32.679331
13945         16.249905      50.000000     -30.514374
13946        -16.249706      50.000000       4.126359
13947        -17.499958      50.000000       1.961492
13948        -16.249944      50.000000      -0.203582
13949        -18.749986      50.000000      -0.203549
13950        -19.999465      50.000000      -2.368967
13951        -14.999699      50.000000       6.291417
13952        -13.749909      50.000000       4.126517
13953        -16.249698      50.000000       8.456480
13954        -13.749901      50.000000       8.456638
13955        -17.499950      50.000000      10.621739
13956        -11.109517      50.000000      34.416371
13957         -8.609517      50.000000      34.416371
13958        -16.229543      50.000000      34.482585
13959        -13.712858      50.000000      34.505937
13960        -12.322375      50.000000      36.649894
13961         23.705904      50.000000      34.420295
13962         26.166754      50.000000      34.416792
13963         28.540236      50.000000      34.339290
13964         30.768064      50.000000      34.374457
13965         27.300951      50.000000      36.492076
13966         21.234821      50.000000      34.422154
13967         22.456385      50.000000      36.571437
13968         19.989640      50.000000      32.269159
13969         18.740121      50.000000      34.420301
13970         18.745639      50.000000      30.104078
13971          3.749905      50.000000      34.422786
13972          6.249724      50.000000      34.419863
13973          1.358209      50.000000      34.514991
13974          2.608113      50.000000      36.665363
13975         -1.123757      50.000000      34.516151
13976        -26.250000      50.000000      34.437477
13977        -23.750000      50.000000      34.437477
13978        -22.600109      50.000000      36.532984
13979        -21.350109      50.000000      34.367920
13980        -18.866794      50.000000      34.344569
13981        -28.748791      50.000000      34.437339
13982        -27.498791      50.000000      36.602403
13983        -31.250000      50.000000      30.107350
13984        -30.000000      50.000000      32.272413
13985        -31.248791      50.000000      34.437339
13986         34.980320      50.000000      25.702707
13987         37.252428      50.000000      24.789639
13988         34.977735      50.000000      23.324384
13989         35.412920      50.000000      27.967691
13990         33.360937      50.000000      22.020030
13991         31.974973      50.000000      19.668312
13992         35.633045      50.000000      21.106961
13993        -32.489810      50.000000      -6.693277
13994        -33.739513      50.000000      -4.528412
13995        -34.999452      50.000000      -2.368971
13996        -36.249492      50.000000      -0.203880
13997        -36.239977      50.000000      -4.528101
13998        -26.249780      50.000000      -8.863942
13999        -28.749730      50.000000      -8.863975
14000        -29.999894      50.000000     -11.028928
14001        -31.249747      50.000000      -8.863964
14002        -33.739974      50.000000      -8.858230
14003         34.229577      50.000000      32.376029
14004         32.761758      50.000000      34.029899
14005         35.129640      50.000000      34.071588
14006         35.084142      50.000000      30.592569
14007         31.668127      50.000000      36.070016
14008         33.743856      50.000000       4.123041
14009         32.496189      50.000000       1.959324
14010         36.198822      50.000000       8.344110
14011         34.972770      50.000000       6.305846
14012         36.222226      50.000000       4.140468
14013        -23.749804      50.000000      -8.863925
14014        -24.999902      50.000000     -11.028923
14015        -22.499808      50.000000      -6.698859
14016        -21.249931      50.000000      -8.863840
14017        -21.249446      50.000000      -4.534043
14018        -28.749921      50.000000     -13.193974
14019        -31.249937      50.000000     -13.193963
14020        -26.249918      50.000000     -13.193976
14021        -27.499961      50.000000     -15.359010
14022        -23.749942      50.000000     -13.193959
14023        -32.499972      50.000000     -15.359003
14024        -33.749945      50.000000     -13.193958
14025        -36.190905      50.000000     -13.159826
14026        -34.940870      50.000000     -10.994786
14027        -36.180934      50.000000      -8.824098
14028        -31.249978      50.000000     -17.524062
14029        -33.749985      50.000000     -17.524058
14030        -28.749979      50.000000     -17.524062
14031        -29.999992      50.000000     -19.689117
14032        -26.249975      50.000000     -17.524064
14033         33.746021      50.000000      -0.205837
14034         31.248898      50.000000      -0.204175
14035         29.999271      50.000000      -2.369024
14036         28.749440      50.000000      -0.203863
14037         26.249813      50.000000      -0.203647
14038          8.750000      50.000000     -21.854174
14039         10.000000      50.000000     -19.689111
14040         11.250000      50.000000     -17.524047
14041         12.500000      50.000000     -15.358984
14042          8.750000      50.000000     -17.524047
14043         10.000000      50.000000     -28.349365
14044          8.750000      50.000000     -26.184301
14045          6.250000      50.000000     -26.184301
14046          7.500000      50.000000     -24.019238
14047          6.250000      50.000000     -21.854174
14048          3.750000      50.000000      17.116969
14049          1.250000      50.000000      17.116969
14050         -1.249999      50.000000      17.116968
14051         -3.749998      50.000000      17.116967
14052          0.000001      50.000000      14.951904
14053         21.242651      50.000000      38.752982
14054         23.713734      50.000000      38.751123
14055         25.283258      50.000000      40.904398
14056         26.496992      50.000000      38.722853
14057         28.870475      50.000000      38.645351
14058        -23.890153      50.000000      38.306141
14059        -21.490261      50.000000      38.236584
14060        -26.255212      50.000000      38.856286
14061        -25.145364      50.000000      40.559886
14062        -28.754003      50.000000      38.856149
14063         35.174451      50.000000      14.451923
14064         36.146274      50.000000      12.034494
14065         37.352750      50.000000      10.482271
14066         38.605068      50.000000       8.461434
14067         38.552519      50.000000      12.151818
14068         36.245993      50.000000      -0.205853
14069         34.998702      50.000000      -2.369352
14070         37.524552      50.000000       2.007028
14071         38.777233      50.000000      -0.156488
14072         38.753466      50.000000       4.189833
14073        -38.710769      50.000000      -0.225490
14074        -37.460345      50.000000       1.939290
14075        -38.638710      50.000000       4.420487
14076        -36.177433      50.000000       4.442097
14077        -34.927899      50.000000       6.607473
14078        -34.955120      50.000000     -19.715023
14079        -36.205114      50.000000     -17.549964
14080        -39.054012      50.000000     -17.490475
14081        -37.848877      50.000000     -15.299510
14082        -39.039802      50.000000     -13.100338
14083        -33.742515      50.000000     -21.858496
14084        -36.197644      50.000000     -21.884402
14085        -28.748748      50.000000     -21.854898
14086        -31.248747      50.000000     -21.854898
14087        -32.491272      50.000000     -24.024277
14088        -30.000000      50.000000     -37.009619
14089        -31.250000      50.000000     -34.844555
14090        -28.750000      50.000000     -39.174682
14091        -31.250000      50.000000     -39.174682
14092        -27.500000      50.000000     -41.339746
14093        -33.750000      50.000000     -34.844555
14094        -32.500000      50.000000     -32.679492
14095        -33.751598      50.000000     -30.508474
14096        -31.251598      50.000000     -30.508474
14097        -30.001598      50.000000     -28.343410
14098        -18.749967      50.000000      -8.863815
14099        -19.999963      50.000000     -11.028882
14100        -18.749994      50.000000     -13.193924
14101        -21.249957      50.000000     -13.193949
14102        -22.499973      50.000000     -15.359002
14103        -11.249943      50.000000       4.126544
14104        -12.499950      50.000000       1.961486
14105        -11.249984      50.000000      -0.203552
14106        -13.749950      50.000000      -0.203578
14107        -14.999978      50.000000      -2.368619
14108        -35.000000      50.000000     -37.009619
14109        -36.250000      50.000000     -34.844555
14110        -33.744181      50.000000     -39.178042
14111        -36.244181      50.000000     -39.178042
14112        -38.813120      50.000000     -34.834177
14113        -37.563120      50.000000     -32.669113
14114        -38.831434      50.000000     -30.463282
14115        -36.268314      50.000000     -30.473661
14116        -35.019912      50.000000     -28.302643
14117        -40.000000      50.000000     -37.009619
14118        -38.733885      50.000000     -39.183986
14119        -41.233885      50.000000     -39.183986
14120        -37.478066      50.000000     -41.352409
14121         36.244504      50.000000      -4.532379
14122         33.744532      50.000000      -4.532362
14123         31.248438      50.000000      -4.533825
14124         28.748979      50.000000      -4.533512
14125         32.494241      50.000000      -6.696851
14126         21.249688      50.000000     -39.174502
14127         18.749865      50.000000     -39.174604
14128         23.749692      50.000000     -39.174504
14129         22.499892      50.000000     -41.339684
14130         26.249103      50.000000     -39.173040
14131         33.750000      50.000000     -13.193920
14132         32.500000      50.000000     -15.358984
14133         33.746403      50.000000     -17.521971
14134         31.246403      50.000000     -17.521971
14135        -16.249950      50.000000      12.786803
14136        -14.999989      50.000000      14.951897
14137        -13.749939      50.000000      12.786794
14138         11.250000      50.000000     -30.514428
14139          8.750000      50.000000     -30.514428
14140         13.749942      50.000000     -30.514395
14141         12.499942      50.000000     -32.679458
14142          7.500000      50.000000     -32.679492
14143          6.250000      50.000000     -30.514428
14144          3.750000      50.000000     -30.514428
14145          5.000000      50.000000     -28.349365
14146          3.750000      50.000000     -26.184301
14147          8.750000      50.000000     -34.844555
14148          6.250000      50.000000     -34.844555
14149         11.249987      50.000000     -34.844548
14150          9.999987      50.000000     -37.009611
14151         13.749929      50.000000     -34.844514
14152          5.000000      50.000000     -37.009619
14153          3.750000      50.000000     -34.844555
14154          1.250000      50.000000     -34.844555
14155          2.500000      50.000000     -32.679492
14156          1.250000      50.000000     -30.514428
14157          2.500000      50.000000     -24.019238
14158          1.250000      50.000000     -21.854174
14159          3.750000      50.000000     -21.854174
14160          1.250000      50.000000     -26.184301
14161          5.000000      50.000000     -19.689111
14162         10.000000      50.000000     -11.028857
14163          8.750000      50.000000      -8.863793
14164         11.250000      50.000000     -13.193920
14165          8.750000      50.000000     -13.193920
14166        -26.249791      50.000000     -26.184422
14167        -28.748752      50.000000     -26.185022
14168        -27.498543      50.000000     -24.020079
14169        -31.250350      50.000000     -26.179068
14170         34.940924      50.000000     -10.994749
14171         36.190924      50.000000     -13.159813
14172         33.745167      50.000000      -8.862123
14173         36.186092      50.000000      -8.828015
14174         39.042962      50.000000     -13.084450
14175         37.852037      50.000000     -15.283621
14176         39.102037      50.000000     -17.448684
14177         36.250000      50.000000     -17.524047
14178         34.996403      50.000000     -19.687034
14179         16.249895      50.000000     -39.174622
14180         14.999907      50.000000     -37.009566
14181         13.749962      50.000000     -39.174660
14182        -17.499961      50.000000      -6.698756
14183        -18.749954      50.000000      -4.533698
14184        -16.249980      50.000000      -4.533681
14185        -32.500000      50.000000      27.942286
14186        -33.750000      50.000000      30.107350
14187        -31.250000      50.000000      25.777223
14188        -33.750000      50.000000      25.777223
14189        -36.175212      50.000000      30.064171
14190        -34.925212      50.000000      32.229234
14191        -36.162747      50.000000      34.375343
14192        -33.737535      50.000000      34.418522
14193        -32.486326      50.000000      36.583448
14194        -37.412036      50.000000      27.901159
14195        -38.587247      50.000000      30.023043
14196        -36.170624      50.000000      25.471189
14197        -38.582660      50.000000      25.430062
14198        -34.920624      50.000000      23.306126
14199         -9.999938      50.000000       6.291603
14200        -12.499933      50.000000      10.621726
14201        -11.249934      50.000000       8.456664
14202         -8.749971      50.000000       8.456692
14203         -7.500000      50.000000     -41.339746
14204         -8.750000      50.000000     -39.174682
14205         -6.250000      50.000000     -39.174682
14206         16.245824      50.000000      34.420302
14207         17.491004      50.000000      36.573297
14208         16.247885      50.000000      38.597153
14209         18.742182      50.000000      38.597152
14210        -20.765611      50.000000      40.270088
14211        -19.475568      50.000000      38.496931
14212        -17.562967      50.000000      36.601444
14213        -16.838317      50.000000      38.634948
14214        -39.962681      50.000000      -2.396819
14215        -38.749958      50.000000      -4.533695
14216        -37.490019      50.000000      -6.693136
14217         39.991266      50.000000      -2.376761
14218         38.698322      50.000000      -4.528900
14219         37.444153      50.000000      -6.691910
14220        -37.497452      50.000000     -23.998656
14221        -38.710057      50.000000     -21.855183
14222        -40.985695      50.000000     -21.984718
14223        -39.685887      50.000000     -19.870465
14224        -38.690915      50.000000      -8.829692
14225        -39.581620      50.000000     -10.735530
14226        -41.239592      50.000000     -12.875213
14227         39.572133      50.000000     -10.730938
14228         41.233247      50.000000     -12.854746
14229         38.639910      50.000000      -8.824537
14230         14.996774      50.000000      32.266997
14231         13.747657      50.000000      34.419993
14232         16.246932      50.000000      30.103893
14233         17.497631      50.000000      27.940666
14234         11.248913      50.000000      34.419942
14235         12.497963      50.000000      36.573246
14236         11.249610      50.000000      38.752931
14237         13.748353      50.000000      38.752982
14238        -23.749939      50.000000     -17.524085
14239        -24.999956      50.000000     -19.689137
14240        -26.249788      50.000000     -21.854297
14241         24.999906      50.000000      -2.368657
14242         23.749907      50.000000      -0.203593
14243         26.249736      50.000000      -4.533695
14244         21.250000      50.000000       4.126588
14245         22.499907      50.000000       1.961470
14246         20.000000      50.000000       6.291651
14247          6.250000      50.000000     -39.174682
14248          3.750000      50.000000     -39.174682
14249         11.249985      50.000000     -39.174674
14250          8.749998      50.000000     -39.174681
14251          0.000000      50.000000     -37.009619
14252         -1.250000      50.000000     -34.844555
14253          1.250000      50.000000     -39.174682
14254         -1.250000      50.000000     -39.174682
14255          2.500000      50.000000     -41.339746
14256         -3.750000      50.000000     -34.844555
14257         -2.500000      50.000000     -32.679492
14258         -3.750000      50.000000     -30.514428
14259         -1.250000      50.000000     -30.514428
14260          0.000000      50.000000     -28.349365
14261         -3.750000      50.000000     -39.174682
14262         -5.000000      50.000000     -37.009619
14263        -36.260834      50.000000     -26.147853
14264        -38.773247      50.000000     -26.118634
14265        -33.744118      50.000000     -26.182665
14266        -41.304247      50.000000     -25.945759
14267        -43.939953      50.000000     -25.524720
14268        -42.645571      50.000000     -23.548398
14269        -40.067629      50.000000     -28.094956
14270        -38.414770      50.000000      34.203442
14271        -37.227093      50.000000      36.392730
14272        -39.476482      50.000000      31.970160
14273        -40.540828      50.000000      33.987547
14274        -40.713306      50.000000      29.807148
14275        -38.364637      50.000000      38.584324
14276        -36.112614      50.000000      38.756224
14277        -33.710859      50.000000      38.371777
14278        -31.222115      50.000000      38.390594
14279        -40.674490      50.000000      38.393697
14280        -39.560011      50.000000      40.757192
14281        -41.267137      50.000000      36.013481
14282        -42.462512      50.000000      38.186349
14283        -39.581419      50.000000      23.582757
14284        -40.822831      50.000000      26.012726
14285        -42.413133      50.000000      27.782373
14286        -37.326550      50.000000      20.276731
14287        -39.325799      50.000000      18.776685
14288        -39.340497      50.000000      21.500046
14289        -35.627645      50.000000      21.421880
14290        -35.612948      50.000000      18.698518
14291         24.903336      50.000000      43.331631
14292        -25.096325      50.000000      42.889287
14293        -22.731266      50.000000      42.339141
14294         31.329362      50.000000      38.109064
14295         39.707919      50.000000     -19.759304
14296         38.803920      50.000000     -21.719211
14297         37.565398      50.000000     -23.844536
14298         36.261478      50.000000     -21.814436
14299         41.011839      50.000000     -21.789404
14300        -39.576642      50.000000       6.358060
14301        -39.347772      50.000000       8.461647
14302        -39.307346      50.000000      11.201619
14303        -37.315373      50.000000       9.663266
14304        -41.568615      50.000000       7.896413
14305        -35.602008      50.000000      11.230998
14306        -35.642434      50.000000       8.491026
14307         39.970171      50.000000       6.583478
14308         43.801111      50.000000       9.298429
14309         41.124099      50.000000       8.721639
14310         42.436008      50.000000      11.176385
14311        -43.947484      50.000000     -39.432612
14312        -26.250000      50.000000     -43.504809
14313        -17.499993      50.000000     -15.358989
14314        -21.249954      50.000000     -17.524075
14315        -18.749993      50.000000     -17.524052
14316          8.749428      50.000000      34.419882
14317          8.777777      50.000000      38.363606
14318          7.499514      50.000000      36.573176
14319          6.278072      50.000000      38.363587
14320         40.448895      50.000000      12.847922
14321         39.164002      50.000000      16.363344
14322         39.264478      50.000000      18.815220
14323         39.242418      50.000000      14.400145
14324         37.267626      50.000000      15.667240
14325         37.219526      50.000000      20.020878
14326         39.294795      50.000000      21.205658
14327         41.361427      50.000000      22.500236
14328         43.530894      50.000000      23.750309
14329         39.316476      50.000000      23.705894
14330         35.096034      50.000000      16.415122
14331         33.509554      50.000000      17.501206
14332         35.602728      50.000000      18.716523
14333         -9.999991      50.000000      -2.368610
14334        -13.749985      50.000000      -4.533677
14335        -11.249990      50.000000      -4.533674
14336        -11.231963      50.000000      43.491482
14337        -12.459621      50.000000      41.404685
14338         -8.763679      50.000000      43.514181
14339        -12.462858      50.000000      39.039603
14340        -14.922479      50.000000      39.104542
14341         -7.882672      50.000000      41.325167
14342         -7.742188      50.000000      38.935458
14343         -9.859517      50.000000      38.950037
14344         41.390831      50.000000      37.488473
14345         39.185537      50.000000      41.231200
14346         39.432834      50.000000      43.947100
14347         39.276342      50.000000      38.809752
14348         37.100424      50.000000      40.078553
14349         39.305718      50.000000      36.335826
14350         35.087760      50.000000      38.730330
14351         35.426525      50.000000      36.691282
14352         33.323056      50.000000      37.764506
14353         39.008833      50.000000      33.716132
14354         36.894344      50.000000      35.037412
14355          1.499532      50.000000      38.889380
14356          3.891229      50.000000      38.797175
14357         -0.503822      50.000000      39.292084
14358          0.779293      50.000000      41.423895
14359         -3.536380      50.000000      34.507457
14360         -2.196206      50.000000      36.748874
14361         -2.916445      50.000000      39.283389
14362         23.749948      50.000000     -43.504779
14363         28.747947      50.000000     -39.172892
14364         27.498740      50.000000     -41.339538
14365         26.249939      50.000000     -43.504774
14366         12.499973      50.000000     -41.339730
14367         37.474858      50.000000     -41.351177
14368         41.231200      50.000000     -39.185537
14369         43.947100      50.000000     -39.432834
14370         38.728066      50.000000     -39.168839
14371         39.996867      50.000000     -36.992921
14372         36.240525      50.000000     -39.158561
14373         38.822069      50.000000     -34.776847
14374         36.263185      50.000000     -34.799252
14375         37.591520      50.000000     -32.599876
14376         34.996948      50.000000     -36.989565
14377         33.743740      50.000000     -39.171903
14378         38.901942      50.000000     -30.395626
14379         40.158835      50.000000     -28.043983
14380         36.343058      50.000000     -30.418031
14381         38.880661      50.000000     -25.981545
14382         41.386015      50.000000     -25.811748
14383         42.703558      50.000000     -23.407012
14384         43.981733      50.000000     -25.469450
14385         36.338218      50.000000     -26.076771
14386         35.045213      50.000000     -28.254553
14387         31.248874      50.000000     -39.171148
14388         38.997044      50.000000      31.210071
14389         43.531231      50.000000      26.250438
14390         41.389869      50.000000      27.501448
14391         39.319061      50.000000      26.084216
14392         39.325821      50.000000      28.585193
14393         36.926236      50.000000      29.792840
14394        -11.249972      50.000000      12.786820
14395         -8.749979      50.000000      12.786825
14396         -6.249992      50.000000      12.786835
14397         -7.499980      50.000000      10.621763
14398         -6.249984      50.000000       8.456702
14399        -41.340861      50.000000      17.498068
14400        -39.308462      50.000000      13.699687
14401        -39.326915      50.000000      16.274753
14402        -37.293400      50.000000      14.978304
14403        -35.027880      50.000000      16.268042
14404        -35.009427      50.000000      13.692976
14405          3.750000      50.000000      12.786842
14406          5.000000      50.000000      14.951905
14407          1.250000      50.000000      12.786842
14408         -2.499996      50.000000      10.621776
14409         -3.749995      50.000000      12.786838
14410         -1.249999      50.000000      12.786841
14411         -3.749996      50.000000       8.456712
14412         -4.999994      50.000000      14.951901
14413          0.000000      50.000000     -19.689111
14414          1.250000      50.000000     -17.524047
14415          3.750000      50.000000     -17.524047
14416          7.500000      50.000000     -15.358984
14417          6.250000      50.000000     -17.524047
14418          7.500000      50.000000      -6.698730
14419        -44.088577      50.000000      39.131594
14420         -6.054415      50.000000      34.506296
14421         -7.163931      50.000000      36.650254
14422         -5.187086      50.000000      39.025383
14423        -49.694979     -47.864852     -47.864852
14424        -49.771234     -45.669873     -47.941107
14425        -49.771234     -47.941095     -45.669873
14426        -49.771827      45.669873     -47.924654
14427        -49.694979      47.864852     -47.864852
14428        -49.771234      47.941120     -45.669873
14429        -49.771558     -45.669873      47.953276
14430        -49.694979     -47.864852      47.864852
14431        -49.771248     -47.938610      45.669873
14432        -49.694478      47.867400      47.864351
14433        -49.771234      45.669873      47.941120
14434        -49.771874      47.958204      45.669873
14435        -49.737468      41.153312     -47.651409
14436        -49.737028      43.653312     -47.608142
14437        -50.000000      44.323185     -46.060632
14438        -49.732141      36.233885     -47.604195
14439        -49.731677      38.733885     -47.599612
14440        -50.000000      39.887198     -45.735000
14441        -49.731123      31.250000     -47.595080
14442        -49.730985      33.750000     -47.593855
14443        -50.000000      34.983885     -45.679177
14444        -49.730179      26.249991     -47.585256
14445        -49.731122      28.749991     -47.595074
14446        -50.000000      29.999991     -45.669868
14447        -49.731047      21.250000     -47.534196
14448        -49.730180      23.750000     -47.585261
14449        -50.000000      24.999991     -45.669868
14450        -49.729368      16.250000     -47.563455
14451        -49.731047      18.750000     -47.534196
14452        -50.000000      20.000000     -45.669873
14453        -49.729377      11.250000     -47.561943
14454        -49.729368      13.750000     -47.563455
14455        -50.000000      15.000000     -45.669873
14456        -49.729392       6.250000     -47.560599
14457        -49.729377       8.750000     -47.561943
14458        -50.000000      10.000000     -45.669873
14459        -49.729373       1.250000     -47.566028
14460        -49.729392       3.750000     -47.560599
14461        -50.000000       5.000000     -45.669873
14462        -49.729371      -3.750000     -47.565842
14463        -49.729373      -1.250000     -47.566028
14464        -50.000000       0.000000     -45.669873
14465        -49.729371      -8.750000     -47.565842
14466        -49.729371      -6.250000     -47.565842
14467        -50.000000      -5.000000     -45.669873
14468        -49.729367     -13.750000     -47.564304
14469        -49.729371     -11.250000     -47.565842
14470        -50.000000     -10.000000     -45.669873
14471        -49.729367     -18.750000     -47.564508
14472        -49.729367     -16.250000     -47.564304
14473        -50.000000     -15.000000     -45.669873
14474        -49.729367     -23.750000     -47.564230
14475        -49.729367     -21.250000     -47.564508
14476        -50.000000     -20.000000     -45.669873
14477        -49.729367     -28.750000     -47.564332
14478        -49.729367     -26.250000     -47.564230
14479        -50.000000     -25.000000     -45.669873
14480        -49.729367     -33.750000     -47.564060
14481        -49.729367     -31.250000     -47.564332
14482        -50.000000     -30.000000     -45.669873
14483        -49.730724     -38.731200     -47.576917
14484        -49.730724     -36.231200     -47.576272
14485        -50.000000     -34.981200     -45.680727
14486        -49.736345     -43.653312     -47.627104
14487        -49.736345     -41.153312     -47.627498
14488        -50.000000     -39.884512     -45.736550
14489        -50.000000     -44.323185     -46.060632
14490        -49.712138      43.428024      47.409254
14491        -49.712138      40.928024      47.409649
14492        -50.000000      44.097897      45.866973
14493        -49.790777      38.719883      48.117286
14494        -49.790844      36.219883      48.122325
14495        -50.000000      39.647907      46.023311
14496        -49.712174      33.738670      47.416068
14497        -49.715318      31.238670      47.451781
14498        -50.000000      34.958553      46.022851
14499        -49.736163      28.653336      47.638367
14500        -49.733331      26.153336      47.588974
14501        -50.000000      29.892006      45.561938
14502        -49.779304      23.730667      48.004628
14503        -49.783993      21.230667      47.966547
14504        -50.000000      24.884003      46.098610
14505        -49.735285      18.750000      47.508015
14506        -49.730664      16.250000      47.537838
14507        -50.000000      19.980667      46.068250
14508        -49.779467      13.750000      47.983976
14509        -49.779591      11.250000      47.982751
14510        -50.000000      15.000000      46.062178
14511        -49.730815       8.750000      47.536342
14512        -49.729410       6.250000      47.559471
14513        -50.000000      10.000000      46.062178
14514        -49.737326       3.671498      47.630870
14515        -49.737347       1.171498      47.629811
14516        -50.000000       4.921498      45.733213
14517        -49.738124      -1.350109      47.636822
14518        -49.738140      -3.850109      47.636134
14519        -50.000000      -0.178611      45.802769
14520        -49.730619      -6.263679      47.568241
14521        -49.730539      -8.763679      47.575483
14522        -50.000000      -5.113788      45.748801
14523        -49.727702     -11.231963      47.549954
14524        -49.727713     -13.731963      47.551890
14525        -50.000000      -9.995641      45.665918
14526        -49.719384     -16.141776      47.477005
14527        -49.722625     -18.641776      47.516952
14528        -50.000000     -14.873738      45.576583
14529        -49.670647     -21.341113      47.051645
14530        -49.667196     -23.841113      47.017624
14531        -50.000000     -19.982889      45.089245
14532        -49.759855     -26.263761      47.847971
14533        -49.759978     -28.763761      47.821789
14534        -50.000000     -25.104874      45.410728
14535        -49.729841     -31.250000      47.548292
14536        -49.730961     -33.750000      47.534979
14537        -50.000000     -30.013761      45.911394
14538        -49.785850     -36.214310      48.037890
14539        -49.785172     -38.714310      48.045285
14540        -50.000000     -34.964310      46.111588
14541        -49.716952     -41.022654      47.424550
14542        -49.716575     -43.522654      47.460659
14543        -50.000000     -39.736963      46.006039
14544        -50.000000     -44.192527      45.899261
14545        -49.712187     -47.408683     -40.927803
14546        -49.712186     -47.409654     -43.427803
14547        -50.000000     -45.867357     -44.097676
14548        -49.790668     -48.117073     -36.250000
14549        -49.790666     -48.115265     -38.750000
14550        -50.000000     -46.022802     -39.677803
14551        -49.722296     -47.500928     -31.277473
14552        -49.722300     -47.502112     -33.777473
14553        -50.000000     -46.103687     -35.027473
14554        -49.792959     -48.137184     -26.360439
14555        -49.792958     -48.136819     -28.860439
14556        -50.000000     -46.122033     -30.137912
14557        -49.705085     -47.347421     -21.563680
14558        -49.705081     -47.346519     -24.063680
14559        -50.000000     -45.984303     -25.424118
14560        -49.729367     -47.564259     -16.250000
14561        -49.729372     -47.565866     -18.750000
14562        -50.000000     -45.475575     -20.313680
14563        -49.724693     -47.522333     -11.277245
14564        -49.724693     -47.522195     -13.777245
14565        -50.000000     -45.632483     -15.027245
14566        -49.702022     -47.318199      -6.049064
14567        -49.702022     -47.318300      -8.549064
14568        -50.000000     -45.413724      -9.826309
14569        -49.791643     -48.128847      -1.250000
14570        -49.791595     -48.124353      -3.750000
14571        -50.000000     -45.948935      -4.799064
14572        -49.705845     -47.365931       3.598982
14573        -49.702149     -47.325138       1.098982
14574        -50.000000     -45.949392      -0.151018
14575        -49.729972     -47.582395       8.750000
14576        -49.732788     -47.607197       6.250000
14577        -50.000000     -45.451570       4.848982
14578        -49.731030     -47.534351      13.750000
14579        -49.729972     -47.582395      11.250000
14580        -50.000000     -45.669873      10.000000
14581        -49.730246     -47.567054      18.738409
14582        -49.731861     -47.541972      16.238409
14583        -50.000000     -45.676565      14.988409
14584        -49.735459     -47.633327      23.680452
14585        -49.734428     -47.604772      21.180452
14586        -50.000000     -45.716719      19.918860
14587        -49.687982     -47.203409      28.852357
14588        -49.688899     -47.216783      26.352357
14589        -50.000000     -45.376188      25.032809
14590        -49.752369     -47.734076      33.896189
14591        -49.751336     -47.771249      31.396189
14592        -50.000000     -45.509590      30.248546
14593        -49.758063     -47.808449      38.819642
14594        -49.759057     -47.795271      36.319642
14595        -50.000000     -46.070769      35.215830
14596        -49.734965     -47.611646      43.754072
14597        -49.735254     -47.601831      41.254072
14598        -50.000000     -45.941867      40.073713
14599        -50.000000     -46.049463      44.423945
14600        -49.712138      47.409254     -43.428024
14601        -49.712139      47.410225     -40.928024
14602        -50.000000      45.866973     -44.097897
14603        -49.791311      48.122505     -38.721670
14604        -49.791313      48.120702     -36.221670
14605        -50.000000      46.027580     -39.649694
14606        -49.722334      47.499526     -33.773005
14607        -49.722330      47.500710     -31.273005
14608        -50.000000      46.109122     -34.994675
14609        -49.794009      48.145889     -28.848491
14610        -49.794010      48.145525     -26.348491
14611        -50.000000      46.130717     -30.121496
14612        -49.706206      47.355045     -24.032357
14613        -49.706210      47.354147     -21.532357
14614        -50.000000      46.001713     -25.380848
14615        -49.729372      47.562741     -18.750000
14616        -49.729367      47.564348     -16.250000
14617        -50.000000      45.484574     -20.282357
14618        -49.724740      47.522707     -13.775354
14619        -49.724740      47.522569     -11.275354
14620        -50.000000      45.632858     -15.025354
14621        -49.702022      47.318098      -8.549064
14622        -49.702022      47.318199      -6.049064
14623        -50.000000      45.414099      -9.824419
14624        -49.791595      48.124353      -3.750000
14625        -49.791643      48.119858      -1.250000
14626        -50.000000      45.948935      -4.799064
14627        -49.715742      47.434955       1.152458
14628        -49.719270      47.396024       3.652458
14629        -50.000000      46.058169      -0.097542
14630        -49.790031      48.052384       6.135841
14631        -49.787819      48.071873       8.635841
14632        -50.000000      46.024156       4.788299
14633        -49.695247      47.230656      10.876587
14634        -49.696440      47.284879      13.376587
14635        -50.000000      45.855256       9.512428
14636        -49.731030      47.594256      16.250000
14637        -49.729410      47.569097      18.750000
14638        -50.000000      45.391447      14.626587
14639        -49.729960      47.574041      21.250073
14640        -49.731009      47.545006      23.750073
14641        -50.000000      45.674277      20.000073
14642        -49.731050      47.545389      26.250202
14643        -49.730258      47.556950      28.750202
14644        -50.000000      45.679017      25.000275
14645        -49.729666      47.551590      31.250000
14646        -49.731354      47.597035      33.750000
14647        -50.000000      45.674613      30.000202
14648        -49.732508      47.607361      36.233885
14649        -49.732792      47.609611      38.733885
14650        -50.000000      45.679177      34.983885
14651        -49.738558      47.661193      41.153312
14652        -49.737082      47.646808      43.653312
14653        -50.000000      45.735000      39.887198
14654        -50.000000      46.060632      44.323185
14655        -50.000000     -42.577445       2.057822
14656        -50.000000     -41.173534      -0.253650
14657        -50.000000     -43.829357      -0.113507
14658        -50.000000     -43.515376       3.995395
14659        -50.000000     -40.859554       3.855253
14660        -50.000000     -44.545481      -2.462489
14661        -50.000000     -43.733679       6.646413
14662        -50.000000      42.753307       2.180654
14663        -50.000000      43.967340      -0.039618
14664        -50.000000      41.269826      -0.163880
14665        -50.000000      41.272497       4.450038
14666        -50.000000      43.970012       4.574300
14667        -50.000000      44.574688      -2.442077
14668        -50.000000      44.543346       7.057683
14669        -50.000000      -1.250000     -43.504809
14670        -50.000000      -3.750000     -43.504809
14671        -50.000000      -2.500000     -41.339746
14672        -50.000000       1.250000     -43.504809
14673        -50.000000      -6.250000     -43.504809
14674        -50.000000      -4.232780      43.559787
14675        -50.000000      -6.646350      43.499602
14676        -50.000000      -1.962140      43.817793
14677        -50.000000      -3.494702      41.568593
14678        -50.000000       0.559467      43.811576
14679        -50.000000      43.186974     -16.354129
14680        -50.000000      43.149959     -13.879483
14681        -50.000000      43.792856     -18.664749
14682        -50.000000      41.309957     -17.518878
14683        -50.000000      43.607557     -21.447106
14684        -50.000000      20.000000      43.301270
14685        -50.000000      22.480667      43.699647
14686        -50.000000      19.999532      40.776838
14687        -50.000000      17.499532      43.145441
14688        -50.000000      15.000000      43.301270
14689        -50.000000      14.999532      40.776838
14690        -50.000000      12.500000      43.693575
14691        -50.000000     -43.183824     -16.370011
14692        -50.000000     -43.146434     -13.897256
14693        -50.000000     -41.329649     -17.620011
14694        -50.000000     -43.815699     -18.750000
14695        -50.000000     -43.621401     -21.563680
14696        -50.000000      18.749944     -43.504777
14697        -50.000000      21.249944     -43.504777
14698        -50.000000      16.249975     -43.504795
14699        -50.000000      17.499919     -41.339699
14700        -50.000000      13.749974     -43.504795
14701        -50.000000     -43.544963      21.180452
14702        -50.000000     -43.511502      18.738409
14703        -50.000000     -43.411893      25.935067
14704        -50.000000     -43.785885      23.263162
14705        -50.000000     -41.580668      22.082710
14706        -50.000000     -16.250000     -43.504809
14707        -50.000000     -13.750000     -43.504809
14708        -50.000000     -18.750000     -43.504809
14709        -50.000000     -17.500000     -41.339746
14710        -50.000000     -21.250000     -43.504809
14711        -50.000000     -13.691583      43.556422
14712        -50.000000     -16.101396      43.489786
14713        -50.000000     -16.835079      41.000030
14714        -50.000000     -18.017234      43.020192
14715        -50.000000     -20.716572      42.599488
14716        -50.000000      43.125908      13.424712
14717        -50.000000      43.404334      16.298125
14718        -50.000000      41.239270      17.548125
14719        -50.000000      43.504809      18.750000
14720        -50.000000      43.509213      21.250073
14721        -50.000000      33.743659     -43.505386
14722        -50.000000      36.227544     -43.514690
14723        -50.000000      31.248792     -43.504631
14724        -50.000000      32.492451     -41.340144
14725        -50.000000      28.748783     -43.504626
14726        -50.000000     -31.250000     -43.504809
14727        -50.000000     -28.750000     -43.504809
14728        -50.000000     -33.744181     -43.508169
14729        -50.000000     -32.494181     -41.343106
14730        -50.000000     -36.225380     -43.519024
14731        -50.000000      43.545040      33.757273
14732        -50.000000      43.554344      36.241158
14733        -50.000000      43.533251      31.251212
14734        -50.000000      41.408419      32.508485
14735        -50.000000      43.537992      28.751414
14736        -50.000000     -34.943260      43.476870
14737        -50.000000     -32.496605      43.159728
14738        -50.000000     -34.939865      40.966725
14739        -50.000000     -37.407569      43.918584
14740        -50.000000     -30.005212      43.389952
14741        -50.000000     -27.518973      43.631473
14742        -50.000000     -30.001817      40.879807
14743        -50.000000      44.028642     -34.777814
14744        -50.000000      41.325202     -34.793545
14745        -50.000000      42.853844     -32.561741
14746        -50.000000      44.580480     -37.226480
14747        -50.000000      41.407297     -30.225828
14748        -50.000000      44.110737     -30.210098
14749        -50.000000      44.684170     -27.785584
14750        -50.000000      30.271928      43.134705
14751        -50.000000      32.730816      42.598418
14752        -50.000000      30.525403      40.339841
14753        -50.000000      27.686594      43.303361
14754        -50.000000      34.743480      43.946641
14755        -50.000000      34.996955      41.151777
14756        -50.000000      37.224692      44.576211
14757        -50.000000     -42.841489     -32.606840
14758        -50.000000     -41.313120     -34.834177
14759        -50.000000     -44.028369     -34.782283
14760        -50.000000     -44.077683     -30.238513
14761        -50.000000     -41.362434     -30.290407
14762        -50.000000     -44.575318     -37.254809
14763        -50.000000     -44.642979     -27.821479
14764        -50.000000     -43.809763      32.273321
14765        -50.000000     -43.302368      29.729489
14766        -50.000000     -44.624656      36.473898
14767        -50.000000     -44.570872      34.050445
14768        -50.000000     -42.363650      33.531389
14769        -50.000000     -43.512617      16.236477
14770        -50.000000     -43.505925      13.748068
14771        -50.000000     -41.340861      12.498068
14772        -50.000000     -43.504809      11.250000
14773        -50.000000     -43.504809       8.750000
14774        -50.000000       8.749998     -43.504808
14775        -50.000000       6.250000     -43.504809
14776        -50.000000       7.499997     -41.339744
14777        -50.000000      11.249997     -43.504808
14778        -50.000000       3.750000     -43.504809
14779        -50.000000      10.000000      43.301270
14780        -50.000000      10.028168      40.543342
14781        -50.000000       7.528168      42.911945
14782        -50.000000       5.141324      43.345532
14783        -50.000000       5.169492      40.587605
14784        -50.000000       2.562822      43.408872
14785        -50.000000     -43.828900      -4.761554
14786        -50.000000     -41.212723      -4.561854
14787        -50.000000     -42.616177      -6.898429
14788        -50.000000     -40.890705      -8.604567
14789        -50.000000     -43.506882      -8.804267
14790        -50.000000     -43.688252     -11.532448
14791        -50.000000      43.858107      -4.741141
14792        -50.000000      42.565163      -6.893280
14793        -50.000000      41.190915      -4.536292
14794        -50.000000      43.497386      -8.799681
14795        -50.000000      40.830195      -8.594833
14796        -50.000000      43.679131     -11.525971
14797        -50.000000      38.715085     -43.524968
14798        -50.000000      41.134512     -43.571487
14799        -50.000000      42.678300     -41.608752
14800        -50.000000      43.850412     -43.818783
14801        -50.000000     -41.137198     -43.569936
14802        -50.000000     -43.850796     -43.818562
14803        -50.000000     -42.681369     -41.606979
14804        -50.000000     -38.715085     -43.524968
14805        -50.000000      43.524968      38.715085
14806        -50.000000      43.571487      41.134512
14807        -50.000000      41.608752      42.678300
14808        -50.000000      43.818783      43.850412
14809        -50.000000     -44.035844      41.091755
14810        -50.000000     -44.218531      38.657325
14811        -50.000000     -43.902244      43.983459
14812        -50.000000     -42.178908      42.567071
14813        -50.000000     -12.500000     -41.339746
14814        -50.000000     -11.250000     -43.504809
14815        -50.000000      -8.750000     -43.504809
14816        -50.000000     -18.750000     -39.174682
14817        -50.000000     -16.250000     -39.174682
14818        -50.000000     -15.000000     -37.009619
14819        -50.000000     -13.750000     -39.174682
14820        -50.000000     -11.250000     -39.174682
14821        -50.000000     -21.250000     -39.174682
14822        -50.000000     -20.000000     -37.009619
14823        -50.000000     -22.500000     -41.339746
14824        -50.000000     -23.750000     -39.174682
14825        -50.000000     -23.750000     -43.504809
14826        -50.000000     -21.250000     -34.844555
14827        -50.000000     -18.750000     -34.844555
14828        -50.000000     -17.500000     -32.679492
14829        -50.000000     -16.250000     -34.844555
14830        -50.000000     -13.750000     -34.844555
14831        -50.000000     -23.750000     -34.844555
14832        -50.000000     -22.500000     -32.679492
14833        -50.000000     -25.000000     -37.009619
14834        -50.000000     -26.250000     -34.844555
14835        -50.000000     -26.250000     -39.174682
14836        -50.000000     -18.750000     -30.514428
14837        -50.000000     -16.250000     -30.514428
14838        -50.000000     -21.250000     -30.514428
14839        -50.000000     -20.000000     -28.349365
14840        -50.000000     -23.750000     -30.514428
14841        -50.000000     -15.000000     -28.349365
14842        -50.000000     -13.750000     -30.514428
14843        -50.000000     -11.250000     -30.514428
14844        -50.000000     -12.500000     -32.679492
14845        -50.000000     -11.250000     -34.844555
14846        -50.000000     -16.250000     -26.184301
14847        -50.000000     -13.750000     -26.184301
14848        -50.000000     -18.750000     -26.184301
14849        -50.000000     -17.500000     -24.019238
14850        -50.000000     -21.250000     -26.184301
14851        -50.000000     -12.500000     -24.019238
14852        -50.000000     -11.250000     -26.184301
14853        -50.000000      -8.750000     -26.184301
14854        -50.000000     -10.000000     -28.349365
14855        -50.000000      -8.750000     -30.514428
14856        -50.000000     -13.750000     -21.854174
14857        -50.000000     -11.250000     -21.854174
14858        -50.000000     -16.249999     -21.854175
14859        -50.000000     -14.999999     -19.689112
14860        -50.000000     -18.749999     -21.854175
14861        -50.000000     -10.000000     -19.689111
14862        -50.000000      -8.750000     -21.854174
14863        -50.000000      -6.250000     -21.854174
14864        -50.000000      -7.500000     -24.019238
14865        -50.000000      -6.250000     -26.184301
14866        -50.000000     -11.250000     -17.524047
14867        -50.000000      -8.750000     -17.524047
14868        -50.000000     -13.749999     -17.524048
14869        -50.000000     -12.499999     -15.358985
14870        -50.000000     -16.249998     -17.524049
14871        -50.000000      -7.500000     -15.358984
14872        -50.000000      -6.250000     -17.524047
14873        -50.000000      -3.750000     -17.524047
14874        -50.000000      -5.000000     -19.689111
14875        -50.000000      -3.750000     -21.854174
14876        -50.000000      -8.750000     -13.193920
14877        -50.000000      -6.250000     -13.193920
14878        -50.000000     -11.250000     -13.193920
14879        -50.000000     -10.000000     -11.028857
14880        -50.000000     -13.749999     -13.193921
14881        -50.000000      -5.000000     -11.028857
14882        -50.000000      -3.750000     -13.193920
14883        -50.000000      -1.250000     -13.193920
14884        -50.000000      -2.500000     -15.358984
14885        -50.000000      -1.250000     -17.524047
14886        -50.000000      -6.250000      -8.863793
14887        -50.000000      -3.750000      -8.863793
14888        -50.000000      -8.749998      -8.863795
14889        -50.000000      -7.499998      -6.698731
14890        -50.000000     -11.249998      -8.863795
14891        -50.000000      -2.500000      -6.698730
14892        -50.000000      -1.250000      -8.863793
14893        -50.000000       1.250000      -8.863793
14894        -50.000000       0.000000     -11.028857
14895        -50.000000       1.250000     -13.193920
14896        -50.000000      -3.750000      -4.533666
14897        -50.000000      -1.250000      -4.533666
14898        -50.000000      -6.249999      -4.533667
14899        -50.000000      -4.999999      -2.368604
14900        -50.000000      -8.749997      -4.533668
14901        -50.000000       0.000000      -2.368603
14902        -50.000000       1.250000      -4.533666
14903        -50.000000       3.750000      -4.533666
14904        -50.000000       2.500000      -6.698730
14905        -50.000000       3.750000      -8.863793
14906        -50.000000      -1.250000      -0.203539
14907        -50.000000       1.250000      -0.203539
14908        -50.000000      -3.750000      -0.203539
14909        -50.000000      -2.500000       1.961524
14910        -50.000000      -6.249999      -0.203540
14911        -50.000000       2.500000       1.961524
14912        -50.000000       3.750000      -0.203539
14913        -50.000000       6.250000      -0.203539
14914        -50.000000       5.000000      -2.368603
14915        -50.000000       6.250000      -4.533666
14916        -50.000000       3.750000     -13.193920
14917        -50.000000       2.500000     -15.358984
14918        -50.000000       5.000000     -11.028857
14919        -50.000000       6.250000     -13.193920
14920        -50.000000       6.250000      -8.863793
14921        -50.000000       1.250000       4.126588
14922        -50.000000       3.750000       4.126588
14923        -50.000000      -3.749999       4.126587
14924        -50.000000      -1.249999       4.126587
14925        -50.000000       0.000001       6.291651
14926        -50.000000       5.000000       6.291651
14927        -50.000000       6.250000       4.126588
14928        -50.000000       8.750000       4.126588
14929        -50.000000       7.500000       1.961524
14930        -50.000000       8.750000      -0.203539
14931        -50.000000      -7.499992       1.961518
14932        -50.000000      -8.749979       4.126572
14933        -50.000000      -6.249987       4.126578
14934        -50.000000      -8.749991      -0.203546
14935        -50.000000      -4.999987       6.291641
14936        -50.000000       3.750000       8.456715
14937        -50.000000       6.250000       8.456715
14938        -50.000000       1.250000       8.456715
14939        -50.000000       2.500000      10.621778
14940        -50.000000      -1.249999       8.456714
14941        -50.000000      10.000000       6.291651
14942        -50.000000      11.250000       4.126588
14943        -50.000000       8.750000       8.456715
14944        -50.000000      11.250000       8.456715
14945        -50.000000       7.500000      10.621778
14946        -50.000000      13.750000       4.126588
14947        -50.000000      12.500000       1.961524
14948        -50.000000      13.750000      -0.203539
14949        -50.000000      11.250000      -0.203539
14950        -50.000000      10.000000      -2.368603
14951        -50.000000     -15.000000     -11.028857
14952        -50.000000     -16.249999     -13.193921
14953        -50.000000     -16.249993      -8.863798
14954        -50.000000     -13.749993      -8.863798
14955        -50.000000     -12.499992      -6.698736
14956        -50.000000      12.500000      10.621778
14957        -50.000000      13.750000       8.456715
14958        -50.000000      15.000000       6.291651
14959        -50.000000      16.250000       4.126588
14960        -50.000000      16.250000       8.456715
14961        -50.000000      11.250000      12.786842
14962        -50.000000      13.750000      12.786842
14963        -50.000000       8.750000      12.786842
14964        -50.000000      10.000000      14.951905
14965        -50.000000       6.250000      12.786842
14966        -50.000000      16.250000      -0.203539
14967        -50.000000      15.000000      -2.368603
14968        -50.000000      17.500000       1.961524
14969        -50.000000      18.750000      -0.203539
14970        -50.000000      18.750000       4.126588
14971        -50.000000      15.000000      14.951905
14972        -50.000000      16.250000      12.786842
14973        -50.000000      18.750000      12.786842
14974        -50.000000      17.500000      10.621778
14975        -50.000000      18.750000       8.456715
14976        -50.000000      13.750000      17.116969
14977        -50.000000      16.250000      17.116969
14978        -50.000000      11.250000      17.116969
14979        -50.000000      12.500000      19.282032
14980        -50.000000       8.750000      17.116969
14981        -50.000000      17.500000      19.282032
14982        -50.000000      18.750000      17.116969
14983        -50.000000      21.250000      17.116969
14984        -50.000000      20.000000      14.951905
14985        -50.000000      21.250000      12.786842
14986        -50.000000      -1.250000     -21.854174
14987        -50.000000      -2.500000     -24.019238
14988        -50.000000      -1.250000     -26.184301
14989        -50.000000      -3.750000     -26.184301
14990        -50.000000      -5.000000     -28.349365
14991        -50.000000     -23.749791     -26.184422
14992        -50.000000     -22.499791     -24.019358
14993        -50.000000     -23.749751     -21.854319
14994        -50.000000     -21.249960     -21.854198
14995        -50.000000     -19.999959     -19.689135
14996        -50.000000      11.250000      21.447096
14997        -50.000000      13.750000      21.447096
14998        -50.000000      16.249910      21.446945
14999        -50.000000      18.749910      21.446945
15000        -50.000000      14.999910      23.612009
15001        -50.000000       8.750000      21.447096
15002        -50.000000      10.000000      23.612159
15003        -50.000000       7.500000      19.282032
15004        -50.000000       6.250000      21.447096
15005        -50.000000       6.250000      17.116969
15006        -50.000000      22.500000      19.282032
15007        -50.000000      23.750000      17.116969
15008        -50.000000      21.250000      21.447096
15009        -50.000000      23.750000      21.447096
15010        -50.000000      19.999910      23.612009
15011        -50.000000      26.250000      17.116969
15012        -50.000000      25.000000      14.951905
15013        -50.000000      26.250000      12.786842
15014        -50.000000      23.750000      12.786842
15015        -50.000000      22.500000      10.621778
15016        -50.000000      25.000000      23.612159
15017        -50.000000      26.250000      21.447096
15018        -50.000000      27.466850      19.408025
15019        -50.000000      28.716850      17.242961
15020        -50.000000      28.716850      21.573088
15021        -50.000000      23.750000      25.777223
15022        -50.000000      26.250000      25.777223
15023        -50.000000      21.248169      25.776505
15024        -50.000000      22.498169      27.941568
15025        -50.000000      18.748079      25.776354
15026        -50.000000     -28.750000     -34.844555
15027        -50.000000     -27.500000     -32.679492
15028        -50.000000     -28.750000     -30.514428
15029        -50.000000     -26.250000     -30.514428
15030        -50.000000     -25.000000     -28.349365
15031        -50.000000       8.750000      25.777223
15032        -50.000000      11.250000      25.777223
15033        -50.000000      12.499462      27.941384
15034        -50.000000      13.749462      25.776320
15035        -50.000000      16.249373      25.776170
15036        -50.000000       6.250000      25.777223
15037        -50.000000       7.500000      27.942286
15038        -50.000000       5.000000      23.612159
15039        -50.000000       3.750000      25.777223
15040        -50.000000       3.750000      21.447096
15041        -50.000000      28.750000      12.786842
15042        -50.000000      27.500000      10.621778
15043        -50.000000      30.251430      15.075855
15044        -50.000000      31.501430      12.910792
15045        -50.000000      31.468279      17.366911
15046        -50.000000      27.380902      28.011047
15047        -50.000000      28.630902      25.845984
15048        -50.000000      31.233715      26.158631
15049        -50.000000      30.102813      23.924806
15050        -50.000000      31.319663      21.885735
15051        -50.000000      26.203020      30.103146
15052        -50.000000      28.583922      30.171907
15053        -50.000000      23.742170      30.106649
15054        -50.000000      24.945190      32.267509
15055        -50.000000      21.240339      30.105931
15056        -50.000000       6.249819      30.104427
15057        -50.000000       8.749819      30.104427
15058        -50.000000      11.249304      30.104487
15059        -50.000000      13.748766      30.103585
15060        -50.000000       9.999123      32.266628
15061        -50.000000       1.250000      25.777223
15062        -50.000000       2.500000      27.942286
15063        -50.000000       1.250000      30.107350
15064        -50.000000       3.750000      30.107350
15065        -50.000000       4.999819      32.269491
15066        -50.000000       0.000000      23.612159
15067        -50.000000      -1.250000      25.777223
15068        -50.000000       1.250000      21.447096
15069        -50.000000      -1.250000      21.447096
15070        -50.000000       2.500000      19.282032
15071        -50.000000      -3.750000      25.777223
15072        -50.000000      -2.500000      27.942286
15073        -50.000000      -3.731965      30.108510
15074        -50.000000      -1.231965      30.108510
15075        -50.000000       0.018035      32.273574
15076        -50.000000      -5.000000      23.612159
15077        -50.000000      -6.250000      25.777223
15078        -50.000000      -3.749999      21.447095
15079        -50.000000      -6.249999      21.447095
15080        -50.000000      -2.499999      19.282032
15081        -50.000000      -8.750000      25.777223
15082        -50.000000      -7.500000      27.942286
15083        -50.000000      -8.750000      30.107350
15084        -50.000000      -6.250000      30.107350
15085        -50.000000      -4.981965      32.273574
15086        -50.000000     -10.000000      23.612159
15087        -50.000000     -11.250000      25.777223
15088        -50.000000      -8.750000      21.447096
15089        -50.000000     -11.250000      21.447096
15090        -50.000000      -7.499999      19.282032
15091        -50.000000     -13.750000      25.777223
15092        -50.000000     -12.500000      27.942286
15093        -50.000000     -13.750000      30.107350
15094        -50.000000     -11.250000      30.107350
15095        -50.000000     -10.000000      32.272413
15096        -50.000000     -15.000000      23.612159
15097        -50.000000     -16.250000      25.777223
15098        -50.000000     -13.750000      21.447096
15099        -50.000000     -16.250000      21.447096
15100        -50.000000     -12.500000      19.282032
15101        -50.000000     -18.750000      25.777223
15102        -50.000000     -17.500000      27.942286
15103        -50.000000     -18.766685      30.083998
15104        -50.000000     -16.266685      30.083998
15105        -50.000000     -15.016685      32.249062
15106        -50.000000     -20.000000      23.612159
15107        -50.000000     -21.250000      25.777223
15108        -50.000000     -18.750000      21.447096
15109        -50.000000     -21.250000      21.447096
15110        -50.000000     -17.500000      19.282032
15111        -50.000000     -23.750000      25.777223
15112        -50.000000     -22.500000      27.942286
15113        -50.000000     -23.750000      30.107350
15114        -50.000000     -21.250000      30.107350
15115        -50.000000     -20.016685      32.249062
15116        -50.000000     -22.500000      19.282032
15117        -50.000000     -23.750000      21.447096
15118        -50.000000     -26.237543      21.456746
15119        -50.000000     -24.987543      23.621810
15120        -50.000000     -26.237543      25.786873
15121        -50.000000     -21.250000      17.116969
15122        -50.000000     -23.750000      17.116969
15123        -50.000000     -18.750000      17.116969
15124        -50.000000     -20.000000      14.951905
15125        -50.000000     -16.250000      17.116969
15126        -50.000000     -25.014958      14.955913
15127        -50.000000     -26.264958      17.120977
15128        -50.000000     -28.690217      17.178879
15129        -50.000000     -27.425260      19.339935
15130        -50.000000     -28.662803      21.514649
15131        -50.000000     -23.752493      12.787510
15132        -50.000000     -26.267451      12.791518
15133        -50.000000     -21.250000      12.786842
15134        -50.000000     -22.502493      10.622446
15135        -50.000000     -18.750000      12.786842
15136        -50.000000     -26.250000      30.107350
15137        -50.000000     -25.000000      32.272413
15138        -50.000000     -27.500000      27.942286
15139        -50.000000     -28.750000      30.107350
15140        -50.000000     -28.737543      25.786873
15141        -50.000000     -27.430613      10.575419
15142        -50.000000     -28.693078      12.743822
15143        -50.000000     -31.300074      12.755219
15144        -50.000000     -30.136912      14.971318
15145        -50.000000     -31.297214      17.190276
15146        -50.000000     -26.240928       8.449656
15147        -50.000000     -28.666556       8.401960
15148        -50.000000     -23.750981       8.456206
15149        -50.000000     -24.986924       6.282748
15150        -50.000000     -21.248488       8.455538
15151        -50.000000     -11.249989      17.116960
15152        -50.000000     -13.749989      17.116960
15153        -50.000000      -8.749995      17.116965
15154        -50.000000      -9.999984      14.951893
15155        -50.000000      -6.249995      17.116965
15156        -50.000000     -29.988436       6.283925
15157        -50.000000     -31.178120       8.409687
15158        -50.000000     -31.892655      10.293240
15159        -50.000000     -33.336489      12.520736
15160        -50.000000     -33.214535       8.175205
15161        -50.000000     -23.746309       4.123927
15162        -50.000000     -26.236256       4.117377
15163        -50.000000     -27.495530       1.958505
15164        -50.000000     -28.736145       4.117326
15165        -50.000000     -31.247709       4.125053
15166        -50.000000     -21.248488       4.125411
15167        -50.000000     -22.497821       1.960040
15168        -50.000000     -19.998236       6.290279
15169        -50.000000     -18.749748       4.126392
15170        -50.000000     -18.749748       8.456519
15171        -50.000000     -26.247076      -0.205526
15172        -50.000000     -28.746964      -0.205578
15173        -50.000000     -23.747299      -0.205378
15174        -50.000000     -24.998733      -2.369460
15175        -50.000000     -21.249478      -0.203894
15176        -50.000000     -29.998749      -2.369446
15177        -50.000000     -31.247203      -0.205414
15178        -50.000000     -33.749028      -0.204191
15179        -50.000000     -32.497243       1.959677
15180        -50.000000     -33.749534       4.126275
15181        -50.000000     -28.749046      -4.534310
15182        -50.000000     -31.249286      -4.534146
15183        -50.000000     -26.249096      -4.534277
15184        -50.000000     -27.499633      -6.698978
15185        -50.000000     -23.749319      -4.534128
15186        -50.000000      29.633867      32.299173
15187        -50.000000      30.811750      30.207074
15188        -50.000000      31.666315      28.423614
15189        -50.000000      33.138227      26.502436
15190        -50.000000      32.716261      30.550880
15191        -50.000000     -33.328975      17.413191
15192        -50.000000     -31.882281      19.620752
15193        -50.000000     -31.175260      21.504998
15194        -50.000000     -29.987543      23.621810
15195        -50.000000     -33.207021      21.727913
15196        -50.000000      28.750000       8.456715
15197        -50.000000      26.250000       8.456715
15198        -50.000000      25.000000       6.291651
15199        -50.000000      23.750000       8.456715
15200        -50.000000      21.250000       8.456715
15201        -50.000000      31.247200       8.455098
15202        -50.000000      29.997200       6.290035
15203        -50.000000      32.473252      10.493362
15204        -50.000000      33.720453       8.326682
15205        -50.000000      33.974682      12.782376
15206        -50.000000      31.246734       4.124702
15207        -50.000000      28.749533       4.126318
15208        -50.000000      27.499440       1.961201
15209        -50.000000      26.249907       4.126534
15210        -50.000000      23.749907       4.126534
15211        -50.000000      16.250000      -4.533666
15212        -50.000000      13.750000      -4.533666
15213        -50.000000      12.500000      -6.698730
15214        -50.000000      11.250000      -4.533666
15215        -50.000000       8.750000      -4.533666
15216        -50.000000      18.750000      -4.533666
15217        -50.000000      17.500000      -6.698730
15218        -50.000000      20.000000      -2.368603
15219        -50.000000      21.250000      -4.533666
15220        -50.000000      21.250000      -0.203539
15221        -50.000000      18.750000      -8.863793
15222        -50.000000      16.250000      -8.863793
15223        -50.000000      15.000000     -11.028857
15224        -50.000000      13.750000      -8.863793
15225        -50.000000      11.250000      -8.863793
15226        -50.000000      21.250000      -8.863793
15227        -50.000000      20.000000     -11.028857
15228        -50.000000      22.499830      -6.698704
15229        -50.000000      23.749830      -8.863768
15230        -50.000000      23.749830      -4.533641
15231        -50.000000      21.250000     -13.193920
15232        -50.000000      18.750000     -13.193920
15233        -50.000000      17.500000     -15.358984
15234        -50.000000      16.250000     -13.193920
15235        -50.000000      13.750000     -13.193920
15236        -50.000000      23.750000     -13.193920
15237        -50.000000      22.500000     -15.358984
15238        -50.000000      25.000000     -11.028857
15239        -50.000000      26.250000     -13.193920
15240        -50.000000      26.249830      -8.863768
15241        -50.000000      23.750000     -17.524047
15242        -50.000000      21.250000     -17.524047
15243        -50.000000      20.000000     -19.689111
15244        -50.000000      18.750000     -17.524047
15245        -50.000000      16.250000     -17.524047
15246        -50.000000      26.248211     -17.523014
15247        -50.000000      24.998211     -19.688078
15248        -50.000000      28.750000     -13.193920
15249        -50.000000      27.500000     -15.358984
15250        -50.000000      28.748211     -17.523014
15251        -50.000000      21.250000     -21.854174
15252        -50.000000      18.750000     -21.854174
15253        -50.000000      23.750000     -21.854174
15254        -50.000000      22.500000     -24.019238
15255        -50.000000      26.248211     -21.853141
15256        -50.000000      17.500000     -24.019238
15257        -50.000000      16.250000     -21.854174
15258        -50.000000      13.750000     -21.854174
15259        -50.000000      15.000000     -19.689111
15260        -50.000000      13.750000     -17.524047
15261        -50.000000      23.750000     -26.184301
15262        -50.000000      21.250000     -26.184301
15263        -50.000000      18.749963     -26.184280
15264        -50.000000      16.249963     -26.184280
15265        -50.000000      19.999963     -28.349344
15266        -50.000000      26.242090     -26.179735
15267        -50.000000      24.992090     -28.344798
15268        -50.000000      27.489263     -24.013039
15269        -50.000000      28.731353     -26.173536
15270        -50.000000      28.737474     -21.846942
15271        -50.000000      12.500000     -24.019238
15272        -50.000000      11.250000     -21.854174
15273        -50.000000      13.750000     -26.184301
15274        -50.000000      11.250000     -26.184301
15275        -50.000000      14.999963     -28.349344
15276        -50.000000      30.000000     -11.028857
15277        -50.000000      31.250000     -13.193920
15278        -50.000000      28.749073      -8.863585
15279        -50.000000      31.249073      -8.863585
15280        -50.000000      27.498903      -6.698496
15281        -50.000000      26.240772     -30.509101
15282        -50.000000      23.748682     -30.513667
15283        -50.000000      22.498462     -32.678604
15284        -50.000000      21.249780     -30.514302
15285        -50.000000      18.749744     -30.514280
15286        -50.000000      31.207736     -26.151083
15287        -50.000000      29.960563     -28.317778
15288        -50.000000      28.738647     -30.501129
15289        -50.000000      27.495239     -32.669998
15290        -50.000000      31.215029     -30.478676
15291        -50.000000      29.994614     -19.686001
15292        -50.000000      31.235667     -21.845899
15293        -50.000000      33.757882     -21.812359
15294        -50.000000      32.500741     -23.973300
15295        -50.000000      33.729951     -26.117543
15296        -50.000000      -7.500000     -32.679492
15297        -50.000000      -6.250000     -30.514428
15298        -50.000000      -6.250000     -34.844555
15299        -50.000000      -8.750000     -34.844555
15300        -50.000000     -10.000000     -37.009619
15301        -50.000000      28.745712     -34.834211
15302        -50.000000      26.247837     -34.842182
15303        -50.000000      23.748425     -34.843646
15304        -50.000000      21.249524     -34.844281
15305        -50.000000      24.998899     -37.007859
15306        -50.000000      32.512875     -32.642154
15307        -50.000000      33.766400     -34.812594
15308        -50.000000      31.246639     -34.832467
15309        -50.000000      33.734790     -30.458803
15310        -50.000000      29.999237     -37.004651
15311        -50.000000      19.999664     -37.009425
15312        -50.000000      18.749701     -34.844383
15313        -50.000000      16.249863     -34.844476
15314        -50.000000      17.499722     -32.679331
15315        -50.000000      16.249905     -30.514374
15316        -50.000000     -16.249706       4.126359
15317        -50.000000     -17.499958       1.961492
15318        -50.000000     -16.249944      -0.203582
15319        -50.000000     -18.749986      -0.203549
15320        -50.000000     -19.999465      -2.368967
15321        -50.000000     -14.999699       6.291417
15322        -50.000000     -13.749909       4.126517
15323        -50.000000     -16.249698       8.456480
15324        -50.000000     -13.749901       8.456638
15325        -50.000000     -17.499950      10.621739
15326        -50.000000     -11.109517      34.416371
15327        -50.000000      -8.609517      34.416371
15328        -50.000000     -16.229543      34.482585
15329        -50.000000     -13.712858      34.505937
15330        -50.000000     -12.322375      36.649894
15331        -50.000000      23.705904      34.420295
15332        -50.000000      26.166754      34.416792
15333        -50.000000      28.540236      34.339290
15334        -50.000000      30.768064      34.374457
15335        -50.000000      27.300951      36.492076
15336        -50.000000      21.234821      34.422154
15337        -50.000000      22.456385      36.571437
15338        -50.000000      19.989640      32.269159
15339        -50.000000      18.740121      34.420301
15340        -50.000000      18.745639      30.104078
15341        -50.000000       3.749905      34.422786
15342        -50.000000       6.249724      34.419863
15343        -50.000000       1.358209      34.514991
15344        -50.000000       2.608113      36.665363
15345        -50.000000      -1.123757      34.516151
15346        -50.000000     -26.250000      34.437477
15347        -50.000000     -23.750000      34.437477
15348        -50.000000     -22.600109      36.532984
15349        -50.000000     -21.350109      34.367920
15350        -50.000000     -18.866794      34.344569
15351        -50.000000     -28.748791      34.437339
15352        -50.000000     -27.498791      36.602403
15353        -50.000000     -31.250000      30.107350
15354        -50.000000     -30.000000      32.272413
15355        -50.000000     -31.248791      34.437339
15356        -50.000000      34.980320      25.702707
15357        -50.000000      37.252428      24.789639
15358        -50.000000      34.977735      23.324384
15359        -50.000000      35.412920      27.967691
15360        -50.000000      33.360937      22.020030
15361        -50.000000      31.974973      19.668312
15362        -50.000000      35.633045      21.106961
15363        -50.000000     -32.489810      -6.693277
15364        -50.000000     -33.739513      -4.528412
15365        -50.000000     -34.999452      -2.368971
15366        -50.000000     -36.249492      -0.203880
15367        -50.000000     -36.239977      -4.528101
15368        -50.000000     -26.249780      -8.863942
15369        -50.000000     -28.749730      -8.863975
15370        -50.000000     -29.999894     -11.028928
15371        -50.000000     -31.249747      -8.863964
15372        -50.000000     -33.739974      -8.858230
15373        -50.000000      34.229577      32.376029
15374        -50.000000      32.761758      34.029899
15375        -50.000000      35.129640      34.071588
15376        -50.000000      35.084142      30.592569
15377        -50.000000      31.668127      36.070016
15378        -50.000000      33.743856       4.123041
15379        -50.000000      32.496189       1.959324
15380        -50.000000      36.198822       8.344110
15381        -50.000000      34.972770       6.305846
15382        -50.000000      36.222226       4.140468
15383        -50.000000     -23.749804      -8.863925
15384        -50.000000     -24.999902     -11.028923
15385        -50.000000     -22.499808      -6.698859
15386        -50.000000     -21.249931      -8.863840
15387        -50.000000     -21.249446      -4.534043
15388        -50.000000     -28.749921     -13.193974
15389        -50.000000     -31.249937     -13.193963
15390        -50.000000     -26.249918     -13.193976
15391        -50.000000     -27.499961     -15.359010
15392        -50.000000     -23.749942     -13.193959
15393        -50.000000     -32.499972     -15.359003
15394        -50.000000     -33.749945     -13.193958
15395        -50.000000     -36.190905     -13.159826
15396        -50.000000     -34.940870     -10.994786
15397        -50.000000     -36.180934      -8.824098
15398        -50.000000     -31.249978     -17.524062
15399        -50.000000     -33.749985     -17.524058
15400        -50.000000     -28.749979     -17.524062
15401        -50.000000     -29.999992     -19.689117
15402        -50.000000     -26.249975     -17.524064
15403        -50.000000      33.746021      -0.205837
15404        -50.000000      31.248898      -0.204175
15405        -50.000000      29.999271      -2.369024
15406        -50.000000      28.749440      -0.203863
15407        -50.000000      26.249813      -0.203647
15408        -50.000000       8.750000     -21.854174
15409        -50.000000      10.000000     -19.689111
15410        -50.000000      11.250000     -17.524047
15411        -50.000000      12.500000     -15.358984
15412        -50.000000       8.750000     -17.524047
15413        -50.000000      10.000000     -28.349365
15414        -50.000000       8.750000     -26.184301
15415        -50.000000       6.250000     -26.184301
15416        -50.000000       7.500000     -24.019238
15417        -50.000000       6.250000     -21.854174
15418        -50.000000       3.750000      17.116969
15419        -50.000000       1.250000      17.116969
15420        -50.000000      -1.249999      17.116968
15421        -50.000000      -3.749998      17.116967
15422        -50.000000       0.000001      14.951904
15423        -50.000000      21.242651      38.752982
15424        -50.000000      23.713734      38.751123
15425        -50.000000      25.283258      40.904398
15426        -50.000000      26.496992      38.722853
15427        -50.000000      28.870475      38.645351
15428        -50.000000     -23.890153      38.306141
15429        -50.000000     -21.490261      38.236584
15430        -50.000000     -26.255212      38.856286
15431        -50.000000     -25.145364      40.559886
15432        -50.000000     -28.754003      38.856149
15433        -50.000000      35.174451      14.451923
15434        -50.000000      36.146274      12.034494
15435        -50.000000      37.352750      10.482271
15436        -50.000000      38.605068       8.461434
15437        -50.000000      38.552519      12.151818
15438        -50.000000      36.245993      -0.205853
15439        -50.000000      34.998702      -2.369352
15440        -50.000000      37.524552       2.007028
15441        -50.000000      38.777233      -0.156488
15442        -50.000000      38.753466       4.189833
15443        -50.000000     -38.710769      -0.225490
15444        -50.000000     -37.460345       1.939290
15445        -50.000000     -38.638710       4.420487
15446        -50.000000     -36.177433       4.442097
15447        -50.000000     -34.927899       6.607473
15448        -50.000000     -34.955120     -19.715023
15449        -50.000000     -36.205114     -17.549964
15450        -50.000000     -39.054012     -17.490475
15451        -50.000000     -37.848877     -15.299510
15452        -50.000000     -39.039802     -13.100338
15453        -50.000000     -33.742515     -21.858496
15454        -50.000000     -36.197644     -21.884402
15455        -50.000000     -28.748748     -21.854898
15456        -50.000000     -31.248747     -21.854898
15457        -50.000000     -32.491272     -24.024277
15458        -50.000000     -30.000000     -37.009619
15459        -50.000000     -31.250000     -34.844555
15460        -50.000000     -28.750000     -39.174682
15461        -50.000000     -31.250000     -39.174682
15462        -50.000000     -27.500000     -41.339746
15463        -50.000000     -33.750000     -34.844555
15464        -50.000000     -32.500000     -32.679492
15465        -50.000000     -33.751598     -30.508474
15466        -50.000000     -31.251598     -30.508474
15467        -50.000000     -30.001598     -28.343410
15468        -50.000000     -18.749967      -8.863815
15469        -50.000000     -19.999963     -11.028882
15470        -50.000000     -18.749994     -13.193924
15471        -50.000000     -21.249957     -13.193949
15472        -50.000000     -22.499973     -15.359002
15473        -50.000000     -11.249943       4.126544
15474        -50.000000     -12.499950       1.961486
15475        -50.000000     -11.249984      -0.203552
15476        -50.000000     -13.749950      -0.203578
15477        -50.000000     -14.999978      -2.368619
15478        -50.000000     -35.000000     -37.009619
15479        -50.000000     -36.250000     -34.844555
15480        -50.000000     -33.744181     -39.178042
15481        -50.000000     -36.244181     -39.178042
15482        -50.000000     -38.813120     -34.834177
15483        -50.000000     -37.563120     -32.669113
15484        -50.000000     -38.831434     -30.463282
15485        -50.000000     -36.268314     -30.473661
15486        -50.000000     -35.019912     -28.302643
15487        -50.000000     -40.000000     -37.009619
15488        -50.000000     -38.733885     -39.183986
15489        -50.000000     -41.233885     -39.183986
15490        -50.000000     -37.478066     -41.352409
15491        -50.000000      36.244504      -4.532379
15492        -50.000000      33.744532      -4.532362
15493        -50.000000      31.248438      -4.533825
15494        -50.000000      28.748979      -4.533512
15495        -50.000000      32.494241      -6.696851
15496        -50.000000      21.249688     -39.174502
15497        -50.000000      18.749865     -39.174604
15498        -50.000000      23.749692     -39.174504
15499        -50.000000      22.499892     -41.339684
15500        -50.000000      26.249103     -39.173040
15501        -50.000000      33.750000     -13.193920
15502        -50.000000      32.500000     -15.358984
15503        -50.000000      33.746403     -17.521971
15504        -50.000000      31.246403     -17.521971
15505        -50.000000     -16.249950      12.786803
15506        -50.000000     -14.999989      14.951897
15507        -50.000000     -13.749939      12.786794
15508        -50.000000      11.250000     -30.514428
15509        -50.000000       8.750000     -30.514428
15510        -50.000000      13.749942     -30.514395
15511        -50.000000      12.499942     -32.679458
15512        -50.000000       7.500000     -32.679492
15513        -50.000000       6.250000     -30.514428
15514        -50.000000       3.750000     -30.514428
15515        -50.000000       5.000000     -28.349365
15516        -50.000000       3.750000     -26.184301
15517        -50.000000       8.750000     -34.844555
15518        -50.000000       6.250000     -34.844555
15519        -50.000000      11.249987     -34.844548
15520        -50.000000       9.999987     -37.009611
15521        -50.000000      13.749929     -34.844514
15522        -50.000000       5.000000     -37.009619
15523        -50.000000       3.750000     -34.844555
15524        -50.000000       1.250000     -34.844555
15525        -50.000000       2.500000     -32.679492
15526        -50.000000       1.250000     -30.514428
15527        -50.000000       2.500000     -24.019238
15528        -50.000000       1.250000     -21.854174
15529        -50.000000       3.750000     -21.854174
15530        -50.000000       1.250000     -26.184301
15531        -50.000000       5.000000     -19.689111
15532        -50.000000      10.000000     -11.028857
15533        -50.000000       8.750000      -8.863793
15534        -50.000000      11.250000     -13.193920
15535        -50.000000       8.750000     -13.193920
15536        -50.000000     -26.249791     -26.184422
15537        -50.000000     -28.748752     -26.185022
15538        -50.000000     -27.498543     -24.020079
15539        -50.000000     -31.250350     -26.179068
15540        -50.000000      34.940924     -10.994749
15541        -50.000000      36.190924     -13.159813
15542        -50.000000      33.745167      -8.862123
15543        -50.000000      36.186092      -8.828015
15544        -50.000000      39.042962     -13.084450
15545        -50.000000      37.852037     -15.283621
15546        -50.000000      39.102037     -17.448684
15547        -50.000000      36.250000     -17.524047
15548        -50.000000      34.996403     -19.687034
15549        -50.000000      16.249895     -39.174622
15550        -50.000000      14.999907     -37.009566
15551        -50.000000      13.749962     -39.174660
15552        -50.000000     -17.499961      -6.698756
15553        -50.000000     -18.749954      -4.533698
15554        -50.000000     -16.249980      -4.533681
15555        -50.000000     -32.500000      27.942286
15556        -50.000000     -33.750000      30.107350
15557        -50.000000     -31.250000      25.777223
15558        -50.000000     -33.750000      25.777223
15559        -50.000000     -36.175212      30.064171
15560        -50.000000     -34.925212      32.229234
15561        -50.000000     -36.162747      34.375343
15562        -50.000000     -33.737535      34.418522
15563        -50.000000     -32.486326      36.583448
15564        -50.000000     -37.412036      27.901159
15565        -50.000000     -38.587247      30.023043
15566        -50.000000     -36.170624      25.471189
15567        -50.000000     -38.582660      25.430062
15568        -50.000000     -34.920624      23.306126
15569        -50.000000      -9.999938       6.291603
15570        -50.000000     -12.499933      10.621726
15571        -50.000000     -11.249934       8.456664
15572        -50.000000      -8.749971       8.456692
15573        -50.000000      -7.500000     -41.339746
15574        -50.000000      -8.750000     -39.174682
15575        -50.000000      -6.250000     -39.174682
15576        -50.000000      16.245824      34.420302
15577        -50.000000      17.491004      36.573297
15578        -50.000000      16.247885      38.597153
15579        -50.000000      18.742182      38.597152
15580        -50.000000     -20.765611      40.270088
15581        -50.000000     -19.475568      38.496931
15582        -50.000000     -17.562967      36.601444
15583        -50.000000     -16.838317      38.634948
15584        -50.000000     -39.962681      -2.396819
15585        -50.000000     -38.749958      -4.533695
15586        -50.000000     -37.490019      -6.693136
15587        -50.000000      39.991266      -2.376761
15588        -50.000000      38.698322      -4.528900
15589        -50.000000      37.444153      -6.691910
15590        -50.000000     -37.497452     -23.998656
15591        -50.000000     -38.710057     -21.855183
15592        -50.000000     -40.985695     -21.984718
15593        -50.000000     -39.685887     -19.870465
15594        -50.000000     -38.690915      -8.829692
15595        -50.000000     -39.581620     -10.735530
15596        -50.000000     -41.239592     -12.875213
15597        -50.000000      39.572133     -10.730938
15598        -50.000000      41.233247     -12.854746
15599        -50.000000      38.639910      -8.824537
15600        -50.000000      14.996774      32.266997
15601        -50.000000      13.747657      34.419993
15602        -50.000000      16.246932      30.103893
15603        -50.000000      17.497631      27.940666
15604        -50.000000      11.248913      34.419942
15605        -50.000000      12.497963      36.573246
15606        -50.000000      11.249610      38.752931
15607        -50.000000      13.748353      38.752982
15608        -50.000000     -23.749939     -17.524085
15609        -50.000000     -24.999956     -19.689137
15610        -50.000000     -26.249788     -21.854297
15611        -50.000000      24.999906      -2.368657
15612        -50.000000      23.749907      -0.203593
15613        -50.000000      26.249736      -4.533695
15614        -50.000000      21.250000       4.126588
15615        -50.000000      22.499907       1.961470
15616        -50.000000      20.000000       6.291651
15617        -50.000000       6.250000     -39.174682
15618        -50.000000       3.750000     -39.174682
15619        -50.000000      11.249985     -39.174674
15620        -50.000000       8.749998     -39.174681
15621        -50.000000       0.000000     -37.009619
15622        -50.000000      -1.250000     -34.844555
15623        -50.000000       1.250000     -39.174682
15624        -50.000000      -1.250000     -39.174682
15625        -50.000000       2.500000     -41.339746
15626        -50.000000      -3.750000     -34.844555
15627        -50.000000      -2.500000     -32.679492
15628        -50.000000      -3.750000     -30.514428
15629        -50.000000      -1.250000     -30.514428
15630        -50.000000       0.000000     -28.349365
15631        -50.000000      -3.750000     -39.174682
15632        -50.000000      -5.000000     -37.009619
15633        -50.000000     -36.260834     -26.147853
15634        -50.000000     -38.773247     -26.118634
15635        -50.000000     -33.744118     -26.182665
15636        -50.000000     -41.304247     -25.945759
15637        -50.000000     -43.939953     -25.524720
15638        -50.000000     -42.645571     -23.548398
15639        -50.000000     -40.067629     -28.094956
15640        -50.000000     -38.375144      34.174094
15641        -50.000000     -37.187468      36.363381
15642        -50.000000     -39.476482      31.970160
15643        -50.000000     -40.501203      33.958199
15644        -50.000000     -40.713306      29.807148
15645        -50.000000     -38.393192      38.723000
15646        -50.000000     -36.180795      38.924248
15647        -50.000000     -33.734141      38.607107
15648        -50.000000     -31.245397      38.625924
15649        -50.000000     -40.856187      37.918750
15650        -50.000000     -39.849514      40.479617
15651        -50.000000     -41.262312      35.735323
15652        -50.000000     -42.718634      37.491940
15653        -50.000000     -39.581419      23.582757
15654        -50.000000     -40.822831      26.012726
15655        -50.000000     -42.413133      27.782373
15656        -50.000000     -37.326550      20.276731
15657        -50.000000     -39.325799      18.776685
15658        -50.000000     -39.340497      21.500046
15659        -50.000000     -35.627645      21.421880
15660        -50.000000     -35.612948      18.698518
15661        -50.000000      24.903336      43.331631
15662        -50.000000     -25.096325      42.889287
15663        -50.000000     -22.731266      42.339141
15664        -50.000000     -39.715913      43.371321
15665        -50.000000      31.329362      38.109064
15666        -50.000000      39.707919     -19.759304
15667        -50.000000      38.803920     -21.719211
15668        -50.000000      37.565398     -23.844536
15669        -50.000000      36.261478     -21.814436
15670        -50.000000      41.011839     -21.789404
15671        -50.000000     -39.576642       6.358060
15672        -50.000000     -39.347772       8.461647
15673        -50.000000     -39.307346      11.201619
15674        -50.000000     -37.315373       9.663266
15675        -50.000000     -41.568615       7.896413
15676        -50.000000     -35.602008      11.230998
15677        -50.000000     -35.642434       8.491026
15678        -50.000000      39.970171       6.583478
15679        -50.000000      43.801111       9.298429
15680        -50.000000      41.124099       8.721639
15681        -50.000000      42.436008      11.176385
15682        -50.000000     -43.947484     -39.432612
15683        -50.000000     -26.250000     -43.504809
15684        -50.000000     -17.499993     -15.358989
15685        -50.000000     -21.249954     -17.524075
15686        -50.000000     -18.749993     -17.524052
15687        -50.000000       8.749428      34.419882
15688        -50.000000       8.777777      38.363606
15689        -50.000000       7.499514      36.573176
15690        -50.000000       6.278072      38.363587
15691        -50.000000      40.448895      12.847922
15692        -50.000000      39.164002      16.363344
15693        -50.000000      39.264478      18.815220
15694        -50.000000      39.242418      14.400145
15695        -50.000000      37.267626      15.667240
15696        -50.000000      37.219526      20.020878
15697        -50.000000      39.294795      21.205658
15698        -50.000000      41.361427      22.500236
15699        -50.000000      43.530894      23.750309
15700        -50.000000      39.316476      23.705894
15701        -50.000000      35.096034      16.415122
15702        -50.000000      33.509554      17.501206
15703        -50.000000      35.602728      18.716523
15704        -50.000000      -9.999991      -2.368610
15705        -50.000000     -13.749985      -4.533677
15706        -50.000000     -11.249990      -4.533674
15707        -50.000000     -11.231963      43.491482
15708        -50.000000     -12.459621      41.404685
15709        -50.000000      -8.763679      43.514181
15710        -50.000000     -12.462858      39.039603
15711        -50.000000     -14.922479      39.104542
15712        -50.000000      -7.882672      41.325167
15713        -50.000000      -7.742188      38.935458
15714        -50.000000      -9.859517      38.950037
15715        -50.000000      41.390831      37.488473
15716        -50.000000      39.185537      41.231200
15717        -50.000000      39.432834      43.947100
15718        -50.000000      39.276342      38.809752
15719        -50.000000      37.100424      40.078553
15720        -50.000000      39.305718      36.335826
15721        -50.000000      35.087760      38.730330
15722        -50.000000      35.426525      36.691282
15723        -50.000000      33.323056      37.764506
15724        -50.000000      39.008833      33.716132
15725        -50.000000      36.894344      35.037412
15726        -50.000000       1.499532      38.889380
15727        -50.000000       3.891229      38.797175
15728        -50.000000      -0.503822      39.292084
15729        -50.000000       0.779293      41.423895
15730        -50.000000      -3.536380      34.507457
15731        -50.000000      -2.196206      36.748874
15732        -50.000000      -2.916445      39.283389
15733        -50.000000      23.749948     -43.504779
15734        -50.000000      28.747947     -39.172892
15735        -50.000000      27.498740     -41.339538
15736        -50.000000      26.249939     -43.504774
15737        -50.000000      12.499973     -41.339730
15738        -50.000000      37.474858     -41.351177
15739        -50.000000      41.231200     -39.185537
15740        -50.000000      43.947100     -39.432834
15741        -50.000000      38.728066     -39.168839
15742        -50.000000      39.996867     -36.992921
15743        -50.000000      36.240525     -39.158561
15744        -50.000000      38.822069     -34.776847
15745        -50.000000      36.263185     -34.799252
15746        -50.000000      37.591520     -32.599876
15747        -50.000000      34.996948     -36.989565
15748        -50.000000      33.743740     -39.171903
15749        -50.000000      38.901942     -30.395626
15750        -50.000000      40.158835     -28.043983
15751        -50.000000      36.343058     -30.418031
15752        -50.000000      38.880661     -25.981545
15753        -50.000000      41.386015     -25.811748
15754        -50.000000      42.703558     -23.407012
15755        -50.000000      43.981733     -25.469450
15756        -50.000000      36.338218     -26.076771
15757        -50.000000      35.045213     -28.254553
15758        -50.000000      31.248874     -39.171148
15759        -50.000000      38.997044      31.210071
15760        -50.000000      43.531231      26.250438
15761        -50.000000      41.389869      27.501448
15762        -50.000000      39.319061      26.084216
15763        -50.000000      39.325821      28.585193
15764        -50.000000      36.926236      29.792840
15765        -50.000000     -11.249972      12.786820
15766        -50.000000      -8.749979      12.786825
15767        -50.000000      -6.249992      12.786835
15768        -50.000000      -7.499980      10.621763
15769        -50.000000      -6.249984       8.456702
15770        -50.000000     -41.340861      17.498068
15771        -50.000000     -39.308462      13.699687
15772        -50.000000     -39.326915      16.274753
15773        -50.000000     -37.293400      14.978304
15774        -50.000000     -35.027880      16.268042
15775        -50.000000     -35.009427      13.692976
15776        -50.000000       3.750000      12.786842
15777        -50.000000       5.000000      14.951905
15778        -50.000000       1.250000      12.786842
15779        -50.000000      -2.499996      10.621776
15780        -50.000000      -3.749995      12.786838
15781        -50.000000      -1.249999      12.786841
15782        -50.000000      -3.749996       8.456712
15783        -50.000000      -4.999994      14.951901
15784        -50.000000       0.000000     -19.689111
15785        -50.000000       1.250000     -17.524047
15786        -50.000000       3.750000     -17.524047
15787        -50.000000       7.500000     -15.358984
15788        -50.000000       6.250000     -17.524047
15789        -50.000000       7.500000      -6.698730
15790        -50.000000      -6.054415      34.506296
15791        -50.000000      -7.163931      36.650254
15792        -50.000000      -5.187086      39.025383
